sep=;
timestamp;hostname;cpu_percent;mem_percent;mem_used_gb;disk_percent;rx_kbps;tx_kbps
2026-08-11 07:28:51;DESKTOP-22AN8KV;0,0;88,1;10,32;90,5;0,0;0,0
2026-08-11 07:29:02;DESKTOP-22AN8KV;25,6;90,1;10,55;90,5;105,0;42,0
2026-08-11 07:29:14;DESKTOP-22AN8KV;49,3;90,5;10,61;90,5;221,0;41,0
2026-08-11 07:29:25;DESKTOP-22AN8KV;38,7;89,9;10,53;90,5;72,0;10,0
2026-08-11 07:29:37;DESKTOP-22AN8KV;42,2;88,5;10,36;90,5;793,0;80,0
2026-08-11 07:29:48;DESKTOP-22AN8KV;47,5;86,8;10,17;90,5;422,0;62,0
2026-08-11 07:30:00;DESKTOP-22AN8KV;50,6;87,4;10,24;90,5;596,0;81,0
2026-08-11 07:30:11;DESKTOP-22AN8KV;48,5;87,7;10,27;90,5;124,0;73,0
2026-08-11 07:30:23;DESKTOP-22AN8KV;37,3;86,2;10,1;90,5;320,0;69,0
2026-08-11 07:30:35;DESKTOP-22AN8KV;30,1;86,1;10,09;90,5;13724,0;157,0
2026-08-11 07:30:46;DESKTOP-22AN8KV;31,1;86,0;10,07;90,5;233,0;248,0
2026-08-11 07:30:58;DESKTOP-22AN8KV;32,9;86,6;10,14;90,5;258,0;82,0
2026-08-11 07:31:09;DESKTOP-22AN8KV;27,3;85,6;10,03;90,5;62,0;16,0
2026-08-11 07:31:21;DESKTOP-22AN8KV;26,7;85,1;9,97;90,5;62,0;20,0
2026-08-11 07:31:32;DESKTOP-22AN8KV;34,7;87,4;10,24;90,5;1194,0;170,0
2026-08-11 07:31:44;DESKTOP-22AN8KV;37,8;87,5;10,25;90,5;5324,0;78,0
2026-08-11 07:31:55;DESKTOP-22AN8KV;44,7;92,9;10,88;90,5;4741,0;162,0
2026-08-11 07:32:07;DESKTOP-22AN8KV;43,9;93,6;10,97;90,5;692,0;217,0
2026-08-11 07:32:18;DESKTOP-22AN8KV;45,9;95,1;11,14;90,5;1034,0;99,0
2026-08-11 07:32:30;DESKTOP-22AN8KV;40,0;95,9;11,23;90,4;547,0;87,0
2026-08-11 07:32:41;DESKTOP-22AN8KV;26,0;92,2;10,81;90,4;1193,0;78,0
2026-08-11 07:32:53;DESKTOP-22AN8KV;19,7;92,1;10,78;90,4;557,0;23,0
2026-08-11 07:33:05;DESKTOP-22AN8KV;18,7;91,7;10,74;90,4;343,0;28,0
2026-08-11 07:33:16;DESKTOP-22AN8KV;24,0;91,5;10,72;90,4;57,0;11,0
2026-08-11 07:33:28;DESKTOP-22AN8KV;31,6;97,0;11,36;90,8;114,0;31,0
2026-08-11 07:33:39;DESKTOP-22AN8KV;28,1;98,4;11,53;90,8;88,0;14,0
2026-08-11 07:33:51;DESKTOP-22AN8KV;24,6;94,5;11,07;91,1;35,0;2,0
2026-08-11 07:34:02;DESKTOP-22AN8KV;31,7;93,4;10,95;91,2;79,0;14,0
2026-08-11 07:34:14;DESKTOP-22AN8KV;28,1;91,0;10,67;90,8;81,0;28,0
2026-08-11 07:34:25;DESKTOP-22AN8KV;21,0;90,8;10,63;90,8;69,0;20,0
2026-08-11 07:34:37;DESKTOP-22AN8KV;32,5;90,5;10,6;90,8;83,0;35,0
2026-08-11 07:34:48;DESKTOP-22AN8KV;26,9;90,3;10,58;90,8;240,0;17,0
2026-08-11 07:35:00;DESKTOP-22AN8KV;26,2;90,9;10,64;90,8;468,0;32,0
2026-08-11 07:35:12;DESKTOP-22AN8KV;26,9;90,8;10,64;90,8;29,0;10,0
2026-08-11 07:35:23;DESKTOP-22AN8KV;21,3;90,3;10,58;90,8;44,0;3,0
2026-08-11 07:35:35;DESKTOP-22AN8KV;24,1;91,8;10,75;90,8;209,0;46,0
2026-08-11 07:35:46;DESKTOP-22AN8KV;20,3;91,7;10,74;90,8;73,0;21,0
2026-08-11 07:35:58;DESKTOP-22AN8KV;22,4;90,8;10,63;90,8;67,0;23,0
2026-08-11 07:36:09;DESKTOP-22AN8KV;21,0;91,3;10,69;90,8;42,0;117,0
2026-08-11 07:36:21;DESKTOP-22AN8KV;21,3;92,7;10,86;90,8;49,0;15,0
2026-08-11 07:36:32;DESKTOP-22AN8KV;24,2;91,1;10,67;90,8;58,0;125,0
2026-08-11 07:36:44;DESKTOP-22AN8KV;23,3;91,9;10,77;90,8;48,0;36,0
2026-08-11 07:36:55;DESKTOP-22AN8KV;27,6;93,1;10,91;90,8;123,0;36,0
2026-08-11 07:37:07;DESKTOP-22AN8KV;22,5;94,5;11,08;90,6;44,0;40,0
2026-08-11 07:37:19;DESKTOP-22AN8KV;19,4;91,2;10,69;90,6;52,0;32,0
2026-08-11 07:37:30;DESKTOP-22AN8KV;16,2;90,9;10,65;90,6;38,0;6,0
2026-08-11 07:37:42;DESKTOP-22AN8KV;13,2;90,5;10,61;90,6;38,0;21,0
2026-08-11 07:37:53;DESKTOP-22AN8KV;26,6;91,1;10,67;90,6;179,0;39,0
2026-08-11 07:38:05;DESKTOP-22AN8KV;22,4;91,0;10,66;90,6;298,0;15,0
2026-08-11 07:38:16;DESKTOP-22AN8KV;22,3;90,6;10,61;90,6;45,0;11,0
2026-08-11 07:38:28;DESKTOP-22AN8KV;25,6;89,9;10,53;90,6;47,0;11,0
2026-08-11 07:38:39;DESKTOP-22AN8KV;20,1;90,0;10,54;90,6;37,0;8,0
2026-08-11 07:38:51;DESKTOP-22AN8KV;17,8;89,9;10,54;90,6;61,0;21,0
2026-08-11 07:39:02;DESKTOP-22AN8KV;14,4;89,3;10,46;90,6;418,0;10,0
2026-08-11 07:39:14;DESKTOP-22AN8KV;11,5;89,1;10,44;90,6;32,0;15,0
2026-08-11 07:39:26;DESKTOP-22AN8KV;12,3;89,3;10,47;90,6;33,0;5,0
2026-08-11 07:39:37;DESKTOP-22AN8KV;24,9;90,4;10,59;90,7;565,0;42,0
2026-08-11 07:39:49;DESKTOP-22AN8KV;14,4;89,5;10,49;90,7;280,0;30,0
2026-08-11 07:40:00;DESKTOP-22AN8KV;20,7;91,8;10,76;90,7;59,0;42,0
2026-08-11 07:40:12;DESKTOP-22AN8KV;21,4;91,0;10,66;90,7;44,0;38,0
2026-08-11 07:40:23;DESKTOP-22AN8KV;13,8;90,6;10,61;90,7;63,0;17,0
2026-08-11 07:40:35;DESKTOP-22AN8KV;15,7;89,8;10,52;90,7;480,0;21,0
2026-08-11 07:40:46;DESKTOP-22AN8KV;11,5;89,6;10,49;90,7;26,0;5,0
2026-08-11 07:40:58;DESKTOP-22AN8KV;14,3;89,3;10,46;90,7;80,0;30,0
2026-08-11 07:41:09;DESKTOP-22AN8KV;22,2;82,9;9,71;90,7;66,0;18,0
2026-08-11 07:41:21;DESKTOP-22AN8KV;15,0;82,1;9,61;90,7;36,0;17,0
2026-08-11 07:41:32;DESKTOP-22AN8KV;20,0;83,8;9,81;90,7;164,0;10035,0
2026-08-11 07:41:44;DESKTOP-22AN8KV;15,6;83,3;9,76;90,7;33,0;49,0
2026-08-11 07:41:55;DESKTOP-22AN8KV;16,7;82,9;9,71;90,7;202,0;27,0
2026-08-11 07:42:07;DESKTOP-22AN8KV;21,5;84,2;9,86;90,7;100,0;58,0
2026-08-11 07:42:19;DESKTOP-22AN8KV;21,2;83,7;9,8;90,7;81,0;36,0
2026-08-11 07:42:30;DESKTOP-22AN8KV;21,7;83,5;9,78;90,7;57,0;25,0
2026-08-11 07:42:42;DESKTOP-22AN8KV;29,3;83,8;9,81;90,7;35,0;52,0
2026-08-11 07:42:53;DESKTOP-22AN8KV;23,7;85,2;9,99;90,7;234,0;10253,0
2026-08-11 07:43:05;DESKTOP-22AN8KV;28,9;85,8;10,06;90,7;524,0;56,0
2026-08-11 07:43:16;DESKTOP-22AN8KV;23,4;85,3;9,99;90,7;141,0;10085,0
2026-08-11 07:43:28;DESKTOP-22AN8KV;27,5;85,1;9,97;90,7;81,0;31,0
2026-08-11 07:43:39;DESKTOP-22AN8KV;24,5;85,8;10,05;90,7;66,0;58,0
2026-08-11 07:43:51;DESKTOP-22AN8KV;22,1;85,3;9,99;90,7;113,0;108,0
2026-08-11 07:44:02;DESKTOP-22AN8KV;14,6;84,9;9,94;90,7;493,0;11,0
2026-08-11 07:44:14;DESKTOP-22AN8KV;20,2;84,7;9,92;90,7;40,0;8,0
2026-08-11 07:44:25;DESKTOP-22AN8KV;16,2;84,6;9,91;90,7;71,0;13,0
2026-08-11 07:44:37;DESKTOP-22AN8KV;23,3;86,2;10,1;90,7;148,0;10211,0
2026-08-11 07:44:48;DESKTOP-22AN8KV;27,0;86,1;10,09;90,7;54,0;104,0
2026-08-11 07:45:00;DESKTOP-22AN8KV;26,8;86,5;10,13;90,7;131,0;9996,0
2026-08-11 07:45:12;DESKTOP-22AN8KV;25,7;86,7;10,16;90,7;48,0;62,0
2026-08-11 07:45:23;DESKTOP-22AN8KV;31,9;87,4;10,24;90,7;43,0;8,0
2026-08-11 07:45:35;DESKTOP-22AN8KV;25,3;87,1;10,21;90,7;50,0;21,0
2026-08-11 07:45:46;DESKTOP-22AN8KV;28,0;87,6;10,26;90,7;38,0;81,0
2026-08-11 07:45:58;DESKTOP-22AN8KV;26,5;87,5;10,25;90,7;125,0;9585,0
2026-08-11 07:46:09;DESKTOP-22AN8KV;24,4;86,0;10,08;90,7;38,0;578,0
2026-08-11 07:46:21;DESKTOP-22AN8KV;23,3;85,8;10,05;90,7;43,0;6,0
2026-08-11 07:46:32;DESKTOP-22AN8KV;20,5;85,5;10,01;90,7;29,0;5,0
2026-08-11 07:46:44;DESKTOP-22AN8KV;27,1;85,1;9,97;90,7;55,0;20,0
2026-08-11 07:46:56;DESKTOP-22AN8KV;25,0;84,7;9,93;90,7;264,0;11,0
2026-08-11 07:47:07;DESKTOP-22AN8KV;24,6;84,8;9,93;90,7;78,0;22,0
2026-08-11 07:47:19;DESKTOP-22AN8KV;22,2;85,0;9,95;90,7;251,0;3,0
2026-08-11 07:47:30;DESKTOP-22AN8KV;20,4;84,8;9,93;90,7;19,0;14,0
2026-08-11 07:47:42;DESKTOP-22AN8KV;22,5;85,0;9,96;90,7;39,0;7,0
2026-08-11 07:47:53;DESKTOP-22AN8KV;24,8;85,0;9,96;90,7;72,0;36,0
2026-08-11 07:48:05;DESKTOP-22AN8KV;25,1;86,5;10,13;90,7;88,0;24,0
2026-08-11 07:48:16;DESKTOP-22AN8KV;18,6;85,4;10,01;90,7;42,0;13,0
2026-08-11 07:48:28;DESKTOP-22AN8KV;21,1;85,2;9,98;90,7;49,0;10,0
2026-08-11 07:48:39;DESKTOP-22AN8KV;19,6;85,2;9,99;90,7;64,0;35,0
2026-08-11 07:48:51;DESKTOP-22AN8KV;28,1;86,9;10,17;90,7;56,0;39,0
2026-08-11 07:49:02;DESKTOP-22AN8KV;24,3;86,9;10,17;90,7;52,0;36,0
2026-08-11 07:49:14;DESKTOP-22AN8KV;25,1;85,5;10,01;90,7;35,0;13,0
2026-08-11 07:49:25;DESKTOP-22AN8KV;25,5;85,0;9,95;90,7;27,0;15,0
2026-08-11 07:49:37;DESKTOP-22AN8KV;24,6;84,8;9,94;90,7;48,0;5,0
2026-08-11 07:49:49;DESKTOP-22AN8KV;25,0;85,5;10,01;90,7;164,0;10027,0
2026-08-11 07:50:00;DESKTOP-22AN8KV;26,1;85,4;10,0;90,7;59,0;68,0
2026-08-11 07:50:12;DESKTOP-22AN8KV;26,2;85,0;9,96;90,7;41,0;12,0
2026-08-11 07:50:23;DESKTOP-22AN8KV;24,6;85,4;10,01;90,7;60,0;95,0
2026-08-11 07:50:35;DESKTOP-22AN8KV;26,8;87,0;10,19;90,7;157,0;10061,0
2026-08-11 07:50:46;DESKTOP-22AN8KV;25,4;85,7;10,04;90,7;46,0;84,0
2026-08-11 07:50:58;DESKTOP-22AN8KV;23,6;85,2;9,98;90,7;41,0;10,0
2026-08-11 07:51:09;DESKTOP-22AN8KV;23,5;84,0;9,84;90,7;46,0;4,0
2026-08-11 07:51:21;DESKTOP-22AN8KV;19,4;83,9;9,82;90,7;45,0;16,0
2026-08-11 07:51:32;DESKTOP-22AN8KV;21,8;83,7;9,8;90,7;99,0;6,0
2026-08-11 07:51:44;DESKTOP-22AN8KV;25,9;85,0;9,95;90,7;366,0;52,0
2026-08-11 07:51:55;DESKTOP-22AN8KV;22,9;84,9;9,94;90,7;82,0;16,0
2026-08-11 07:52:07;DESKTOP-22AN8KV;22,4;85,4;10,0;90,7;90,0;14,0
2026-08-11 07:52:19;DESKTOP-22AN8KV;21,7;85,6;10,03;90,7;104,0;28,0
2026-08-11 07:52:30;DESKTOP-22AN8KV;21,6;85,6;10,03;90,7;52,0;22,0
2026-08-11 07:52:42;DESKTOP-22AN8KV;15,5;85,8;10,05;90,7;498,0;18,0
2026-08-11 07:52:53;DESKTOP-22AN8KV;20,6;85,1;9,97;90,7;44,0;12,0
2026-08-11 07:53:05;DESKTOP-22AN8KV;21,8;85,1;9,97;90,7;30,0;5,0
2026-08-11 07:53:16;DESKTOP-22AN8KV;20,5;84,4;9,88;90,7;42,0;124,0
2026-08-11 07:53:28;DESKTOP-22AN8KV;18,7;84,4;9,88;90,7;66,0;12,0
2026-08-11 07:53:39;DESKTOP-22AN8KV;18,9;84,3;9,88;90,7;50,0;9,0
2026-08-11 07:53:51;DESKTOP-22AN8KV;18,6;84,3;9,88;90,7;51,0;17,0
2026-08-11 07:54:02;DESKTOP-22AN8KV;19,5;84,4;9,88;90,7;37,0;7,0
2026-08-11 07:54:14;DESKTOP-22AN8KV;21,6;84,4;9,89;90,7;41,0;11,0
2026-08-11 07:54:25;DESKTOP-22AN8KV;20,7;84,5;9,89;90,7;50,0;14,0
2026-08-11 07:54:37;DESKTOP-22AN8KV;20,9;84,5;9,9;90,7;274,0;10,0
2026-08-11 07:54:49;DESKTOP-22AN8KV;27,8;84,9;9,95;90,7;280,0;11,0
2026-08-11 07:55:00;DESKTOP-22AN8KV;23,2;84,8;9,94;90,7;47,0;20,0
2026-08-11 07:55:12;DESKTOP-22AN8KV;21,4;84,7;9,93;90,7;59,0;21,0
2026-08-11 07:55:23;DESKTOP-22AN8KV;23,6;84,9;9,95;90,7;74,0;18,0
2026-08-11 07:55:35;DESKTOP-22AN8KV;20,4;84,6;9,91;90,7;41,0;16,0
2026-08-11 07:55:46;DESKTOP-22AN8KV;20,7;84,5;9,89;90,7;408,0;14,0
2026-08-11 07:55:58;DESKTOP-22AN8KV;21,2;84,4;9,88;90,7;132,0;13,0
2026-08-11 07:56:09;DESKTOP-22AN8KV;22,1;83,9;9,83;90,7;42,0;9,0
2026-08-11 07:56:21;DESKTOP-22AN8KV;22,9;82,6;9,67;90,7;74,0;131,0
2026-08-11 07:56:32;DESKTOP-22AN8KV;21,0;82,7;9,69;90,7;63,0;16,0
2026-08-11 07:56:44;DESKTOP-22AN8KV;22,5;82,7;9,68;90,7;568,0;16,0
2026-08-11 07:56:55;DESKTOP-22AN8KV;23,7;82,7;9,69;90,7;243,0;10,0
2026-08-11 07:57:07;DESKTOP-22AN8KV;21,0;82,7;9,69;90,7;62,0;18,0
2026-08-11 07:57:19;DESKTOP-22AN8KV;16,0;82,8;9,7;90,7;66,0;10,0
2026-08-11 07:57:30;DESKTOP-22AN8KV;24,8;83,3;9,75;90,7;99,0;61,0
2026-08-11 07:57:42;DESKTOP-22AN8KV;22,8;82,6;9,68;90,7;462,0;16,0
2026-08-11 07:57:53;DESKTOP-22AN8KV;26,2;83,1;9,74;90,7;94,0;38,0
2026-08-11 07:58:05;DESKTOP-22AN8KV;21,8;83,0;9,72;90,7;326,0;62,0
2026-08-11 07:58:16;DESKTOP-22AN8KV;22,7;82,8;9,7;90,7;49,0;9,0
2026-08-11 07:58:28;DESKTOP-22AN8KV;23,7;82,8;9,7;90,7;42,0;31,0
2026-08-11 07:58:39;DESKTOP-22AN8KV;23,8;83,3;9,75;90,7;114,0;10014,0
2026-08-11 07:58:51;DESKTOP-22AN8KV;23,3;82,8;9,7;90,7;48,0;60,0
2026-08-11 07:59:03;DESKTOP-22AN8KV;27,1;82,8;9,7;90,7;37,0;12,0
2026-08-11 07:59:14;DESKTOP-22AN8KV;40,8;84,0;9,84;90,7;33,0;29,0
2026-08-11 07:59:26;DESKTOP-22AN8KV;37,4;83,5;9,78;90,7;86,0;16,0
2026-08-11 07:59:37;DESKTOP-22AN8KV;38,3;83,5;9,78;90,7;80,0;23,0
2026-08-11 07:59:49;DESKTOP-22AN8KV;36,3;84,3;9,87;90,7;155,0;10052,0
2026-08-11 08:00:00;DESKTOP-22AN8KV;37,0;85,1;9,97;90,7;153,0;10749,0
2026-08-11 08:00:12;DESKTOP-22AN8KV;38,1;85,8;10,06;90,7;79,0;72,0
2026-08-11 08:00:23;DESKTOP-22AN8KV;38,5;85,4;10,0;90,7;39,0;130,0
2026-08-11 08:00:35;DESKTOP-22AN8KV;38,4;85,1;9,97;90,7;33,0;18,0
2026-08-11 08:00:46;DESKTOP-22AN8KV;35,6;84,3;9,88;90,7;52,0;14,0
2026-08-11 08:00:58;DESKTOP-22AN8KV;36,0;84,6;9,91;90,7;283,0;10453,0
2026-08-11 08:01:09;DESKTOP-22AN8KV;40,2;85,5;10,02;90,7;193,0;10698,0
2026-08-11 08:01:21;DESKTOP-22AN8KV;46,5;83,5;9,78;90,7;37,0;83,0
2026-08-11 08:01:33;DESKTOP-22AN8KV;42,2;83,4;9,78;90,7;48,0;8,0
2026-08-11 08:01:44;DESKTOP-22AN8KV;41,4;83,5;9,79;90,7;96,0;133,0
2026-08-11 08:01:56;DESKTOP-22AN8KV;42,9;83,8;9,82;90,7;263,0;88,0
2026-08-11 08:02:07;DESKTOP-22AN8KV;44,0;84,2;9,86;90,7;107,0;10035,0
2026-08-11 08:02:19;DESKTOP-22AN8KV;43,1;83,7;9,8;90,7;100,0;7056,0
2026-08-11 08:02:30;DESKTOP-22AN8KV;39,3;83,0;9,72;90,7;91,0;13632,0
2026-08-11 08:02:42;DESKTOP-22AN8KV;41,3;83,4;9,76;90,7;72,0;10228,0
2026-08-11 08:02:53;DESKTOP-22AN8KV;41,0;83,3;9,76;90,7;598,0;10179,0
2026-08-11 08:03:05;DESKTOP-22AN8KV;39,1;83,4;9,77;90,7;123,0;10122,0
2026-08-11 08:03:16;DESKTOP-22AN8KV;40,2;83,7;9,81;90,7;155,0;10089,0
2026-08-11 08:03:28;DESKTOP-22AN8KV;41,7;84,6;9,91;90,7;91,0;88,0
2026-08-11 08:03:39;DESKTOP-22AN8KV;36,0;84,8;9,93;90,7;57,0;26,0
2026-08-11 08:03:51;DESKTOP-22AN8KV;38,8;84,5;9,9;90,7;196,0;10065,0
2026-08-11 08:04:02;DESKTOP-22AN8KV;37,9;84,4;9,88;90,7;47,0;92,0
2026-08-11 08:04:14;DESKTOP-22AN8KV;36,3;84,7;9,92;90,7;153,0;10108,0
2026-08-11 08:04:26;DESKTOP-22AN8KV;40,8;85,8;10,05;90,7;250,0;81,0
2026-08-11 08:04:48;DESKTOP-22AN8KV;0,0;84,6;9,91;90,7;0,0;0,0
2026-08-11 08:05:00;DESKTOP-22AN8KV;40,2;84,8;9,94;90,7;211,0;15251,0
2026-08-11 08:05:11;DESKTOP-22AN8KV;46,2;83,8;9,82;90,7;52,0;71,0
2026-08-11 08:05:23;DESKTOP-22AN8KV;43,9;83,9;9,83;90,7;33,0;58,0
2026-08-11 08:05:34;DESKTOP-22AN8KV;48,1;84,0;9,85;90,7;139,0;10136,0
2026-08-11 08:05:46;DESKTOP-22AN8KV;49,6;84,2;9,86;90,7;32,0;43,0
2026-08-11 08:05:57;DESKTOP-22AN8KV;43,3;84,1;9,85;90,7;54,0;187,0
2026-08-11 08:06:09;DESKTOP-22AN8KV;46,8;84,4;9,89;90,7;157,0;10159,0
2026-08-11 08:06:21;DESKTOP-22AN8KV;48,9;82,9;9,71;90,7;40,0;73,0
2026-08-11 08:06:32;DESKTOP-22AN8KV;46,3;82,9;9,72;90,7;40,0;23,0
2026-08-11 08:06:44;DESKTOP-22AN8KV;44,9;82,9;9,71;90,7;32,0;3,0
2026-08-11 08:06:55;DESKTOP-22AN8KV;48,3;83,0;9,72;90,7;31,0;13,0
2026-08-11 08:07:07;DESKTOP-22AN8KV;46,1;83,1;9,73;90,7;44,0;19,0
2026-08-11 08:07:18;DESKTOP-22AN8KV;41,9;82,6;9,68;90,7;39,0;3,0
2026-08-11 08:07:30;DESKTOP-22AN8KV;43,2;82,8;9,69;90,7;42,0;22,0
2026-08-11 08:07:41;DESKTOP-22AN8KV;42,1;82,5;9,67;90,7;42,0;4,0
2026-08-11 08:07:53;DESKTOP-22AN8KV;45,4;82,3;9,64;90,7;35,0;6,0
2026-08-11 08:08:04;DESKTOP-22AN8KV;44,4;82,3;9,65;90,7;31,0;17,0
2026-08-11 08:08:16;DESKTOP-22AN8KV;39,0;83,2;9,75;90,7;45,0;32,0
2026-08-11 08:08:27;DESKTOP-22AN8KV;33,5;83,2;9,74;90,7;31,0;5,0
2026-08-11 08:08:39;DESKTOP-22AN8KV;32,5;83,0;9,73;90,7;46,0;30,0
2026-08-11 08:08:51;DESKTOP-22AN8KV;31,8;83,3;9,76;90,7;114,0;7,0
2026-08-11 08:09:02;DESKTOP-22AN8KV;37,2;84,0;9,84;90,7;181,0;10083,0
2026-08-11 08:09:14;DESKTOP-22AN8KV;47,3;83,9;9,83;90,7;53,0;51,0
2026-08-11 08:09:25;DESKTOP-22AN8KV;43,7;84,6;9,91;90,7;37,0;31,0
2026-08-11 08:09:37;DESKTOP-22AN8KV;48,3;85,2;9,98;90,7;29,0;34,0
2026-08-11 08:09:48;DESKTOP-22AN8KV;41,6;85,6;10,03;90,7;82,0;86,0
2026-08-11 08:10:00;DESKTOP-22AN8KV;47,2;85,8;10,05;90,7;98,0;5229,0
2026-08-11 08:10:11;DESKTOP-22AN8KV;36,3;85,2;9,98;90,7;107,0;4975,0
2026-08-11 08:10:23;DESKTOP-22AN8KV;37,6;85,8;10,05;90,7;51,0;123,0
2026-08-11 08:10:34;DESKTOP-22AN8KV;35,4;87,1;10,21;90,7;152,0;2006,0
2026-08-11 08:10:46;DESKTOP-22AN8KV;47,9;87,1;10,21;90,7;147,0;8308,0
2026-08-11 08:10:57;DESKTOP-22AN8KV;41,6;87,4;10,23;90,7;55,0;56,0
2026-08-11 08:11:09;DESKTOP-22AN8KV;38,6;86,8;10,16;90,7;27,0;6,0
2026-08-11 08:11:20;DESKTOP-22AN8KV;38,6;85,3;9,99;90,7;46,0;13,0
2026-08-11 08:11:32;DESKTOP-22AN8KV;35,2;85,7;10,04;90,7;54,0;12,0
2026-08-11 08:11:44;DESKTOP-22AN8KV;30,5;85,0;9,96;90,7;215,0;10125,0
2026-08-11 08:11:55;DESKTOP-22AN8KV;34,6;85,0;9,96;90,7;94,0;86,0
2026-08-11 08:12:07;DESKTOP-22AN8KV;34,5;85,5;10,02;90,7;181,0;10122,0
2026-08-11 08:12:18;DESKTOP-22AN8KV;27,8;85,1;9,97;90,7;39,0;53,0
2026-08-11 08:12:30;DESKTOP-22AN8KV;32,0;86,1;10,09;90,7;53,0;1663,0
2026-08-11 08:12:41;DESKTOP-22AN8KV;35,5;86,3;10,11;90,7;164,0;8737,0
2026-08-11 08:12:53;DESKTOP-22AN8KV;39,9;86,2;10,1;90,7;43,0;43,0
2026-08-11 08:13:04;DESKTOP-22AN8KV;31,1;86,3;10,11;90,7;53,0;55,0
2026-08-11 08:13:16;DESKTOP-22AN8KV;31,4;84,0;9,84;90,7;36,0;19,0
2026-08-11 08:13:27;DESKTOP-22AN8KV;35,6;84,5;9,9;90,7;68,0;21,0
2026-08-11 08:13:39;DESKTOP-22AN8KV;37,0;85,7;10,04;90,7;332,0;10114,0
2026-08-11 08:13:50;DESKTOP-22AN8KV;36,1;85,7;10,04;90,7;360,0;66,0
2026-08-11 08:14:02;DESKTOP-22AN8KV;30,4;85,4;10,01;90,7;37,0;19,0
2026-08-11 08:14:13;DESKTOP-22AN8KV;31,1;85,3;9,99;90,7;38,0;21,0
2026-08-11 08:14:25;DESKTOP-22AN8KV;31,2;84,3;9,88;90,7;46,0;44,0
2026-08-11 08:14:37;DESKTOP-22AN8KV;34,4;84,9;9,95;90,7;160,0;10471,0
2026-08-11 08:14:48;DESKTOP-22AN8KV;33,1;84,3;9,88;90,7;572,0;360,0
2026-08-11 08:15:00;DESKTOP-22AN8KV;37,7;85,6;10,03;90,7;209,0;10182,0
2026-08-11 08:15:11;DESKTOP-22AN8KV;30,7;85,7;10,04;90,7;39,0;22,0
2026-08-11 08:15:23;DESKTOP-22AN8KV;34,5;85,9;10,06;90,7;47,0;348,0
2026-08-11 08:15:34;DESKTOP-22AN8KV;30,4;86,4;10,13;90,7;161,0;10159,0
2026-08-11 08:15:46;DESKTOP-22AN8KV;30,7;85,8;10,05;90,7;384,0;210,0
2026-08-11 08:15:57;DESKTOP-22AN8KV;33,7;85,2;9,98;90,7;38,0;23,0
2026-08-11 08:16:09;DESKTOP-22AN8KV;30,1;85,3;10,0;90,7;41,0;21,0
2026-08-11 08:16:20;DESKTOP-22AN8KV;29,8;84,2;9,86;90,7;58,0;517,0
2026-08-11 08:16:32;DESKTOP-22AN8KV;31,1;83,7;9,8;90,7;174,0;10159,0
2026-08-11 08:16:43;DESKTOP-22AN8KV;29,4;83,6;9,79;90,7;45,0;51,0
2026-08-11 08:16:55;DESKTOP-22AN8KV;33,1;84,0;9,85;90,7;157,0;10138,0
2026-08-11 08:17:06;DESKTOP-22AN8KV;37,0;84,7;9,92;90,7;312,0;10584,0
2026-08-11 08:17:18;DESKTOP-22AN8KV;33,5;84,4;9,88;90,7;53,0;413,0
2026-08-11 08:17:29;DESKTOP-22AN8KV;46,4;85,6;10,02;90,7;195,0;10177,0
2026-08-11 08:17:41;DESKTOP-22AN8KV;43,2;85,8;10,05;90,7;70,0;80,0
2026-08-11 08:17:53;DESKTOP-22AN8KV;33,4;85,3;9,99;90,7;129,0;5413,0
2026-08-11 08:18:04;DESKTOP-22AN8KV;35,9;83,7;9,81;90,7;106,0;4949,0
2026-08-11 08:18:16;DESKTOP-22AN8KV;33,2;84,0;9,84;90,7;43,0;49,0
2026-08-11 08:18:27;DESKTOP-22AN8KV;31,6;84,2;9,86;90,7;38,0;40,0
2026-08-11 08:18:39;DESKTOP-22AN8KV;24,0;84,2;9,86;90,7;28,0;9,0
2026-08-11 08:18:50;DESKTOP-22AN8KV;29,5;83,8;9,82;90,7;32,0;22,0
2026-08-11 08:19:02;DESKTOP-22AN8KV;24,5;84,1;9,86;90,7;39,0;30,0
2026-08-11 08:19:13;DESKTOP-22AN8KV;28,4;83,8;9,82;90,7;43,0;25,0
2026-08-11 08:19:25;DESKTOP-22AN8KV;26,2;84,1;9,86;90,7;45,0;34,0
2026-08-11 08:19:36;DESKTOP-22AN8KV;26,4;84,4;9,89;90,7;162,0;10137,0
2026-08-11 08:19:48;DESKTOP-22AN8KV;27,0;84,1;9,86;90,7;77,0;50,0
2026-08-11 08:19:59;DESKTOP-22AN8KV;38,5;84,5;9,89;90,7;68,0;42,0
2026-08-11 08:20:11;DESKTOP-22AN8KV;43,1;85,3;9,99;90,7;55,0;20,0
2026-08-11 08:20:22;DESKTOP-22AN8KV;40,6;85,4;10,01;90,7;78,0;129,0
2026-08-11 08:20:34;DESKTOP-22AN8KV;33,4;85,3;9,99;90,7;174,0;8097,0
2026-08-11 08:20:46;DESKTOP-22AN8KV;33,9;84,7;9,92;90,7;846,0;2339,0
2026-08-11 08:20:57;DESKTOP-22AN8KV;28,8;84,5;9,89;90,7;100,0;85,0
2026-08-11 08:21:09;DESKTOP-22AN8KV;29,4;84,7;9,92;90,7;48,0;16,0
2026-08-11 08:21:20;DESKTOP-22AN8KV;30,7;84,1;9,85;90,7;50,0;33,0
2026-08-11 08:21:32;DESKTOP-22AN8KV;29,4;84,0;9,84;90,7;73,0;27,0
2026-08-11 08:21:43;DESKTOP-22AN8KV;26,5;83,4;9,77;90,7;79,0;17,0
2026-08-11 08:21:55;DESKTOP-22AN8KV;25,0;83,6;9,79;90,7;149,0;10179,0
2026-08-11 08:22:06;DESKTOP-22AN8KV;38,6;84,1;9,85;90,7;76,0;27,0
2026-08-11 08:22:18;DESKTOP-22AN8KV;39,3;84,1;9,85;90,7;59,0;43,0
2026-08-11 08:22:29;DESKTOP-22AN8KV;36,2;83,9;9,82;90,7;40,0;26,0
2026-08-11 08:22:41;DESKTOP-22AN8KV;35,7;84,2;9,86;90,7;35,0;20,0
2026-08-11 08:22:52;DESKTOP-22AN8KV;34,0;84,3;9,87;90,7;33,0;45,0
2026-08-11 08:23:04;DESKTOP-22AN8KV;36,3;84,2;9,86;90,7;66,0;30,0
2026-08-11 08:23:15;DESKTOP-22AN8KV;35,5;84,5;9,89;90,7;195,0;10189,0
2026-08-11 08:23:27;DESKTOP-22AN8KV;33,5;84,5;9,9;90,7;73,0;77,0
2026-08-11 08:23:39;DESKTOP-22AN8KV;36,6;84,8;9,93;90,7;162,0;10171,0
2026-08-11 08:23:50;DESKTOP-22AN8KV;34,3;84,4;9,89;90,7;61,0;93,0
2026-08-11 08:24:02;DESKTOP-22AN8KV;36,3;84,8;9,93;90,7;177,0;10192,0
2026-08-11 08:24:13;DESKTOP-22AN8KV;36,1;85,5;10,01;90,7;165,0;10240,0
2026-08-11 08:24:25;DESKTOP-22AN8KV;38,8;86,6;10,15;90,7;72,0;95,0
2026-08-11 08:24:36;DESKTOP-22AN8KV;48,7;86,9;10,18;90,7;382,0;31,0
2026-08-11 08:24:48;DESKTOP-22AN8KV;45,8;86,7;10,16;90,7;167,0;18,0
2026-08-11 08:24:59;DESKTOP-22AN8KV;47,1;86,6;10,15;90,7;114,0;34,0
2026-08-11 08:25:11;DESKTOP-22AN8KV;45,7;85,8;10,06;90,7;683,0;40,0
2026-08-11 08:25:22;DESKTOP-22AN8KV;46,8;86,0;10,07;90,7;264,0;10182,0
2026-08-11 08:25:34;DESKTOP-22AN8KV;39,7;85,9;10,06;90,7;48,0;58,0
2026-08-11 08:25:45;DESKTOP-22AN8KV;40,1;86,1;10,08;90,7;386,0;70,0
2026-08-11 08:26:12;DESKTOP-22AN8KV;0,0;86,6;10,14;90,7;0,0;0,0
2026-08-11 08:26:24;DESKTOP-22AN8KV;45,6;86,1;10,09;90,7;290,0;7502,0
2026-08-11 08:26:35;DESKTOP-22AN8KV;46,3;85,0;9,96;90,7;72,0;10358,0
2026-08-11 08:26:47;DESKTOP-22AN8KV;35,3;85,8;10,05;90,7;126,0;249,0
2026-08-11 08:26:58;DESKTOP-22AN8KV;39,2;85,3;9,99;90,7;114,0;10437,0
2026-08-11 08:27:10;DESKTOP-22AN8KV;36,1;85,6;10,03;90,7;153,0;10387,0
2026-08-11 08:27:22;DESKTOP-22AN8KV;46,2;85,7;10,04;90,7;57,0;120,0
2026-08-11 08:27:33;DESKTOP-22AN8KV;49,0;86,3;10,11;90,7;161,0;10452,0
2026-08-11 08:27:45;DESKTOP-22AN8KV;36,0;87,8;10,28;90,7;136,0;10585,0
2026-08-11 08:27:56;DESKTOP-22AN8KV;41,4;86,5;10,14;90,7;49,0;368,0
2026-08-11 08:28:08;DESKTOP-22AN8KV;38,0;86,0;10,08;90,7;31,0;56,0
2026-08-11 08:28:19;DESKTOP-22AN8KV;36,3;85,3;9,99;90,7;135,0;10205,0
2026-08-11 08:28:31;DESKTOP-22AN8KV;34,2;85,3;9,99;90,7;305,0;88,0
2026-08-11 08:28:42;DESKTOP-22AN8KV;38,7;85,4;10,0;90,7;49,0;365,0
2026-08-11 08:28:54;DESKTOP-22AN8KV;37,6;84,9;9,95;90,7;203,0;10265,0
2026-08-11 08:29:05;DESKTOP-22AN8KV;33,6;84,9;9,94;90,7;63,0;386,0
2026-08-11 08:29:17;DESKTOP-22AN8KV;35,0;85,0;9,96;90,7;177,0;10218,0
2026-08-11 08:29:28;DESKTOP-22AN8KV;33,0;84,8;9,94;90,7;78,0;61,0
2026-08-11 08:29:39;DESKTOP-22AN8KV;35,7;84,6;9,91;90,7;68,0;30,0
2026-08-11 08:29:49;DESKTOP-22AN8KV;33,8;84,7;9,92;90,7;49,0;127,0
2026-08-11 08:29:59;DESKTOP-22AN8KV;41,2;85,5;10,01;90,7;99,0;69,0
2026-08-11 08:30:09;DESKTOP-22AN8KV;34,2;85,3;10,0;90,7;44,0;18,0
2026-08-11 08:30:19;DESKTOP-22AN8KV;30,5;85,0;9,96;90,7;32,0;17,0
2026-08-11 08:30:29;DESKTOP-22AN8KV;34,3;85,0;9,95;90,7;38,0;12,0
2026-08-11 08:30:39;DESKTOP-22AN8KV;36,1;85,7;10,03;90,7;33,0;40,0
2026-08-11 08:30:49;DESKTOP-22AN8KV;42,9;85,8;10,05;90,7;290,0;43,0
2026-08-11 08:30:59;DESKTOP-22AN8KV;44,5;85,0;9,95;90,7;130,0;11747,0
2026-08-11 08:31:09;DESKTOP-22AN8KV;35,4;85,3;9,99;90,7;252,0;23,0
2026-08-11 08:31:19;DESKTOP-22AN8KV;35,3;85,1;9,97;90,7;321,0;8,0
2026-08-11 08:31:29;DESKTOP-22AN8KV;34,6;84,6;9,91;90,7;41,0;21,0
2026-08-11 08:31:39;DESKTOP-22AN8KV;34,2;84,5;9,89;90,7;53,0;48,0
2026-08-11 08:31:49;DESKTOP-22AN8KV;35,9;84,6;9,91;90,7;156,0;11684,0
2026-08-11 08:31:59;DESKTOP-22AN8KV;39,0;84,6;9,91;90,7;210,0;97,0
2026-08-11 08:32:09;DESKTOP-22AN8KV;42,9;86,2;10,1;90,7;271,0;11759,0
2026-08-11 08:32:19;DESKTOP-22AN8KV;37,5;87,2;10,22;90,7;295,0;11828,0
2026-08-11 08:32:29;DESKTOP-22AN8KV;36,2;86,1;10,09;90,7;170,0;11879,0
2026-08-11 08:32:39;DESKTOP-22AN8KV;33,9;86,6;10,15;90,7;175,0;11802,0
2026-08-11 08:32:50;DESKTOP-22AN8KV;50,5;86,5;10,13;90,7;561,0;92,0
2026-08-11 08:33:00;DESKTOP-22AN8KV;53,4;87,1;10,2;90,7;271,0;11854,0
2026-08-11 08:33:23;DESKTOP-22AN8KV;0,0;86,0;10,08;90,7;0,0;0,0
2026-08-11 08:33:33;DESKTOP-22AN8KV;47,2;86,7;10,15;90,7;124,0;5868,0
2026-08-11 08:33:43;DESKTOP-22AN8KV;51,4;87,0;10,19;90,7;45,0;127,0
2026-08-11 08:33:53;DESKTOP-22AN8KV;56,0;86,7;10,16;90,7;190,0;11780,0
2026-08-11 08:34:03;DESKTOP-22AN8KV;45,9;86,2;10,1;90,7;47,0;132,0
2026-08-11 08:34:13;DESKTOP-22AN8KV;45,5;86,0;10,08;90,7;137,0;4685,0
2026-08-11 08:34:23;DESKTOP-22AN8KV;43,0;86,4;10,12;90,7;151,0;7310,0
2026-08-11 08:34:33;DESKTOP-22AN8KV;41,4;87,1;10,21;90,7;189,0;11944,0
2026-08-11 08:34:43;DESKTOP-22AN8KV;47,9;86,9;10,18;90,7;55,0;54,0
2026-08-11 08:34:53;DESKTOP-22AN8KV;51,1;87,6;10,26;90,7;51,0;57,0
2026-08-11 08:35:03;DESKTOP-22AN8KV;48,1;84,7;9,92;90,7;242,0;108,0
2026-08-11 08:35:14;DESKTOP-22AN8KV;25,0;81,8;9,58;90,7;295,0;30,0
2026-08-11 08:35:24;DESKTOP-22AN8KV;37,2;83,4;9,77;90,7;312,0;17,0
2026-08-11 08:35:34;DESKTOP-22AN8KV;15,9;82,0;9,6;90,7;49,0;5,0
2026-08-11 08:35:44;DESKTOP-22AN8KV;29,7;82,4;9,65;90,7;34,0;19,0
2026-08-11 08:35:54;DESKTOP-22AN8KV;51,6;82,8;9,7;90,7;48,0;56,0
2026-08-11 08:36:04;DESKTOP-22AN8KV;51,3;82,6;9,67;90,7;73,0;18,0
2026-08-11 08:36:14;DESKTOP-22AN8KV;29,9;84,8;9,93;90,7;282,0;49,0
2026-08-11 08:36:24;DESKTOP-22AN8KV;37,2;81,5;9,54;90,7;179,0;263,0
2026-08-11 08:36:34;DESKTOP-22AN8KV;37,0;80,3;9,41;90,7;20,0;18,0
2026-08-11 08:36:44;DESKTOP-22AN8KV;32,4;80,4;9,42;90,7;93,0;448,0
2026-08-11 08:36:54;DESKTOP-22AN8KV;31,0;80,7;9,45;90,7;39,0;18,0
2026-08-11 08:37:04;DESKTOP-22AN8KV;34,2;80,8;9,47;90,7;49,0;22,0
2026-08-11 08:37:14;DESKTOP-22AN8KV;33,3;81,1;9,5;90,7;46,0;29,0
2026-08-11 08:37:24;DESKTOP-22AN8KV;32,4;81,2;9,52;90,7;243,0;12020,0
2026-08-11 08:37:34;DESKTOP-22AN8KV;30,8;81,1;9,5;90,7;40,0;49,0
2026-08-11 08:37:45;DESKTOP-22AN8KV;34,4;82,2;9,63;90,7;36,0;32,0
2026-08-11 08:37:55;DESKTOP-22AN8KV;35,5;82,0;9,61;90,7;51,0;18,0
2026-08-11 08:38:05;DESKTOP-22AN8KV;33,7;82,3;9,64;90,7;534,0;28,0
2026-08-11 08:38:15;DESKTOP-22AN8KV;32,3;82,0;9,61;90,7;58,0;24,0
2026-08-11 08:38:25;DESKTOP-22AN8KV;31,7;81,2;9,51;90,7;38,0;17,0
2026-08-11 08:38:35;DESKTOP-22AN8KV;33,5;81,6;9,56;90,7;67,0;247,0
2026-08-11 08:38:45;DESKTOP-22AN8KV;30,7;81,7;9,57;90,7;39,0;45,0
2026-08-11 08:38:55;DESKTOP-22AN8KV;34,1;81,3;9,52;90,7;43,0;8,0
2026-08-11 08:39:05;DESKTOP-22AN8KV;32,2;81,4;9,53;90,7;324,0;24,0
2026-08-11 08:39:15;DESKTOP-22AN8KV;34,9;82,0;9,61;90,7;649,0;11771,0
2026-08-11 08:39:25;DESKTOP-22AN8KV;35,5;81,8;9,58;90,7;42,0;73,0
2026-08-11 08:39:35;DESKTOP-22AN8KV;32,8;82,0;9,6;90,7;69,0;87,0
2026-08-11 08:39:45;DESKTOP-22AN8KV;36,0;81,9;9,59;90,7;141,0;11773,0
2026-08-11 08:39:55;DESKTOP-22AN8KV;37,9;83,7;9,81;90,7;504,0;12423,0
2026-08-11 08:40:05;DESKTOP-22AN8KV;34,1;84,3;9,87;90,7;1158,0;11898,0
2026-08-11 08:40:15;DESKTOP-22AN8KV;28,5;84,5;9,9;90,7;117,0;120,0
2026-08-11 08:40:25;DESKTOP-22AN8KV;30,7;84,2;9,87;90,7;67,0;206,0
2026-08-11 08:40:35;DESKTOP-22AN8KV;31,8;85,2;9,99;90,7;255,0;11950,0
2026-08-11 08:40:46;DESKTOP-22AN8KV;30,9;84,7;9,92;90,7;37,0;106,0
2026-08-11 08:40:56;DESKTOP-22AN8KV;36,0;85,5;10,02;90,7;85,0;70,0
2026-08-11 08:41:06;DESKTOP-22AN8KV;38,2;83,2;9,74;92,9;362,0;558,0
2026-08-11 08:41:16;DESKTOP-22AN8KV;23,5;79,9;9,36;92,9;53,0;37,0
2026-08-11 08:41:26;DESKTOP-22AN8KV;30,0;79,3;9,29;92,9;54,0;87,0
2026-08-11 08:41:36;DESKTOP-22AN8KV;28,9;78,8;9,24;92,9;49,0;16,0
2026-08-11 08:41:46;DESKTOP-22AN8KV;29,9;79,2;9,28;92,9;158,0;561,0
2026-08-11 08:41:56;DESKTOP-22AN8KV;18,9;78,3;9,17;92,9;284,0;7,0
2026-08-11 08:42:06;DESKTOP-22AN8KV;21,4;78,4;9,19;92,9;44,0;38,0
2026-08-11 08:42:16;DESKTOP-22AN8KV;24,4;80,3;9,4;92,9;51,0;63,0
2026-08-11 08:42:26;DESKTOP-22AN8KV;32,9;79,1;9,26;92,9;98,0;162,0
2026-08-11 08:42:36;DESKTOP-22AN8KV;30,6;79,1;9,26;92,9;48,0;6,0
2026-08-11 08:42:46;DESKTOP-22AN8KV;33,1;79,7;9,34;92,9;120,0;414,0
2026-08-11 08:42:56;DESKTOP-22AN8KV;28,4;79,4;9,31;92,9;499,0;247,0
2026-08-11 08:43:06;DESKTOP-22AN8KV;26,9;80,0;9,37;92,9;73,0;73,0
2026-08-11 08:43:16;DESKTOP-22AN8KV;31,2;79,6;9,33;92,9;55,0;79,0
2026-08-11 08:43:26;DESKTOP-22AN8KV;29,9;79,5;9,31;92,9;137,0;384,0
2026-08-11 08:43:37;DESKTOP-22AN8KV;25,2;81,6;9,56;92,9;301,0;176,0
2026-08-11 08:43:47;DESKTOP-22AN8KV;36,7;82,3;9,64;92,9;131,0;698,0
2026-08-11 08:43:57;DESKTOP-22AN8KV;28,8;81,9;9,59;92,9;53,0;34,0
2026-08-11 08:44:07;DESKTOP-22AN8KV;30,6;82,8;9,7;92,9;565,0;34,0
2026-08-11 08:44:17;DESKTOP-22AN8KV;33,4;83,0;9,72;92,9;107,0;369,0
2026-08-11 08:44:27;DESKTOP-22AN8KV;28,4;82,5;9,67;92,9;42,0;173,0
2026-08-11 08:44:37;DESKTOP-22AN8KV;26,1;82,2;9,63;92,9;39,0;25,0
2026-08-11 08:44:47;DESKTOP-22AN8KV;29,5;82,4;9,66;92,9;53,0;41,0
2026-08-11 08:44:57;DESKTOP-22AN8KV;24,6;82,6;9,68;92,9;83,0;368,0
2026-08-11 08:45:07;DESKTOP-22AN8KV;26,3;82,7;9,69;92,9;56,0;54,0
2026-08-11 08:45:17;DESKTOP-22AN8KV;27,3;82,7;9,68;92,9;78,0;38,0
2026-08-11 08:45:27;DESKTOP-22AN8KV;25,3;78,8;9,23;92,9;99,0;47,0
2026-08-11 08:45:37;DESKTOP-22AN8KV;23,3;78,5;9,19;92,9;55,0;10,0
2026-08-11 08:45:47;DESKTOP-22AN8KV;22,8;78,6;9,21;92,9;30,0;30,0
2026-08-11 08:45:57;DESKTOP-22AN8KV;25,3;78,4;9,18;92,9;57,0;161,0
2026-08-11 08:46:07;DESKTOP-22AN8KV;22,5;79,5;9,31;92,9;80,0;194,0
2026-08-11 08:46:17;DESKTOP-22AN8KV;26,8;79,0;9,26;92,9;39,0;24,0
2026-08-11 08:46:28;DESKTOP-22AN8KV;25,3;79,1;9,27;92,9;47,0;242,0
2026-08-11 08:46:38;DESKTOP-22AN8KV;28,1;78,9;9,25;92,9;148,0;462,0
2026-08-11 08:46:48;DESKTOP-22AN8KV;36,3;81,2;9,51;92,9;132,0;129,0
2026-08-11 08:46:58;DESKTOP-22AN8KV;24,3;79,7;9,33;92,9;59,0;36,0
2026-08-11 08:47:08;DESKTOP-22AN8KV;25,5;79,8;9,34;92,9;49,0;28,0
2026-08-11 08:47:18;DESKTOP-22AN8KV;27,9;80,8;9,46;92,9;52,0;51,0
2026-08-11 08:47:28;DESKTOP-22AN8KV;30,9;80,1;9,38;92,9;35,0;15,0
2026-08-11 08:47:38;DESKTOP-22AN8KV;33,3;80,1;9,38;92,9;55,0;50,0
2026-08-11 08:47:48;DESKTOP-22AN8KV;31,7;79,9;9,36;92,9;30,0;8,0
2026-08-11 08:47:58;DESKTOP-22AN8KV;34,1;79,4;9,3;92,9;27,0;8,0
2026-08-11 08:48:08;DESKTOP-22AN8KV;32,8;79,6;9,33;92,9;49,0;325,0
2026-08-11 08:48:18;DESKTOP-22AN8KV;36,3;79,9;9,36;92,9;480,0;336,0
2026-08-11 08:48:30;DESKTOP-22AN8KV;35,3;79,7;9,34;92,9;33,0;31,0
2026-08-11 08:48:42;DESKTOP-22AN8KV;37,6;79,9;9,37;92,9;27,0;12,0
2026-08-11 08:48:53;DESKTOP-22AN8KV;36,5;79,8;9,34;92,9;38,0;16,0
2026-08-11 08:49:05;DESKTOP-22AN8KV;37,5;80,8;9,46;92,9;55,0;17,0
2026-08-11 08:49:16;DESKTOP-22AN8KV;36,3;80,5;9,43;92,9;525,0;26,0
2026-08-11 08:49:28;DESKTOP-22AN8KV;36,9;80,4;9,42;92,9;33,0;5,0
2026-08-11 08:49:39;DESKTOP-22AN8KV;36,6;79,7;9,34;92,9;49,0;13,0
2026-08-11 08:49:51;DESKTOP-22AN8KV;36,1;79,7;9,34;92,9;42,0;4,0
2026-08-11 08:50:02;DESKTOP-22AN8KV;40,9;80,3;9,4;92,9;61,0;164,0
2026-08-11 08:50:14;DESKTOP-22AN8KV;33,8;80,2;9,39;92,9;54,0;282,0
2026-08-11 08:50:25;DESKTOP-22AN8KV;36,6;80,4;9,42;92,9;25,0;31,0
2026-08-11 08:50:37;DESKTOP-22AN8KV;38,4;81,8;9,58;92,9;42,0;191,0
2026-08-11 08:50:48;DESKTOP-22AN8KV;38,9;80,8;9,47;92,9;39,0;51,0
2026-08-11 08:51:00;DESKTOP-22AN8KV;37,0;80,8;9,46;92,9;67,0;238,0
2026-08-11 08:51:11;DESKTOP-22AN8KV;38,4;80,8;9,47;92,9;76,0;103,0
2026-08-11 08:51:23;DESKTOP-22AN8KV;36,2;80,2;9,39;92,9;45,0;20,0
2026-08-11 08:51:35;DESKTOP-22AN8KV;38,9;80,2;9,4;92,9;32,0;9,0
2026-08-11 08:51:46;DESKTOP-22AN8KV;36,5;80,3;9,41;92,9;60,0;171,0
2026-08-11 08:51:58;DESKTOP-22AN8KV;35,7;80,6;9,44;92,9;105,0;128,0
2026-08-11 08:52:09;DESKTOP-22AN8KV;37,2;80,5;9,43;92,9;32,0;16,0
2026-08-11 08:52:21;DESKTOP-22AN8KV;37,3;81,4;9,54;92,9;127,0;356,0
2026-08-11 08:52:32;DESKTOP-22AN8KV;40,8;81,5;9,54;92,9;157,0;534,0
2026-08-11 08:52:44;DESKTOP-22AN8KV;43,4;81,4;9,53;92,9;71,0;27,0
2026-08-11 08:52:55;DESKTOP-22AN8KV;52,9;83,2;9,74;92,9;68,0;25,0
2026-08-11 08:53:07;DESKTOP-22AN8KV;42,5;82,1;9,62;92,9;37,0;38,0
2026-08-11 08:53:18;DESKTOP-22AN8KV;47,3;82,3;9,64;92,9;50,0;30,0
2026-08-11 08:53:30;DESKTOP-22AN8KV;40,8;82,0;9,61;92,9;30,0;8,0
2026-08-11 08:53:41;DESKTOP-22AN8KV;37,7;82,2;9,63;92,9;32,0;168,0
2026-08-11 08:53:53;DESKTOP-22AN8KV;37,5;82,2;9,63;92,9;65,0;311,0
2026-08-11 08:54:05;DESKTOP-22AN8KV;40,8;82,3;9,64;92,9;44,0;209,0
2026-08-11 08:54:16;DESKTOP-22AN8KV;37,3;82,2;9,63;92,9;305,0;318,0
2026-08-11 08:54:28;DESKTOP-22AN8KV;33,2;82,3;9,64;92,9;206,0;319,0
2026-08-11 08:54:39;DESKTOP-22AN8KV;33,7;81,0;9,49;92,9;266,0;81,0
2026-08-11 08:54:51;DESKTOP-22AN8KV;32,3;81,1;9,5;92,9;34,0;41,0
2026-08-11 08:55:02;DESKTOP-22AN8KV;32,5;81,4;9,54;92,9;44,0;16,0
2026-08-11 08:55:14;DESKTOP-22AN8KV;36,5;81,5;9,54;92,9;55,0;203,0
2026-08-11 08:55:25;DESKTOP-22AN8KV;35,3;81,6;9,56;92,9;331,0;488,0
2026-08-11 08:55:37;DESKTOP-22AN8KV;36,2;81,5;9,55;92,9;42,0;45,0
2026-08-11 08:55:48;DESKTOP-22AN8KV;37,8;81,4;9,54;92,9;40,0;62,0
2026-08-11 08:56:00;DESKTOP-22AN8KV;39,4;81,3;9,53;92,9;77,0;12,0
2026-08-11 08:56:11;DESKTOP-22AN8KV;40,8;81,6;9,56;92,9;60,0;21,0
2026-08-11 08:56:23;DESKTOP-22AN8KV;41,3;83,8;9,82;92,9;236,0;127,0
2026-08-11 08:56:34;DESKTOP-22AN8KV;41,1;83,4;9,77;92,9;32,0;7,0
2026-08-11 08:56:46;DESKTOP-22AN8KV;49,7;86,0;10,08;93,0;54,0;20,0
2026-08-11 08:56:58;DESKTOP-22AN8KV;24,4;83,4;9,76;92,9;279,0;207,0
2026-08-11 08:57:09;DESKTOP-22AN8KV;15,8;82,5;9,66;92,9;52,0;53,0
2026-08-11 08:57:21;DESKTOP-22AN8KV;29,1;82,4;9,65;92,9;320,0;248,0
2026-08-11 08:57:32;DESKTOP-22AN8KV;37,5;82,3;9,64;92,9;81,0;292,0
2026-08-11 08:57:44;DESKTOP-22AN8KV;36,9;82,0;9,61;92,9;40,0;244,0
2026-08-11 08:57:56;DESKTOP-22AN8KV;38,0;82,3;9,64;92,9;58,0;113,0
2026-08-11 08:58:07;DESKTOP-22AN8KV;37,5;81,9;9,6;92,9;37,0;257,0
2026-08-11 08:58:19;DESKTOP-22AN8KV;35,7;82,1;9,61;92,9;219,0;54,0
2026-08-11 08:58:39;DESKTOP-22AN8KV;0,0;82,7;9,69;92,9;0,0;0,0
2026-08-11 08:58:50;DESKTOP-22AN8KV;44,7;83,1;9,74;92,9;156,0;10374,0
2026-08-11 08:59:02;DESKTOP-22AN8KV;44,0;82,9;9,72;92,9;49,0;348,0
2026-08-11 08:59:13;DESKTOP-22AN8KV;42,7;82,9;9,72;92,9;58,0;248,0
2026-08-11 08:59:25;DESKTOP-22AN8KV;40,0;83,1;9,73;92,9;51,0;203,0
2026-08-11 08:59:36;DESKTOP-22AN8KV;40,3;84,1;9,86;92,9;112,0;420,0
2026-08-11 08:59:48;DESKTOP-22AN8KV;39,2;83,7;9,81;92,9;63,0;74,0
2026-08-11 09:00:00;DESKTOP-22AN8KV;41,2;84,1;9,86;92,9;51,0;79,0
2026-08-11 09:00:11;DESKTOP-22AN8KV;43,1;83,9;9,83;92,9;49,0;17,0
2026-08-11 09:00:23;DESKTOP-22AN8KV;24,9;86,1;10,09;93,0;488,0;39,0
2026-08-11 09:00:34;DESKTOP-22AN8KV;16,1;86,0;10,07;93,0;272,0;7,0
2026-08-11 09:00:46;DESKTOP-22AN8KV;20,0;85,7;10,03;93,0;54,0;19,0
2026-08-11 09:00:57;DESKTOP-22AN8KV;27,9;83,5;9,78;92,9;63,0;39,0
2026-08-11 09:01:09;DESKTOP-22AN8KV;38,3;82,4;9,65;92,9;52,0;15,0
2026-08-11 09:01:20;DESKTOP-22AN8KV;36,5;81,9;9,59;92,9;36,0;19,0
2026-08-11 09:01:32;DESKTOP-22AN8KV;36,4;81,5;9,54;92,9;39,0;24,0
2026-08-11 09:01:43;DESKTOP-22AN8KV;36,5;81,2;9,52;92,9;31,0;6,0
2026-08-11 09:01:55;DESKTOP-22AN8KV;40,7;82,3;9,64;92,9;43,0;27,0
2026-08-11 09:02:07;DESKTOP-22AN8KV;38,0;82,2;9,63;92,9;42,0;13,0
2026-08-11 09:02:18;DESKTOP-22AN8KV;37,8;82,2;9,62;92,9;51,0;25,0
2026-08-11 09:02:30;DESKTOP-22AN8KV;37,9;82,3;9,64;92,9;51,0;293,0
2026-08-11 09:02:41;DESKTOP-22AN8KV;40,2;81,8;9,59;92,9;72,0;545,0
2026-08-11 09:02:53;DESKTOP-22AN8KV;40,2;81,7;9,57;92,9;34,0;112,0
2026-08-11 09:03:04;DESKTOP-22AN8KV;32,9;82,3;9,64;92,9;42,0;20,0
2026-08-11 09:03:16;DESKTOP-22AN8KV;34,2;82,2;9,63;92,9;84,0;48,0
2026-08-11 09:03:27;DESKTOP-22AN8KV;32,8;82,3;9,64;92,9;308,0;855,0
2026-08-11 09:03:39;DESKTOP-22AN8KV;32,1;82,5;9,66;92,9;96,0;763,0
2026-08-11 09:03:50;DESKTOP-22AN8KV;33,9;82,3;9,64;92,9;43,0;688,0
2026-08-11 09:04:02;DESKTOP-22AN8KV;41,6;82,5;9,66;92,9;90,0;82,0
2026-08-11 09:04:13;DESKTOP-22AN8KV;40,7;82,5;9,66;92,9;40,0;257,0
2026-08-11 09:04:25;DESKTOP-22AN8KV;39,9;82,7;9,68;92,9;59,0;636,0
2026-08-11 09:04:36;DESKTOP-22AN8KV;40,6;82,4;9,66;92,9;64,0;360,0
2026-08-11 09:04:48;DESKTOP-22AN8KV;39,1;82,7;9,69;92,9;80,0;44,0
2026-08-11 09:05:00;DESKTOP-22AN8KV;43,8;81,9;9,59;92,9;38,0;42,0
2026-08-11 09:05:11;DESKTOP-22AN8KV;45,9;82,2;9,63;92,9;42,0;259,0
2026-08-11 09:05:23;DESKTOP-22AN8KV;39,9;82,2;9,64;92,9;47,0;111,0
2026-08-11 09:05:34;DESKTOP-22AN8KV;38,4;82,3;9,64;92,9;55,0;315,0
2026-08-11 09:05:46;DESKTOP-22AN8KV;41,2;82,4;9,65;92,9;51,0;313,0
2026-08-11 09:05:57;DESKTOP-22AN8KV;40,0;83,1;9,74;92,9;60,0;423,0
2026-08-11 09:06:12;DESKTOP-22AN8KV;0,0;82,7;9,69;92,9;0,0;0,0
2026-08-11 09:06:24;DESKTOP-22AN8KV;40,0;83,4;9,77;92,9;56,0;138,0
2026-08-11 09:06:35;DESKTOP-22AN8KV;41,7;82,6;9,68;92,9;61,0;459,0
2026-08-11 09:06:47;DESKTOP-22AN8KV;42,2;82,5;9,67;92,9;52,0;923,0
2026-08-11 09:06:58;DESKTOP-22AN8KV;38,6;82,6;9,68;92,9;37,0;390,0
2026-08-11 09:07:10;DESKTOP-22AN8KV;38,7;82,6;9,68;92,9;314,0;470,0
2026-08-11 09:07:21;DESKTOP-22AN8KV;40,8;82,4;9,65;92,9;55,0;513,0
2026-08-11 09:07:33;DESKTOP-22AN8KV;38,5;82,7;9,69;92,9;61,0;614,0
2026-08-11 09:07:44;DESKTOP-22AN8KV;30,9;84,5;9,9;92,9;49,0;327,0
2026-08-11 09:07:56;DESKTOP-22AN8KV;42,1;86,8;10,17;92,9;66,0;354,0
2026-08-11 09:08:07;DESKTOP-22AN8KV;41,8;85,6;10,03;92,9;307,0;87,0
2026-08-11 09:08:19;DESKTOP-22AN8KV;33,3;87,6;10,26;93,0;254,0;54,0
2026-08-11 09:08:30;DESKTOP-22AN8KV;19,8;84,7;9,92;93,0;36,0;8,0
2026-08-11 09:08:42;DESKTOP-22AN8KV;21,6;85,9;10,06;93,0;220,0;71,0
2026-08-11 09:08:54;DESKTOP-22AN8KV;22,8;86,0;10,08;93,0;45,0;25,0
2026-08-11 09:09:05;DESKTOP-22AN8KV;14,7;85,7;10,04;93,0;44,0;12,0
2026-08-11 09:09:17;DESKTOP-22AN8KV;32,6;84,1;9,85;92,9;308,0;44,0
2026-08-11 09:09:28;DESKTOP-22AN8KV;47,3;84,4;9,89;92,9;480,0;27,0
2026-08-11 09:09:40;DESKTOP-22AN8KV;37,3;84,3;9,88;92,9;47,0;20,0
2026-08-11 09:09:51;DESKTOP-22AN8KV;39,6;84,5;9,89;92,9;33,0;21,0
2026-08-11 09:10:03;DESKTOP-22AN8KV;37,7;84,7;9,92;92,9;39,0;13,0
2026-08-11 09:10:14;DESKTOP-22AN8KV;38,6;84,8;9,93;92,9;32,0;22,0
2026-08-11 09:10:26;DESKTOP-22AN8KV;37,9;84,7;9,92;92,9;243,0;496,0
2026-08-11 09:10:37;DESKTOP-22AN8KV;36,5;84,5;9,89;92,9;42,0;114,0
2026-08-11 09:10:49;DESKTOP-22AN8KV;40,1;84,5;9,89;92,9;85,0;1289,0
2026-08-11 09:11:00;DESKTOP-22AN8KV;40,2;84,4;9,89;92,9;50,0;74,0
2026-08-11 09:11:12;DESKTOP-22AN8KV;38,1;84,6;9,91;92,9;61,0;395,0
2026-08-11 09:11:24;DESKTOP-22AN8KV;44,9;84,2;9,86;92,9;47,0;77,0
2026-08-11 09:11:35;DESKTOP-22AN8KV;43,8;84,1;9,85;92,9;45,0;42,0
2026-08-11 09:11:47;DESKTOP-22AN8KV;41,8;83,7;9,81;92,9;59,0;700,0
2026-08-11 09:11:58;DESKTOP-22AN8KV;41,6;83,8;9,81;92,9;49,0;405,0
2026-08-11 09:12:10;DESKTOP-22AN8KV;42,4;84,1;9,85;92,9;77,0;378,0
2026-08-11 09:12:21;DESKTOP-22AN8KV;41,8;84,1;9,85;92,9;158,0;67,0
2026-08-11 09:12:33;DESKTOP-22AN8KV;38,2;84,1;9,85;92,9;137,0;7,0
2026-08-11 09:12:44;DESKTOP-22AN8KV;44,5;83,9;9,83;92,9;36,0;342,0
2026-08-11 09:12:56;DESKTOP-22AN8KV;41,9;83,9;9,83;92,9;52,0;389,0
2026-08-11 09:13:07;DESKTOP-22AN8KV;42,4;84,2;9,86;92,9;37,0;364,0
2026-08-11 09:13:19;DESKTOP-22AN8KV;43,3;84,2;9,87;92,9;50,0;801,0
2026-08-11 09:13:36;DESKTOP-22AN8KV;0,0;83,9;9,83;92,9;0,0;0,0
2026-08-11 09:13:48;DESKTOP-22AN8KV;37,7;84,7;9,92;92,9;64,0;141,0
2026-08-11 09:13:59;DESKTOP-22AN8KV;37,6;84,5;9,9;92,9;46,0;379,0
2026-08-11 09:14:11;DESKTOP-22AN8KV;32,5;84,0;9,84;92,9;311,0;59,0
2026-08-11 09:14:23;DESKTOP-22AN8KV;28,0;83,6;9,8;92,9;36,0;14,0
2026-08-11 09:14:34;DESKTOP-22AN8KV;45,7;83,8;9,82;92,9;46,0;338,0
2026-08-11 09:14:46;DESKTOP-22AN8KV;38,8;83,5;9,78;92,9;47,0;98,0
2026-08-11 09:14:57;DESKTOP-22AN8KV;44,4;84,1;9,86;92,9;39,0;13,0
2026-08-11 09:15:09;DESKTOP-22AN8KV;42,6;84,1;9,85;92,9;49,0;41,0
2026-08-11 09:15:20;DESKTOP-22AN8KV;36,9;85,6;10,03;92,9;202,0;457,0
2026-08-11 09:15:32;DESKTOP-22AN8KV;46,0;85,4;10,0;92,9;197,0;132,0
2026-08-11 09:15:43;DESKTOP-22AN8KV;37,1;85,6;10,03;92,9;60,0;528,0
2026-08-11 09:15:55;DESKTOP-22AN8KV;38,3;85,3;9,99;92,9;57,0;106,0
2026-08-11 09:16:06;DESKTOP-22AN8KV;41,8;84,5;9,9;92,9;56,0;33,0
2026-08-11 09:16:18;DESKTOP-22AN8KV;39,7;84,5;9,9;92,9;304,0;357,0
2026-08-11 09:16:29;DESKTOP-22AN8KV;38,7;84,1;9,85;92,9;49,0;63,0
2026-08-11 09:16:41;DESKTOP-22AN8KV;39,2;83,1;9,73;92,9;32,0;21,0
2026-08-11 09:16:52;DESKTOP-22AN8KV;37,6;83,3;9,76;92,9;36,0;25,0
2026-08-11 09:17:04;DESKTOP-22AN8KV;42,2;82,9;9,71;92,9;44,0;68,0
2026-08-11 09:17:16;DESKTOP-22AN8KV;42,2;82,9;9,71;92,9;42,0;690,0
2026-08-11 09:17:27;DESKTOP-22AN8KV;40,1;83,3;9,76;92,9;60,0;519,0
2026-08-11 09:17:37;DESKTOP-22AN8KV;0,0;83,3;9,75;92,9;0,0;0,0
2026-08-11 09:17:48;DESKTOP-22AN8KV;42,8;83,3;9,76;92,9;24,0;126,0
2026-08-11 09:18:00;DESKTOP-22AN8KV;42,8;83,6;9,79;92,9;28,0;391,0
2026-08-11 09:18:11;DESKTOP-22AN8KV;48,4;84,9;9,94;92,9;230,0;83,0
2026-08-11 09:18:23;DESKTOP-22AN8KV;43,9;85,1;9,96;92,9;376,0;850,0
2026-08-11 09:18:35;DESKTOP-22AN8KV;39,7;85,0;9,95;92,9;44,0;475,0
2026-08-11 09:18:46;DESKTOP-22AN8KV;48,8;85,9;10,06;92,9;47,0;79,0
2026-08-11 09:18:58;DESKTOP-22AN8KV;24,5;86,5;10,14;93,0;92,0;29,0
2026-08-11 09:19:09;DESKTOP-22AN8KV;41,2;84,0;9,83;92,9;702,0;17,0
2026-08-11 09:19:21;DESKTOP-22AN8KV;42,9;83,4;9,77;92,9;436,0;16,0
2026-08-11 09:19:33;DESKTOP-22AN8KV;36,8;83,4;9,77;92,9;79,0;44,0
2026-08-11 09:19:44;DESKTOP-22AN8KV;33,7;83,3;9,75;92,9;51,0;389,0
2026-08-11 09:19:56;DESKTOP-22AN8KV;34,8;84,0;9,84;92,9;106,0;425,0
2026-08-11 09:20:07;DESKTOP-22AN8KV;33,6;84,1;9,85;92,9;389,0;847,0
2026-08-11 09:20:19;DESKTOP-22AN8KV;34,1;84,5;9,9;92,9;283,0;508,0
2026-08-11 09:20:29;DESKTOP-22AN8KV;0,0;83,7;9,8;92,9;0,0;0,0
2026-08-11 09:20:40;DESKTOP-22AN8KV;33,6;83,9;9,83;92,9;38,0;126,0
2026-08-11 09:20:52;DESKTOP-22AN8KV;32,6;84,0;9,84;92,9;45,0;50,0
2026-08-11 09:21:03;DESKTOP-22AN8KV;35,7;83,6;9,8;92,9;85,0;457,0
2026-08-11 09:21:15;DESKTOP-22AN8KV;34,9;83,8;9,82;92,9;59,0;836,0
2026-08-11 09:21:26;DESKTOP-22AN8KV;36,2;84,4;9,89;92,9;64,0;519,0
2026-08-11 09:21:38;DESKTOP-22AN8KV;31,2;84,4;9,89;92,9;82,0;441,0
2026-08-11 09:21:49;DESKTOP-22AN8KV;33,6;84,6;9,91;92,9;68,0;848,0
2026-08-11 09:22:01;DESKTOP-22AN8KV;33,4;83,7;9,8;92,9;80,0;904,0
2026-08-11 09:22:12;DESKTOP-22AN8KV;31,8;83,8;9,82;92,9;32,0;69,0
2026-08-11 09:22:24;DESKTOP-22AN8KV;32,9;83,7;9,81;92,9;34,0;16,0
2026-08-11 09:22:35;DESKTOP-22AN8KV;33,6;83,7;9,8;92,9;35,0;22,0
2026-08-11 09:22:47;DESKTOP-22AN8KV;32,5;83,4;9,77;92,9;48,0;62,0
2026-08-11 09:22:58;DESKTOP-22AN8KV;33,8;83,4;9,77;92,9;47,0;71,0
2026-08-11 09:23:10;DESKTOP-22AN8KV;37,9;83,4;9,77;92,9;45,0;439,0
2026-08-11 09:23:21;DESKTOP-22AN8KV;33,3;83,6;9,79;92,9;33,0;415,0
2026-08-11 09:23:33;DESKTOP-22AN8KV;37,0;83,6;9,8;92,9;40,0;672,0
2026-08-11 09:23:45;DESKTOP-22AN8KV;39,1;84,3;9,88;92,9;57,0;583,0
2026-08-11 09:23:56;DESKTOP-22AN8KV;35,4;84,0;9,84;92,9;43,0;654,0
2026-08-11 09:24:08;DESKTOP-22AN8KV;29,2;84,4;9,89;92,9;43,0;218,0
2026-08-11 09:24:19;DESKTOP-22AN8KV;36,9;84,2;9,87;92,9;55,0;487,0
2026-08-11 09:24:31;DESKTOP-22AN8KV;40,3;85,4;10,0;92,9;94,0;84,0
2026-08-11 09:24:42;DESKTOP-22AN8KV;39,9;85,4;10,01;92,9;276,0;21,0
2026-08-11 09:24:54;DESKTOP-22AN8KV;39,0;85,0;9,96;92,9;32,0;13,0
2026-08-11 09:25:05;DESKTOP-22AN8KV;40,7;85,8;10,06;92,9;88,0;14,0
2026-08-11 09:25:17;DESKTOP-22AN8KV;34,9;85,9;10,06;92,9;760,0;44,0
2026-08-11 09:25:28;DESKTOP-22AN8KV;33,7;85,9;10,07;92,9;46,0;25,0
2026-08-11 09:25:40;DESKTOP-22AN8KV;29,0;85,9;10,07;92,9;43,0;47,0
2026-08-11 09:25:51;DESKTOP-22AN8KV;29,0;85,5;10,02;92,9;44,0;19,0
2026-08-11 09:26:03;DESKTOP-22AN8KV;31,6;84,7;9,92;92,9;41,0;13,0
2026-08-11 09:26:14;DESKTOP-22AN8KV;29,8;84,7;9,92;92,9;56,0;115,0
2026-08-11 09:26:26;DESKTOP-22AN8KV;30,9;84,3;9,88;92,9;39,0;15,0
2026-08-11 09:26:38;DESKTOP-22AN8KV;30,6;84,0;9,84;92,9;36,0;25,0
2026-08-11 09:26:49;DESKTOP-22AN8KV;31,6;83,2;9,75;92,9;75,0;41,0
2026-08-11 09:27:01;DESKTOP-22AN8KV;35,3;84,0;9,84;92,9;53,0;21,0
2026-08-11 09:27:12;DESKTOP-22AN8KV;30,6;83,9;9,83;92,9;67,0;407,0
2026-08-11 09:27:24;DESKTOP-22AN8KV;28,3;83,5;9,78;92,9;40,0;56,0
2026-08-11 09:27:35;DESKTOP-22AN8KV;27,3;83,9;9,83;92,9;58,0;448,0
2026-08-11 09:27:47;DESKTOP-22AN8KV;32,0;83,9;9,83;92,9;41,0;113,0
2026-08-11 09:27:58;DESKTOP-22AN8KV;32,0;83,4;9,77;92,9;54,0;459,0
2026-08-11 09:28:10;DESKTOP-22AN8KV;36,9;83,8;9,82;92,9;38,0;40,0
2026-08-11 09:28:21;DESKTOP-22AN8KV;31,5;83,5;9,78;92,9;44,0;605,0
2026-08-11 09:28:33;DESKTOP-22AN8KV;30,3;83,8;9,82;92,9;48,0;901,0
2026-08-11 09:28:44;DESKTOP-22AN8KV;34,4;83,5;9,78;92,9;61,0;1051,0
2026-08-11 09:28:56;DESKTOP-22AN8KV;32,3;83,8;9,81;92,9;41,0;478,0
2026-08-11 09:29:07;DESKTOP-22AN8KV;37,1;84,3;9,87;92,9;35,0;35,0
2026-08-11 09:29:19;DESKTOP-22AN8KV;37,1;84,4;9,89;92,9;101,0;27,0
2026-08-11 09:29:30;DESKTOP-22AN8KV;37,5;84,5;9,9;92,9;61,0;24,0
2026-08-11 09:29:42;DESKTOP-22AN8KV;39,4;84,0;9,83;92,9;65,0;29,0
2026-08-11 09:29:54;DESKTOP-22AN8KV;37,4;84,1;9,85;92,9;53,0;12,0
2026-08-11 09:30:05;DESKTOP-22AN8KV;47,6;88,4;10,35;92,9;138,0;36,0
2026-08-11 09:30:17;DESKTOP-22AN8KV;49,8;83,6;9,79;92,9;242,0;33,0
2026-08-11 09:30:28;DESKTOP-22AN8KV;44,4;82,8;9,7;92,9;876,0;22,0
2026-08-11 09:30:40;DESKTOP-22AN8KV;41,0;81,4;9,53;92,9;34,0;18,0
2026-08-11 09:30:51;DESKTOP-22AN8KV;38,6;81,6;9,56;92,9;298,0;472,0
2026-08-11 09:31:03;DESKTOP-22AN8KV;36,8;80,9;9,47;92,9;46,0;88,0
2026-08-11 09:31:14;DESKTOP-22AN8KV;39,7;80,2;9,39;92,9;53,0;465,0
2026-08-11 09:31:26;DESKTOP-22AN8KV;43,4;80,7;9,46;92,9;571,0;81,0
2026-08-11 09:31:37;DESKTOP-22AN8KV;37,5;80,6;9,44;92,9;58,0;23,0
2026-08-11 09:31:49;DESKTOP-22AN8KV;40,6;79,1;9,27;92,9;67,0;12,0
2026-08-11 09:32:00;DESKTOP-22AN8KV;37,1;78,7;9,22;92,9;32,0;4,0
2026-08-11 09:32:12;DESKTOP-22AN8KV;38,2;79,1;9,27;92,9;33,0;11,0
2026-08-11 09:32:24;DESKTOP-22AN8KV;40,0;79,1;9,26;92,9;492,0;14,0
2026-08-11 09:32:35;DESKTOP-22AN8KV;37,4;79,0;9,25;92,9;54,0;14,0
2026-08-11 09:32:47;DESKTOP-22AN8KV;39,0;79,0;9,26;92,9;26,0;6,0
2026-08-11 09:32:58;DESKTOP-22AN8KV;37,8;79,0;9,25;92,9;30,0;11,0
2026-08-11 09:33:10;DESKTOP-22AN8KV;37,4;79,0;9,25;92,9;24,0;5,0
2026-08-11 09:33:21;DESKTOP-22AN8KV;39,7;78,9;9,24;92,9;32,0;16,0
2026-08-11 09:33:33;DESKTOP-22AN8KV;38,2;78,9;9,25;92,9;27,0;10,0
2026-08-11 09:33:44;DESKTOP-22AN8KV;33,2;79,6;9,33;92,9;21,0;8,0
2026-08-11 09:33:56;DESKTOP-22AN8KV;31,9;79,9;9,35;92,9;85,0;38,0
2026-08-11 09:34:07;DESKTOP-22AN8KV;39,7;80,4;9,42;92,9;53,0;22,0
2026-08-11 09:34:19;DESKTOP-22AN8KV;38,9;80,2;9,39;92,9;56,0;491,0
2026-08-11 09:34:30;DESKTOP-22AN8KV;41,2;80,2;9,4;92,9;47,0;64,0
2026-08-11 09:34:42;DESKTOP-22AN8KV;42,5;80,0;9,37;92,9;47,0;495,0
2026-08-11 09:34:54;DESKTOP-22AN8KV;36,6;80,1;9,38;92,9;32,0;538,0
2026-08-11 09:35:05;DESKTOP-22AN8KV;36,0;80,7;9,46;92,9;95,0;697,0
2026-08-11 09:35:17;DESKTOP-22AN8KV;32,4;80,6;9,45;92,9;34,0;103,0
2026-08-11 09:35:28;DESKTOP-22AN8KV;32,8;80,8;9,46;92,9;27,0;6,0
2026-08-11 09:35:40;DESKTOP-22AN8KV;33,5;81,1;9,5;92,9;62,0;495,0
2026-08-11 09:35:51;DESKTOP-22AN8KV;37,4;82,0;9,61;92,9;31,0;615,0
2026-08-11 09:36:03;DESKTOP-22AN8KV;30,4;81,1;9,5;92,9;75,0;556,0
2026-08-11 09:36:14;DESKTOP-22AN8KV;31,1;81,0;9,49;92,9;63,0;1096,0
2026-08-11 09:36:26;DESKTOP-22AN8KV;33,0;80,7;9,45;92,9;160,0;1182,0
2026-08-11 09:36:37;DESKTOP-22AN8KV;29,2;80,6;9,44;92,9;175,0;1294,0
2026-08-11 09:36:49;DESKTOP-22AN8KV;30,2;80,1;9,38;92,9;263,0;107,0
2026-08-11 09:37:00;DESKTOP-22AN8KV;32,9;80,7;9,45;92,9;60,0;237,0
2026-08-11 09:37:12;DESKTOP-22AN8KV;29,4;80,3;9,4;92,9;53,0;628,0
2026-08-11 09:37:23;DESKTOP-22AN8KV;29,4;80,1;9,38;92,9;509,0;587,0
2026-08-11 09:37:35;DESKTOP-22AN8KV;32,5;79,7;9,34;92,9;66,0;34,0
2026-08-11 09:37:46;DESKTOP-22AN8KV;31,4;80,1;9,38;92,9;56,0;235,0
2026-08-11 09:37:58;DESKTOP-22AN8KV;31,4;79,8;9,35;92,9;67,0;582,0
2026-08-11 09:38:10;DESKTOP-22AN8KV;29,3;80,1;9,39;92,9;35,0;136,0
2026-08-11 09:38:21;DESKTOP-22AN8KV;27,6;80,1;9,38;92,9;51,0;262,0
2026-08-11 09:38:33;DESKTOP-22AN8KV;29,0;80,3;9,41;92,9;57,0;623,0
2026-08-11 09:38:44;DESKTOP-22AN8KV;28,7;80,1;9,39;92,9;37,0;71,0
2026-08-11 09:38:56;DESKTOP-22AN8KV;37,5;81,2;9,51;92,9;71,0;26,0
2026-08-11 09:39:07;DESKTOP-22AN8KV;32,5;81,1;9,5;92,9;47,0;23,0
2026-08-11 09:39:19;DESKTOP-22AN8KV;38,4;81,5;9,55;92,9;36,0;10,0
2026-08-11 09:39:30;DESKTOP-22AN8KV;44,0;82,0;9,61;92,9;139,0;588,0
2026-08-11 09:39:42;DESKTOP-22AN8KV;42,9;81,1;9,5;92,9;44,0;52,0
2026-08-11 09:39:53;DESKTOP-22AN8KV;47,2;81,1;9,5;92,9;47,0;32,0
2026-08-11 09:40:05;DESKTOP-22AN8KV;49,1;81,7;9,57;92,9;90,0;76,0
2026-08-11 09:40:16;DESKTOP-22AN8KV;45,3;81,6;9,56;92,9;36,0;36,0
2026-08-11 09:40:28;DESKTOP-22AN8KV;40,2;81,4;9,53;92,9;65,0;661,0
2026-08-11 09:40:40;DESKTOP-22AN8KV;40,8;80,9;9,48;92,9;43,0;95,0
2026-08-11 09:40:51;DESKTOP-22AN8KV;39,4;81,4;9,54;92,9;65,0;671,0
2026-08-11 09:41:03;DESKTOP-22AN8KV;36,7;82,1;9,62;92,9;41,0;556,0
2026-08-11 09:41:14;DESKTOP-22AN8KV;42,8;81,8;9,58;92,9;67,0;613,0
2026-08-11 09:41:26;DESKTOP-22AN8KV;40,4;80,8;9,47;92,9;66,0;695,0
2026-08-11 09:41:37;DESKTOP-22AN8KV;34,2;81,8;9,58;92,9;66,0;1207,0
2026-08-11 09:41:49;DESKTOP-22AN8KV;30,3;80,9;9,48;92,9;38,0;29,0
2026-08-11 09:42:00;DESKTOP-22AN8KV;26,3;82,9;9,71;92,9;70,0;566,0
2026-08-11 09:42:12;DESKTOP-22AN8KV;26,8;83,1;9,73;92,9;228,0;796,0
2026-08-11 09:42:23;DESKTOP-22AN8KV;26,3;82,7;9,69;92,9;348,0;20,0
2026-08-11 09:42:35;DESKTOP-22AN8KV;31,4;82,8;9,7;92,9;38,0;11,0
2026-08-11 09:42:46;DESKTOP-22AN8KV;43,9;82,0;9,61;92,9;41,0;31,0
2026-08-11 09:42:58;DESKTOP-22AN8KV;44,9;83,5;9,78;92,9;491,0;610,0
2026-08-11 09:43:10;DESKTOP-22AN8KV;46,4;84,3;9,87;92,9;89,0;645,0
2026-08-11 09:43:21;DESKTOP-22AN8KV;39,3;84,4;9,89;92,9;532,0;728,0
2026-08-11 09:43:33;DESKTOP-22AN8KV;41,9;83,1;9,73;92,9;78,0;65,0
2026-08-11 09:43:44;DESKTOP-22AN8KV;40,7;82,8;9,7;92,9;311,0;621,0
2026-08-11 09:45:04;DESKTOP-22AN8KV;0,0;83,0;9,72;92,9;0,0;0,0
2026-08-11 09:45:15;DESKTOP-22AN8KV;44,6;84,0;9,84;92,9;79,0;228,0
2026-08-11 09:45:27;DESKTOP-22AN8KV;47,3;84,2;9,87;92,9;153,0;286,0
2026-08-11 09:45:38;DESKTOP-22AN8KV;47,1;83,8;9,81;92,9;67,0;652,0
2026-08-11 09:45:50;DESKTOP-22AN8KV;43,4;83,3;9,76;92,9;50,0;65,0
2026-08-11 09:46:01;DESKTOP-22AN8KV;48,5;83,0;9,72;92,9;89,0;867,0
2026-08-11 09:46:13;DESKTOP-22AN8KV;45,5;82,3;9,65;92,9;71,0;861,0
2026-08-11 09:46:24;DESKTOP-22AN8KV;46,3;82,2;9,62;92,9;66,0;82,0
2026-08-11 09:46:36;DESKTOP-22AN8KV;43,6;82,2;9,63;92,9;60,0;12,0
2026-08-11 09:46:47;DESKTOP-22AN8KV;43,8;81,5;9,55;92,9;59,0;124,0
2026-08-11 09:46:59;DESKTOP-22AN8KV;45,5;81,6;9,55;92,9;53,0;1301,0
2026-08-11 09:47:10;DESKTOP-22AN8KV;46,9;82,0;9,6;92,9;63,0;689,0
2026-08-11 09:47:22;DESKTOP-22AN8KV;47,0;81,9;9,59;92,9;69,0;84,0
2026-08-11 09:47:33;DESKTOP-22AN8KV;48,2;81,9;9,59;92,9;59,0;18,0
2026-08-11 09:47:45;DESKTOP-22AN8KV;45,1;81,9;9,59;92,9;43,0;31,0
2026-08-11 09:47:57;DESKTOP-22AN8KV;45,5;82,2;9,63;92,9;50,0;619,0
2026-08-11 09:48:08;DESKTOP-22AN8KV;46,4;81,7;9,57;92,9;46,0;74,0
2026-08-11 09:48:20;DESKTOP-22AN8KV;45,2;81,5;9,55;92,9;40,0;26,0
2026-08-11 09:48:31;DESKTOP-22AN8KV;42,3;81,5;9,55;92,9;43,0;24,0
2026-08-11 09:48:43;DESKTOP-22AN8KV;45,7;81,5;9,55;92,9;35,0;12,0
2026-08-11 09:48:54;DESKTOP-22AN8KV;44,4;81,3;9,52;92,9;82,0;9,0
2026-08-11 09:49:06;DESKTOP-22AN8KV;40,8;81,3;9,53;92,9;250,0;13,0
2026-08-11 09:49:17;DESKTOP-22AN8KV;44,1;81,6;9,56;92,9;285,0;9,0
2026-08-11 09:49:29;DESKTOP-22AN8KV;44,3;81,7;9,57;92,9;54,0;30,0
2026-08-11 09:49:40;DESKTOP-22AN8KV;41,9;81,6;9,56;92,9;43,0;8,0
2026-08-11 09:49:52;DESKTOP-22AN8KV;44,9;81,7;9,57;92,9;27,0;8,0
2026-08-11 09:50:04;DESKTOP-22AN8KV;46,7;81,9;9,6;92,9;60,0;22,0
2026-08-11 09:50:15;DESKTOP-22AN8KV;42,9;81,8;9,59;92,9;33,0;7,0
2026-08-11 09:50:27;DESKTOP-22AN8KV;45,9;82,0;9,61;92,9;47,0;21,0
2026-08-11 09:50:38;DESKTOP-22AN8KV;44,0;82,2;9,63;92,9;35,0;5,0
2026-08-11 09:50:50;DESKTOP-22AN8KV;44,2;82,0;9,61;92,9;53,0;14,0
2026-08-11 09:51:01;DESKTOP-22AN8KV;43,3;81,7;9,57;92,9;60,0;32,0
2026-08-11 09:51:13;DESKTOP-22AN8KV;43,8;81,6;9,56;92,9;38,0;7,0
2026-08-11 09:51:24;DESKTOP-22AN8KV;46,3;81,7;9,58;92,9;25,0;12,0
2026-08-11 09:51:36;DESKTOP-22AN8KV;45,4;81,7;9,57;92,9;40,0;23,0
2026-08-11 09:51:47;DESKTOP-22AN8KV;44,0;81,5;9,55;92,9;32,0;11,0
2026-08-11 09:52:05;DESKTOP-22AN8KV;0,0;81,3;9,53;92,9;0,0;0,0
2026-08-11 09:52:16;DESKTOP-22AN8KV;43,4;81,7;9,57;92,9;42,0;58,0
2026-08-11 09:52:28;DESKTOP-22AN8KV;46,8;81,9;9,6;92,9;38,0;643,0
2026-08-11 09:52:39;DESKTOP-22AN8KV;42,3;81,9;9,59;92,9;62,0;108,0
2026-08-11 09:52:51;DESKTOP-22AN8KV;36,0;81,9;9,59;92,9;56,0;237,0
2026-08-11 09:53:02;DESKTOP-22AN8KV;40,0;82,3;9,64;92,9;53,0;693,0
2026-08-11 09:53:14;DESKTOP-22AN8KV;37,0;82,0;9,6;92,9;39,0;35,0
2026-08-11 09:53:25;DESKTOP-22AN8KV;38,5;82,0;9,61;92,9;39,0;24,0
2026-08-11 09:53:37;DESKTOP-22AN8KV;38,5;82,2;9,63;92,9;25,0;9,0
2026-08-11 09:53:48;DESKTOP-22AN8KV;38,9;81,7;9,57;92,9;35,0;21,0
2026-08-11 09:54:00;DESKTOP-22AN8KV;40,0;82,3;9,64;92,9;31,0;13,0
2026-08-11 09:54:11;DESKTOP-22AN8KV;39,7;83,4;9,77;92,9;86,0;56,0
2026-08-11 09:54:23;DESKTOP-22AN8KV;37,3;83,4;9,77;92,9;83,0;40,0
2026-08-11 09:54:35;DESKTOP-22AN8KV;42,8;82,6;9,68;92,9;72,0;665,0
2026-08-11 09:54:46;DESKTOP-22AN8KV;43,1;82,6;9,68;92,9;46,0;70,0
2026-08-11 09:54:58;DESKTOP-22AN8KV;41,9;83,0;9,73;92,9;86,0;65,0
2026-08-11 09:55:09;DESKTOP-22AN8KV;41,5;82,5;9,67;92,9;53,0;2021,0
2026-08-11 09:55:21;DESKTOP-22AN8KV;43,8;82,4;9,65;92,9;134,0;765,0
2026-08-11 09:55:32;DESKTOP-22AN8KV;44,3;82,6;9,68;92,9;85,0;51,0
2026-08-11 09:55:44;DESKTOP-22AN8KV;44,6;82,5;9,67;92,9;37,0;18,0
2026-08-11 09:55:55;DESKTOP-22AN8KV;42,8;82,4;9,65;92,9;35,0;19,0
2026-08-11 09:56:07;DESKTOP-22AN8KV;45,3;82,1;9,61;92,9;32,0;27,0
2026-08-11 09:56:18;DESKTOP-22AN8KV;44,1;82,0;9,61;92,9;64,0;116,0
2026-08-11 09:56:30;DESKTOP-22AN8KV;42,6;81,7;9,57;92,9;114,0;18,0
2026-08-11 09:56:41;DESKTOP-22AN8KV;44,7;81,6;9,56;92,9;219,0;34,0
2026-08-11 09:56:53;DESKTOP-22AN8KV;45,7;81,5;9,54;92,9;46,0;20,0
2026-08-11 09:57:04;DESKTOP-22AN8KV;43,4;81,5;9,55;92,9;36,0;21,0
2026-08-11 09:57:16;DESKTOP-22AN8KV;44,3;81,4;9,54;92,9;771,0;27,0
2026-08-11 09:57:28;DESKTOP-22AN8KV;42,8;81,5;9,55;92,9;42,0;18,0
2026-08-11 09:57:39;DESKTOP-22AN8KV;42,3;81,6;9,56;92,9;50,0;34,0
2026-08-11 09:57:51;DESKTOP-22AN8KV;47,2;81,1;9,5;92,9;37,0;16,0
2026-08-11 09:58:02;DESKTOP-22AN8KV;43,4;81,1;9,5;92,9;43,0;11,0
2026-08-11 09:58:14;DESKTOP-22AN8KV;44,9;81,1;9,5;92,9;249,0;27,0
2026-08-11 09:58:25;DESKTOP-22AN8KV;43,5;81,2;9,51;92,9;89,0;25,0
2026-08-11 09:58:37;DESKTOP-22AN8KV;41,3;81,2;9,51;92,9;129,0;25,0
2026-08-11 09:58:48;DESKTOP-22AN8KV;44,2;81,2;9,52;92,9;295,0;19,0
2026-08-11 09:59:00;DESKTOP-22AN8KV;44,4;82,1;9,61;92,9;44,0;14,0
2026-08-11 09:59:11;DESKTOP-22AN8KV;42,3;81,8;9,58;92,9;52,0;33,0
2026-08-11 09:59:23;DESKTOP-22AN8KV;45,2;81,7;9,57;92,9;68,0;34,0
2026-08-11 09:59:35;DESKTOP-22AN8KV;41,6;81,4;9,53;92,9;94,0;104,0
2026-08-11 09:59:46;DESKTOP-22AN8KV;44,7;81,5;9,55;92,9;459,0;21,0
2026-08-11 09:59:58;DESKTOP-22AN8KV;47,3;82,3;9,64;92,9;116,0;223,0
2026-08-11 10:00:09;DESKTOP-22AN8KV;45,5;82,7;9,69;92,9;52,0;765,0
2026-08-11 10:00:21;DESKTOP-22AN8KV;42,5;82,5;9,66;92,9;66,0;37,0
2026-08-11 10:00:32;DESKTOP-22AN8KV;46,2;82,8;9,7;92,9;68,0;699,0
2026-08-11 10:00:44;DESKTOP-22AN8KV;46,1;83,4;9,78;92,9;43,0;94,0
2026-08-11 10:00:55;DESKTOP-22AN8KV;47,1;80,4;9,42;92,9;61,0;723,0
2026-08-11 10:01:07;DESKTOP-22AN8KV;43,9;80,3;9,41;92,9;40,0;87,0
2026-08-11 10:01:18;DESKTOP-22AN8KV;44,4;80,3;9,41;92,9;60,0;711,0
2026-08-11 10:01:30;DESKTOP-22AN8KV;42,7;80,1;9,39;92,9;92,0;98,0
2026-08-11 10:01:41;DESKTOP-22AN8KV;47,0;80,3;9,41;92,9;233,0;28,0
2026-08-11 10:01:53;DESKTOP-22AN8KV;44,6;79,8;9,34;92,9;49,0;25,0
2026-08-11 10:02:04;DESKTOP-22AN8KV;39,4;79,9;9,36;92,9;39,0;736,0
2026-08-11 10:02:16;DESKTOP-22AN8KV;43,4;79,9;9,36;92,9;54,0;78,0
2026-08-11 10:02:28;DESKTOP-22AN8KV;40,3;80,1;9,39;92,9;56,0;856,0
2026-08-11 10:02:39;DESKTOP-22AN8KV;40,0;80,3;9,41;92,9;65,0;1067,0
2026-08-11 10:02:51;DESKTOP-22AN8KV;42,9;79,9;9,36;92,9;49,0;1035,0
2026-08-11 10:03:02;DESKTOP-22AN8KV;47,3;81,4;9,54;92,9;79,0;93,0
2026-08-11 10:03:14;DESKTOP-22AN8KV;50,5;81,4;9,54;92,9;56,0;41,0
2026-08-11 10:03:25;DESKTOP-22AN8KV;39,3;82,4;9,65;92,9;166,0;44,0
2026-08-11 10:03:37;DESKTOP-22AN8KV;37,5;81,3;9,53;92,9;51,0;933,0
2026-08-11 10:03:48;DESKTOP-22AN8KV;32,4;81,1;9,5;92,9;35,0;85,0
2026-08-11 10:04:00;DESKTOP-22AN8KV;33,9;80,3;9,41;92,9;59,0;21,0
2026-08-11 10:04:11;DESKTOP-22AN8KV;36,1;80,3;9,41;92,9;83,0;14,0
2026-08-11 10:04:23;DESKTOP-22AN8KV;35,3;80,4;9,42;92,9;46,0;16,0
2026-08-11 10:04:35;DESKTOP-22AN8KV;34,6;80,4;9,41;92,9;55,0;23,0
2026-08-11 10:04:46;DESKTOP-22AN8KV;33,4;80,4;9,42;92,9;498,0;18,0
2026-08-11 10:04:58;DESKTOP-22AN8KV;45,2;82,0;9,6;92,9;81,0;787,0
2026-08-11 10:05:09;DESKTOP-22AN8KV;46,6;81,2;9,52;92,9;118,0;103,0
2026-08-11 10:05:21;DESKTOP-22AN8KV;55,5;81,8;9,59;92,9;38,0;10,0
2026-08-11 10:05:32;DESKTOP-22AN8KV;81,2;83,5;9,78;92,9;411,0;35,0
2026-08-11 10:05:44;DESKTOP-22AN8KV;67,3;84,1;9,85;92,9;80,0;44,0
2026-08-11 10:05:56;DESKTOP-22AN8KV;58,9;86,7;10,16;93,0;285,0;25,0
2026-08-11 10:06:09;DESKTOP-22AN8KV;25,8;85,7;10,04;93,0;31,0;17,0
2026-08-11 10:06:21;DESKTOP-22AN8KV;53,3;82,8;9,7;92,9;18,0;9,0
2026-08-11 10:06:33;DESKTOP-22AN8KV;39,3;84,8;9,93;92,9;415,0;33,0
2026-08-11 10:06:44;DESKTOP-22AN8KV;47,4;83,2;9,75;92,9;187,0;23,0
2026-08-11 10:06:56;DESKTOP-22AN8KV;48,5;83,0;9,73;92,9;34,0;24,0
2026-08-11 10:07:07;DESKTOP-22AN8KV;35,8;83,2;9,74;92,9;18,0;5,0
2026-08-11 10:07:19;DESKTOP-22AN8KV;49,8;82,5;9,66;92,9;92,0;74,0
2026-08-11 10:07:30;DESKTOP-22AN8KV;42,8;81,9;9,6;92,9;492,0;8,0
2026-08-11 10:07:42;DESKTOP-22AN8KV;43,5;81,8;9,58;92,9;307,0;6,0
2026-08-11 10:07:53;DESKTOP-22AN8KV;43,6;82,1;9,62;92,9;58,0;783,0
2026-08-11 10:08:05;DESKTOP-22AN8KV;47,5;82,1;9,62;92,9;64,0;56,0
2026-08-11 10:08:16;DESKTOP-22AN8KV;48,9;81,8;9,58;92,9;31,0;10,0
2026-08-11 10:08:28;DESKTOP-22AN8KV;47,9;82,1;9,61;92,9;63,0;884,0
2026-08-11 10:08:39;DESKTOP-22AN8KV;44,9;82,0;9,61;92,9;52,0;61,0
2026-08-11 10:08:51;DESKTOP-22AN8KV;40,2;81,9;9,59;92,9;37,0;36,0
2026-08-11 10:09:02;DESKTOP-22AN8KV;47,7;82,1;9,61;92,9;47,0;770,0
2026-08-11 10:09:14;DESKTOP-22AN8KV;41,4;82,0;9,6;92,9;29,0;56,0
2026-08-11 10:09:26;DESKTOP-22AN8KV;45,8;82,3;9,65;92,9;60,0;776,0
2026-08-11 10:09:37;DESKTOP-22AN8KV;47,5;82,4;9,65;92,9;65,0;836,0
2026-08-11 10:09:49;DESKTOP-22AN8KV;45,8;82,1;9,62;92,9;34,0;70,0
2026-08-11 10:10:00;DESKTOP-22AN8KV;50,3;82,7;9,69;92,9;53,0;38,0
2026-08-11 10:10:12;DESKTOP-22AN8KV;48,7;82,5;9,66;92,9;29,0;6,0
2026-08-11 10:10:23;DESKTOP-22AN8KV;45,2;82,4;9,66;92,9;46,0;39,0
2026-08-11 10:10:35;DESKTOP-22AN8KV;48,5;82,2;9,63;92,9;55,0;33,0
2026-08-11 10:10:46;DESKTOP-22AN8KV;47,2;82,2;9,63;92,9;55,0;20,0
2026-08-11 10:10:58;DESKTOP-22AN8KV;52,0;82,1;9,62;92,9;54,0;24,0
2026-08-11 10:11:09;DESKTOP-22AN8KV;46,9;81,9;9,59;92,9;35,0;19,0
2026-08-11 10:11:21;DESKTOP-22AN8KV;47,3;82,0;9,61;92,9;43,0;42,0
2026-08-11 10:11:32;DESKTOP-22AN8KV;48,4;81,9;9,6;92,9;74,0;46,0
2026-08-11 10:11:44;DESKTOP-22AN8KV;46,1;82,1;9,61;92,9;63,0;780,0
2026-08-11 10:11:55;DESKTOP-22AN8KV;57,6;83,4;9,76;92,9;92,0;1127,0
2026-08-11 10:12:07;DESKTOP-22AN8KV;51,4;83,7;9,81;92,9;88,0;1115,0
2026-08-11 10:12:18;DESKTOP-22AN8KV;44,8;84,0;9,84;92,9;68,0;900,0
2026-08-11 10:12:30;DESKTOP-22AN8KV;48,5;84,8;9,93;92,9;624,0;279,0
2026-08-11 10:12:42;DESKTOP-22AN8KV;45,0;84,8;9,93;92,9;448,0;851,0
2026-08-11 10:12:53;DESKTOP-22AN8KV;37,5;85,0;9,96;92,9;37,0;58,0
2026-08-11 10:13:05;DESKTOP-22AN8KV;42,4;84,5;9,9;92,9;57,0;18,0
2026-08-11 10:13:16;DESKTOP-22AN8KV;49,6;84,9;9,94;92,9;37,0;34,0
2026-08-11 10:13:28;DESKTOP-22AN8KV;36,8;84,5;9,9;92,9;48,0;31,0
2026-08-11 10:13:39;DESKTOP-22AN8KV;39,1;83,9;9,82;92,9;54,0;25,0
2026-08-11 10:13:51;DESKTOP-22AN8KV;41,1;83,6;9,8;92,9;207,0;32,0
2026-08-11 10:14:02;DESKTOP-22AN8KV;40,4;84,0;9,85;92,9;115,0;16,0
2026-08-11 10:14:14;DESKTOP-22AN8KV;47,0;84,3;9,87;92,9;61,0;31,0
2026-08-11 10:14:25;DESKTOP-22AN8KV;38,9;83,8;9,82;92,9;48,0;30,0
2026-08-11 10:14:37;DESKTOP-22AN8KV;46,0;84,7;9,93;92,9;151,0;846,0
2026-08-11 10:14:48;DESKTOP-22AN8KV;53,1;83,5;9,78;92,9;64,0;52,0
2026-08-11 10:15:00;DESKTOP-22AN8KV;53,6;83,9;9,82;92,9;75,0;38,0
2026-08-11 10:15:11;DESKTOP-22AN8KV;50,2;84,1;9,85;92,9;122,0;231,0
2026-08-11 10:15:23;DESKTOP-22AN8KV;52,8;83,9;9,83;92,9;67,0;246,0
2026-08-11 10:15:35;DESKTOP-22AN8KV;49,9;83,4;9,77;92,9;42,0;32,0
2026-08-11 10:15:46;DESKTOP-22AN8KV;50,5;83,5;9,78;92,9;60,0;52,0
2026-08-11 10:15:58;DESKTOP-22AN8KV;47,9;83,7;9,8;92,9;78,0;901,0
2026-08-11 10:16:09;DESKTOP-22AN8KV;48,5;83,8;9,82;92,9;95,0;1737,0
2026-08-11 10:16:21;DESKTOP-22AN8KV;49,1;83,6;9,79;92,9;69,0;73,0
2026-08-11 10:16:32;DESKTOP-22AN8KV;48,7;83,4;9,77;92,9;43,0;17,0
2026-08-11 10:16:44;DESKTOP-22AN8KV;50,2;83,2;9,74;92,9;46,0;32,0
2026-08-11 10:16:55;DESKTOP-22AN8KV;51,3;82,9;9,71;92,9;40,0;20,0
2026-08-11 10:17:07;DESKTOP-22AN8KV;51,4;82,3;9,64;92,9;43,0;16,0
2026-08-11 10:17:18;DESKTOP-22AN8KV;54,4;82,6;9,67;92,9;46,0;25,0
2026-08-11 10:17:30;DESKTOP-22AN8KV;51,9;82,7;9,68;92,9;118,0;19,0
2026-08-11 10:17:41;DESKTOP-22AN8KV;49,3;82,7;9,69;92,9;194,0;268,0
2026-08-11 10:17:53;DESKTOP-22AN8KV;48,5;82,5;9,67;92,9;41,0;16,0
2026-08-11 10:18:04;DESKTOP-22AN8KV;47,7;82,4;9,66;92,9;38,0;11,0
2026-08-11 10:18:16;DESKTOP-22AN8KV;49,7;82,6;9,67;92,9;80,0;62,0
2026-08-11 10:18:28;DESKTOP-22AN8KV;55,1;83,1;9,74;92,9;196,0;861,0
2026-08-11 10:18:39;DESKTOP-22AN8KV;55,1;83,4;9,77;92,9;523,0;1058,0
2026-08-11 10:18:51;DESKTOP-22AN8KV;52,4;83,5;9,78;92,9;109,0;1773,0
2026-08-11 10:19:02;DESKTOP-22AN8KV;52,8;83,5;9,79;92,9;170,0;108,0
2026-08-11 10:19:14;DESKTOP-22AN8KV;50,6;83,6;9,8;92,9;55,0;19,0
2026-08-11 10:19:25;DESKTOP-22AN8KV;51,5;83,7;9,81;92,9;66,0;864,0
2026-08-11 10:19:37;DESKTOP-22AN8KV;52,4;83,9;9,83;92,9;550,0;1322,0
2026-08-11 10:19:48;DESKTOP-22AN8KV;52,7;83,7;9,8;92,9;129,0;1138,0
2026-08-11 10:20:00;DESKTOP-22AN8KV;57,6;85,2;9,98;92,9;398,0;138,0
2026-08-11 10:20:11;DESKTOP-22AN8KV;47,9;85,4;10,01;92,9;83,0;963,0
2026-08-11 10:20:23;DESKTOP-22AN8KV;47,1;84,0;9,84;92,9;38,0;105,0
2026-08-11 10:20:34;DESKTOP-22AN8KV;44,8;82,9;9,71;92,9;25,0;35,0
2026-08-11 10:20:46;DESKTOP-22AN8KV;40,9;82,9;9,71;92,9;138,0;22,0
2026-08-11 10:20:57;DESKTOP-22AN8KV;48,0;84,3;9,87;92,9;115,0;106,0
2026-08-11 10:21:09;DESKTOP-22AN8KV;42,5;83,8;9,82;92,9;63,0;37,0
2026-08-11 10:21:21;DESKTOP-22AN8KV;36,0;83,9;9,83;92,9;52,0;34,0
2026-08-11 10:21:32;DESKTOP-22AN8KV;37,2;84,0;9,84;92,9;50,0;32,0
2026-08-11 10:21:44;DESKTOP-22AN8KV;21,4;83,3;9,76;92,9;50,0;864,0
2026-08-11 10:21:55;DESKTOP-22AN8KV;21,9;83,1;9,73;92,9;46,0;73,0
2026-08-11 10:22:07;DESKTOP-22AN8KV;27,7;82,9;9,72;92,9;56,0;37,0
2026-08-11 10:22:18;DESKTOP-22AN8KV;29,8;82,7;9,69;92,9;38,0;31,0
2026-08-11 10:22:30;DESKTOP-22AN8KV;28,5;82,2;9,64;92,9;50,0;31,0
2026-08-11 10:22:41;DESKTOP-22AN8KV;30,1;81,8;9,58;92,9;32,0;26,0
2026-08-11 10:22:53;DESKTOP-22AN8KV;30,0;82,5;9,66;92,9;58,0;878,0
2026-08-11 10:23:04;DESKTOP-22AN8KV;30,1;82,6;9,67;92,9;86,0;1140,0
2026-08-11 10:23:16;DESKTOP-22AN8KV;28,6;82,5;9,67;92,9;40,0;36,0
2026-08-11 10:23:27;DESKTOP-22AN8KV;29,4;82,6;9,67;92,9;45,0;13,0
2026-08-11 10:23:39;DESKTOP-22AN8KV;31,5;82,9;9,71;92,9;86,0;935,0
2026-08-11 10:23:50;DESKTOP-22AN8KV;31,3;82,8;9,7;92,9;317,0;976,0
2026-08-11 10:24:02;DESKTOP-22AN8KV;30,3;83,1;9,73;92,9;63,0;2121,0
2026-08-11 10:24:13;DESKTOP-22AN8KV;30,3;83,4;9,77;92,9;64,0;1282,0
2026-08-11 10:24:25;DESKTOP-22AN8KV;29,1;83,4;9,77;92,9;62,0;940,0
2026-08-11 10:24:37;DESKTOP-22AN8KV;30,3;83,6;9,79;92,9;543,0;118,0
2026-08-11 10:24:48;DESKTOP-22AN8KV;26,5;83,7;9,81;92,9;285,0;1149,0
2026-08-11 10:25:00;DESKTOP-22AN8KV;30,5;84,2;9,86;92,9;280,0;266,0
2026-08-11 10:25:11;DESKTOP-22AN8KV;30,0;84,1;9,86;92,9;64,0;28,0
2026-08-11 10:25:23;DESKTOP-22AN8KV;29,0;84,7;9,93;92,9;36,0;20,0
2026-08-11 10:25:34;DESKTOP-22AN8KV;27,5;84,7;9,92;92,9;46,0;39,0
2026-08-11 10:25:46;DESKTOP-22AN8KV;27,3;83,8;9,81;92,9;55,0;15,0
2026-08-11 10:25:57;DESKTOP-22AN8KV;27,2;83,2;9,75;92,9;74,0;22,0
2026-08-11 10:26:09;DESKTOP-22AN8KV;28,1;83,5;9,78;92,9;67,0;124,0
2026-08-11 10:26:20;DESKTOP-22AN8KV;32,3;84,0;9,84;92,9;79,0;1044,0
2026-08-11 10:26:32;DESKTOP-22AN8KV;30,5;84,6;9,91;92,9;50,0;997,0
2026-08-11 10:26:43;DESKTOP-22AN8KV;30,4;84,6;9,91;92,9;68,0;1286,0
2026-08-11 10:26:55;DESKTOP-22AN8KV;31,5;85,0;9,95;92,9;294,0;1546,0
2026-08-11 10:27:06;DESKTOP-22AN8KV;28,9;84,3;9,87;92,9;66,0;1003,0
2026-08-11 10:27:18;DESKTOP-22AN8KV;27,3;84,3;9,87;92,9;38,0;94,0
2026-08-11 10:27:30;DESKTOP-22AN8KV;29,8;84,3;9,88;92,9;68,0;1164,0
2026-08-11 10:27:41;DESKTOP-22AN8KV;26,9;84,4;9,89;92,9;43,0;99,0
2026-08-11 10:27:53;DESKTOP-22AN8KV;35,0;86,1;10,09;92,9;56,0;216,0
2026-08-11 10:28:04;DESKTOP-22AN8KV;44,2;87,8;10,28;92,9;120,0;992,0
2026-08-11 10:28:16;DESKTOP-22AN8KV;48,5;87,3;10,22;92,9;74,0;116,0
2026-08-11 10:28:27;DESKTOP-22AN8KV;34,8;85,8;10,05;92,9;88,0;1029,0
2026-08-11 10:28:39;DESKTOP-22AN8KV;30,3;85,0;9,96;92,9;84,0;2485,0
2026-08-11 10:28:50;DESKTOP-22AN8KV;27,5;84,8;9,94;92,9;57,0;1259,0
2026-08-11 10:29:02;DESKTOP-22AN8KV;35,6;86,6;10,14;92,9;96,0;1056,0
2026-08-11 10:29:13;DESKTOP-22AN8KV;22,2;85,4;10,0;92,9;147,0;117,0
2026-08-11 10:29:25;DESKTOP-22AN8KV;20,5;85,2;9,98;92,9;56,0;40,0
2026-08-11 10:29:36;DESKTOP-22AN8KV;22,9;84,9;9,95;92,9;65,0;32,0
2026-08-11 10:29:48;DESKTOP-22AN8KV;20,2;84,4;9,89;92,9;107,0;37,0
2026-08-11 10:29:59;DESKTOP-22AN8KV;23,1;84,9;9,95;92,9;256,0;27,0
2026-08-11 10:30:11;DESKTOP-22AN8KV;20,0;84,6;9,91;92,9;57,0;37,0
2026-08-11 10:30:23;DESKTOP-22AN8KV;21,6;84,4;9,89;92,9;42,0;33,0
2026-08-11 10:30:34;DESKTOP-22AN8KV;22,1;84,4;9,88;92,9;135,0;19,0
2026-08-11 10:30:46;DESKTOP-22AN8KV;26,5;85,1;9,97;92,9;46,0;968,0
2026-08-11 10:30:57;DESKTOP-22AN8KV;28,9;84,5;9,9;92,9;71,0;61,0
2026-08-11 10:31:09;DESKTOP-22AN8KV;28,4;84,5;9,9;92,9;42,0;44,0
2026-08-11 10:31:20;DESKTOP-22AN8KV;28,4;84,1;9,85;92,9;42,0;32,0
2026-08-11 10:31:32;DESKTOP-22AN8KV;25,0;84,4;9,88;92,9;306,0;218,0
2026-08-11 10:31:43;DESKTOP-22AN8KV;26,4;84,3;9,88;92,9;73,0;193,0
2026-08-11 10:31:55;DESKTOP-22AN8KV;26,0;84,5;9,9;92,9;77,0;1005,0
2026-08-11 10:32:06;DESKTOP-22AN8KV;25,6;83,9;9,83;92,9;39,0;90,0
2026-08-11 10:32:18;DESKTOP-22AN8KV;30,4;86,0;10,07;92,9;100,0;52,0
2026-08-11 10:32:29;DESKTOP-22AN8KV;30,6;85,4;10,01;92,9;118,0;1010,0
2026-08-11 10:32:41;DESKTOP-22AN8KV;30,2;85,0;9,96;92,9;46,0;15,0
2026-08-11 10:32:52;DESKTOP-22AN8KV;32,2;84,6;9,91;92,9;70,0;1047,0
2026-08-11 10:33:04;DESKTOP-22AN8KV;29,1;84,3;9,87;92,9;35,0;84,0
2026-08-11 10:33:15;DESKTOP-22AN8KV;29,6;84,3;9,88;92,9;138,0;39,0
2026-08-11 10:33:27;DESKTOP-22AN8KV;27,5;84,3;9,88;92,9;246,0;24,0
2026-08-11 10:33:38;DESKTOP-22AN8KV;31,2;83,8;9,82;92,9;49,0;25,0
2026-08-11 10:33:50;DESKTOP-22AN8KV;26,1;83,6;9,8;92,9;27,0;15,0
2026-08-11 10:34:02;DESKTOP-22AN8KV;32,7;83,7;9,81;92,9;48,0;28,0
2026-08-11 10:34:13;DESKTOP-22AN8KV;30,9;84,2;9,86;92,9;88,0;31,0
2026-08-11 10:34:25;DESKTOP-22AN8KV;28,2;84,0;9,83;92,9;304,0;15,0
2026-08-11 10:34:36;DESKTOP-22AN8KV;27,0;83,8;9,82;92,9;35,0;9,0
2026-08-11 10:34:48;DESKTOP-22AN8KV;29,9;84,1;9,85;92,9;69,0;77,0
2026-08-11 10:34:59;DESKTOP-22AN8KV;31,3;84,9;9,95;92,9;56,0;1022,0
2026-08-11 10:35:11;DESKTOP-22AN8KV;43,8;86,9;10,18;92,9;2943,0;1325,0
2026-08-11 10:35:22;DESKTOP-22AN8KV;38,7;87,6;10,26;92,9;4584,0;1152,0
2026-08-11 10:35:34;DESKTOP-22AN8KV;29,5;86,6;10,15;92,9;72,0;1048,0
2026-08-11 10:35:45;DESKTOP-22AN8KV;30,0;86,1;10,09;92,9;33,0;78,0
2026-08-11 10:35:57;DESKTOP-22AN8KV;29,9;85,8;10,05;92,9;50,0;165,0
2026-08-11 10:36:08;DESKTOP-22AN8KV;32,5;86,4;10,12;92,9;165,0;39,0
2026-08-11 10:36:20;DESKTOP-22AN8KV;33,5;85,2;9,99;92,9;92,0;46,0
2026-08-11 10:36:31;DESKTOP-22AN8KV;31,5;85,1;9,97;92,9;73,0;1217,0
2026-08-11 10:36:43;DESKTOP-22AN8KV;28,3;85,3;9,99;92,9;54,0;1067,0
2026-08-11 10:36:54;DESKTOP-22AN8KV;26,5;84,7;9,92;92,9;119,0;1151,0
2026-08-11 10:37:06;DESKTOP-22AN8KV;32,2;84,2;9,87;92,9;726,0;1068,0
2026-08-11 10:37:18;DESKTOP-22AN8KV;27,4;84,1;9,85;92,9;87,0;1099,0
2026-08-11 10:37:29;DESKTOP-22AN8KV;29,4;83,9;9,83;92,9;65,0;1086,0
2026-08-11 10:37:41;DESKTOP-22AN8KV;29,1;84,2;9,86;92,9;47,0;2084,0
2026-08-11 10:37:52;DESKTOP-22AN8KV;23,8;83,9;9,83;92,9;39,0;238,0
2026-08-11 10:38:04;DESKTOP-22AN8KV;28,0;83,4;9,77;92,9;34,0;22,0
2026-08-11 10:38:15;DESKTOP-22AN8KV;27,8;83,9;9,83;92,9;53,0;50,0
2026-08-11 10:38:27;DESKTOP-22AN8KV;27,1;83,9;9,83;92,9;45,0;14,0
2026-08-11 10:38:38;DESKTOP-22AN8KV;28,2;83,7;9,8;92,9;41,0;16,0
2026-08-11 10:38:50;DESKTOP-22AN8KV;27,4;83,0;9,73;92,9;44,0;28,0
2026-08-11 10:39:01;DESKTOP-22AN8KV;28,6;83,4;9,77;92,9;143,0;48,0
2026-08-11 10:39:13;DESKTOP-22AN8KV;32,2;83,8;9,82;92,9;333,0;1273,0
2026-08-11 10:39:24;DESKTOP-22AN8KV;30,0;83,8;9,82;92,9;367,0;1138,0
2026-08-11 10:39:36;DESKTOP-22AN8KV;29,9;84,0;9,84;92,9;77,0;1089,0
2026-08-11 10:39:47;DESKTOP-22AN8KV;27,8;83,9;9,83;92,9;59,0;107,0
2026-08-11 10:39:59;DESKTOP-22AN8KV;30,3;84,3;9,87;92,9;62,0;56,0
2026-08-11 10:40:10;DESKTOP-22AN8KV;30,1;84,4;9,88;92,9;74,0;2210,0
2026-08-11 10:40:22;DESKTOP-22AN8KV;28,8;84,3;9,87;92,9;69,0;1513,0
2026-08-11 10:40:34;DESKTOP-22AN8KV;27,7;84,3;9,88;92,9;511,0;2274,0
2026-08-11 10:40:45;DESKTOP-22AN8KV;29,0;84,4;9,89;92,9;62,0;2171,0
2026-08-11 10:40:57;DESKTOP-22AN8KV;30,4;84,0;9,84;92,9;63,0;1170,0
2026-08-11 10:41:08;DESKTOP-22AN8KV;28,0;84,3;9,87;92,9;35,0;78,0
2026-08-11 10:41:20;DESKTOP-22AN8KV;30,4;84,3;9,87;92,9;48,0;82,0
2026-08-11 10:41:31;DESKTOP-22AN8KV;29,6;84,5;9,9;92,9;173,0;1150,0
2026-08-11 10:41:43;DESKTOP-22AN8KV;24,8;83,8;9,82;92,9;166,0;32,0
2026-08-11 10:41:54;DESKTOP-22AN8KV;27,5;82,6;9,67;92,9;48,0;31,0
2026-08-11 10:42:06;DESKTOP-22AN8KV;25,7;82,8;9,7;92,9;31,0;13,0
2026-08-11 10:42:17;DESKTOP-22AN8KV;26,0;82,7;9,69;92,9;38,0;18,0
2026-08-11 10:42:29;DESKTOP-22AN8KV;29,6;83,4;9,77;93,0;54549,0;2496,0
2026-08-11 10:42:52;DESKTOP-22AN8KV;0,0;86,4;10,12;93,4;0,0;0,0
2026-08-11 10:43:03;DESKTOP-22AN8KV;40,3;87,4;10,23;93,5;67,0;1128,0
2026-08-11 10:43:15;DESKTOP-22AN8KV;43,3;88,1;10,32;93,4;143,0;340,0
2026-08-11 10:43:27;DESKTOP-22AN8KV;38,6;86,5;10,13;93,1;326,0;1148,0
2026-08-11 10:43:38;DESKTOP-22AN8KV;28,4;86,6;10,15;93,1;52,0;106,0
2026-08-11 10:43:50;DESKTOP-22AN8KV;24,7;86,6;10,15;93,1;47,0;167,0
2026-08-11 10:44:01;DESKTOP-22AN8KV;33,1;86,2;10,09;93,1;254,0;1099,0
2026-08-11 10:44:13;DESKTOP-22AN8KV;30,8;86,1;10,08;93,1;60,0;74,0
2026-08-11 10:44:24;DESKTOP-22AN8KV;26,4;86,2;10,1;93,1;138,0;1136,0
2026-08-11 10:44:36;DESKTOP-22AN8KV;29,9;86,4;10,12;93,1;85,0;1399,0
2026-08-11 10:44:47;DESKTOP-22AN8KV;38,9;88,3;10,34;93,1;80,0;1441,0
2026-08-11 10:44:59;DESKTOP-22AN8KV;34,7;87,0;10,19;93,1;69,0;104,0
2026-08-11 10:45:10;DESKTOP-22AN8KV;50,7;86,6;10,14;93,1;142,0;234,0
2026-08-11 10:45:22;DESKTOP-22AN8KV;46,1;85,8;10,06;93,1;328,0;1312,0
2026-08-11 10:45:33;DESKTOP-22AN8KV;43,6;85,4;10,0;93,1;78,0;1175,0
2026-08-11 10:45:45;DESKTOP-22AN8KV;52,5;86,4;10,12;93,1;70,0;88,0
2026-08-11 10:45:56;DESKTOP-22AN8KV;54,1;86,9;10,18;93,1;65,0;39,0
2026-08-11 10:46:08;DESKTOP-22AN8KV;49,8;86,3;10,11;93,1;53,0;38,0
2026-08-11 10:46:20;DESKTOP-22AN8KV;47,9;85,0;9,96;93,1;52,0;39,0
2026-08-11 10:46:31;DESKTOP-22AN8KV;47,8;85,0;9,96;93,1;151,0;1317,0
2026-08-11 10:46:43;DESKTOP-22AN8KV;47,1;84,9;9,95;93,1;122,0;91,0
2026-08-11 10:46:54;DESKTOP-22AN8KV;45,1;84,7;9,93;93,1;31,0;15,0
2026-08-11 10:47:06;DESKTOP-22AN8KV;46,5;84,7;9,93;93,1;27,0;19,0
2026-08-11 10:47:17;DESKTOP-22AN8KV;50,1;84,6;9,91;93,1;64,0;41,0
2026-08-11 10:47:29;DESKTOP-22AN8KV;49,1;85,1;9,96;93,1;80,0;1135,0
2026-08-11 10:47:40;DESKTOP-22AN8KV;53,9;85,1;9,97;93,1;68,0;106,0
2026-08-11 10:47:52;DESKTOP-22AN8KV;46,3;85,1;9,97;93,1;64,0;1207,0
2026-08-11 10:48:03;DESKTOP-22AN8KV;44,7;85,6;10,03;93,1;127,0;57,0
2026-08-11 10:48:15;DESKTOP-22AN8KV;43,2;84,2;9,87;93,1;422,0;1172,0
2026-08-11 10:48:26;DESKTOP-22AN8KV;47,2;84,2;9,86;93,1;53,0;187,0
2026-08-11 10:48:38;DESKTOP-22AN8KV;40,4;84,3;9,88;93,1;66,0;1218,0
2026-08-11 10:48:49;DESKTOP-22AN8KV;39,3;85,8;10,05;93,1;115,0;140,0
2026-08-11 10:49:01;DESKTOP-22AN8KV;23,6;83,8;9,82;93,1;52,0;17,0
2026-08-11 10:49:13;DESKTOP-22AN8KV;22,9;83,9;9,83;93,1;48,0;23,0
2026-08-11 10:49:24;DESKTOP-22AN8KV;43,2;85,2;9,98;93,1;84,0;53,0
2026-08-11 10:49:36;DESKTOP-22AN8KV;47,3;84,9;9,95;93,1;64,0;21,0
2026-08-11 10:49:47;DESKTOP-22AN8KV;38,8;84,8;9,93;93,1;42,0;13,0
2026-08-11 10:49:59;DESKTOP-22AN8KV;41,8;84,9;9,95;93,1;53,0;21,0
2026-08-11 10:50:10;DESKTOP-22AN8KV;42,8;85,7;10,03;93,1;27,0;10,0
2026-08-11 10:50:22;DESKTOP-22AN8KV;39,0;85,8;10,06;93,1;268,0;34,0
2026-08-11 10:50:33;DESKTOP-22AN8KV;38,1;85,3;10,0;93,1;77,0;50,0
2026-08-11 10:50:45;DESKTOP-22AN8KV;41,6;84,9;9,94;93,1;27,0;13,0
2026-08-11 10:50:56;DESKTOP-22AN8KV;39,0;84,8;9,93;93,1;58,0;1157,0
2026-08-11 10:51:08;DESKTOP-22AN8KV;37,5;84,1;9,85;93,1;42,0;50,0
2026-08-11 10:51:19;DESKTOP-22AN8KV;36,0;84,1;9,86;93,1;45,0;30,0
2026-08-11 10:51:31;DESKTOP-22AN8KV;38,7;84,0;9,84;93,1;45,0;49,0
2026-08-11 10:51:42;DESKTOP-22AN8KV;47,6;84,2;9,86;93,1;28,0;28,0
2026-08-11 10:51:54;DESKTOP-22AN8KV;42,7;83,7;9,81;93,1;37,0;44,0
2026-08-11 10:52:05;DESKTOP-22AN8KV;40,9;83,7;9,8;93,1;30,0;30,0
2026-08-11 10:52:17;DESKTOP-22AN8KV;44,7;83,0;9,72;93,1;48,0;12,0
2026-08-11 10:52:28;DESKTOP-22AN8KV;41,8;83,2;9,75;93,1;51,0;27,0
2026-08-11 10:52:40;DESKTOP-22AN8KV;47,6;83,2;9,75;93,1;40,0;10,0
2026-08-11 10:52:52;DESKTOP-22AN8KV;48,0;83,2;9,74;93,1;266,0;16,0
2026-08-11 10:53:03;DESKTOP-22AN8KV;42,4;83,2;9,75;93,1;36,0;21,0
2026-08-11 10:53:15;DESKTOP-22AN8KV;46,5;83,0;9,72;93,1;58,0;26,0
2026-08-11 10:53:26;DESKTOP-22AN8KV;49,0;84,3;9,88;93,1;44,0;126,0
2026-08-11 10:53:38;DESKTOP-22AN8KV;45,2;83,9;9,82;93,1;48,0;1159,0
2026-08-11 10:53:49;DESKTOP-22AN8KV;39,6;84,0;9,84;93,1;228,0;80,0
2026-08-11 10:54:01;DESKTOP-22AN8KV;39,5;84,2;9,87;93,1;57,0;1241,0
2026-08-11 10:54:12;DESKTOP-22AN8KV;42,7;84,0;9,85;93,1;54,0;186,0
2026-08-11 10:54:24;DESKTOP-22AN8KV;38,4;84,1;9,85;93,1;64,0;1249,0
2026-08-11 10:54:35;DESKTOP-22AN8KV;35,7;84,1;9,85;93,1;294,0;81,0
2026-08-11 10:54:47;DESKTOP-22AN8KV;34,3;85,5;10,01;93,1;219,0;41,0
2026-08-11 10:54:58;DESKTOP-22AN8KV;29,6;85,0;9,96;93,1;157,0;53,0
2026-08-11 10:55:10;DESKTOP-22AN8KV;24,3;84,7;9,92;93,1;64,0;54,0
2026-08-11 10:55:21;DESKTOP-22AN8KV;37,6;85,3;9,99;93,1;96,0;1238,0
2026-08-11 10:55:33;DESKTOP-22AN8KV;44,8;85,6;10,03;93,1;109,0;40,0
2026-08-11 10:55:45;DESKTOP-22AN8KV;43,0;85,1;9,97;93,1;39,0;21,0
2026-08-11 10:55:56;DESKTOP-22AN8KV;44,6;85,2;9,98;93,1;42,0;32,0
2026-08-11 10:56:08;DESKTOP-22AN8KV;42,7;83,5;9,78;93,1;34,0;28,0
2026-08-11 10:56:19;DESKTOP-22AN8KV;42,6;83,2;9,75;93,1;62,0;128,0
2026-08-11 10:56:31;DESKTOP-22AN8KV;51,9;84,9;9,94;93,1;192,0;26,0
2026-08-11 10:56:42;DESKTOP-22AN8KV;46,9;84,7;9,92;93,1;194,0;33,0
2026-08-11 10:56:54;DESKTOP-22AN8KV;45,3;84,5;9,9;93,1;37,0;14,0
2026-08-11 10:57:05;DESKTOP-22AN8KV;47,2;83,9;9,83;93,1;34,0;19,0
2026-08-11 10:57:17;DESKTOP-22AN8KV;44,0;83,5;9,78;93,1;35,0;15,0
2026-08-11 10:57:28;DESKTOP-22AN8KV;44,2;83,6;9,79;93,1;47,0;20,0
2026-08-11 10:57:40;DESKTOP-22AN8KV;41,1;83,6;9,79;93,1;41,0;17,0
2026-08-11 10:57:51;DESKTOP-22AN8KV;45,5;83,7;9,8;93,1;58,0;95,0
2026-08-11 10:58:03;DESKTOP-22AN8KV;48,0;84,8;9,93;93,1;43,0;16,0
2026-08-11 10:58:14;DESKTOP-22AN8KV;50,2;85,5;10,02;93,1;59,0;1181,0
2026-08-11 10:58:26;DESKTOP-22AN8KV;46,3;84,2;9,86;93,1;60,0;1347,0
2026-08-11 10:58:38;DESKTOP-22AN8KV;44,6;83,5;9,78;93,1;58,0;1295,0
2026-08-11 10:58:49;DESKTOP-22AN8KV;49,3;84,3;9,88;93,1;36,0;51,0
2026-08-11 10:59:01;DESKTOP-22AN8KV;56,0;85,2;9,98;93,1;82,0;67,0
2026-08-11 10:59:12;DESKTOP-22AN8KV;48,8;84,7;9,92;93,1;47,0;1224,0
2026-08-11 10:59:24;DESKTOP-22AN8KV;41,5;84,8;9,94;93,1;52,0;31,0
2026-08-11 10:59:35;DESKTOP-22AN8KV;38,2;84,7;9,92;93,1;58,0;52,0
2026-08-11 10:59:47;DESKTOP-22AN8KV;42,6;84,9;9,95;93,1;129,0;1285,0
2026-08-11 10:59:58;DESKTOP-22AN8KV;36,4;84,9;9,94;93,1;156,0;1280,0
2026-08-11 11:00:10;DESKTOP-22AN8KV;43,5;85,1;9,97;93,1;78,0;188,0
2026-08-11 11:00:21;DESKTOP-22AN8KV;42,6;85,7;10,04;93,1;58,0;280,0
2026-08-11 11:00:33;DESKTOP-22AN8KV;39,7;86,0;10,08;93,1;59,0;1414,0
2026-08-11 11:00:44;DESKTOP-22AN8KV;35,8;84,5;9,9;93,1;48,0;85,0
2026-08-11 11:00:56;DESKTOP-22AN8KV;32,7;84,7;9,92;93,1;41,0;30,0
2026-08-11 11:01:07;DESKTOP-22AN8KV;35,0;84,5;9,89;93,1;45,0;44,0
2026-08-11 11:01:19;DESKTOP-22AN8KV;37,7;84,4;9,89;93,1;48,0;1270,0
2026-08-11 11:01:30;DESKTOP-22AN8KV;62,5;85,4;10,01;93,1;306,0;68,0
2026-08-11 11:01:42;DESKTOP-22AN8KV;45,5;85,5;10,02;93,1;465,0;263,0
2026-08-11 11:01:54;DESKTOP-22AN8KV;40,0;85,9;10,06;93,1;59,0;1344,0
2026-08-11 11:02:05;DESKTOP-22AN8KV;41,0;86,7;10,16;93,1;32,0;92,0
2026-08-11 11:02:17;DESKTOP-22AN8KV;38,1;84,9;9,95;93,1;41,0;25,0
2026-08-11 11:02:28;DESKTOP-22AN8KV;38,0;85,1;9,96;93,1;32,0;16,0
2026-08-11 11:02:40;DESKTOP-22AN8KV;33,7;84,4;9,89;93,1;488,0;35,0
2026-08-11 11:02:51;DESKTOP-22AN8KV;36,5;84,3;9,88;93,1;32,0;28,0
2026-08-11 11:03:03;DESKTOP-22AN8KV;42,9;84,1;9,85;93,1;34,0;34,0
2026-08-11 11:03:14;DESKTOP-22AN8KV;40,7;84,0;9,84;93,1;56,0;1218,0
2026-08-11 11:03:26;DESKTOP-22AN8KV;42,4;83,9;9,82;93,1;41,0;73,0
2026-08-11 11:03:37;DESKTOP-22AN8KV;50,3;84,0;9,84;93,1;276,0;64,0
2026-08-11 11:03:49;DESKTOP-22AN8KV;45,9;83,8;9,81;93,1;33,0;157,0
2026-08-11 11:04:00;DESKTOP-22AN8KV;42,4;83,8;9,81;93,1;63,0;1288,0
2026-08-11 11:04:12;DESKTOP-22AN8KV;44,7;83,8;9,82;93,1;59,0;52,0
2026-08-11 11:04:23;DESKTOP-22AN8KV;45,0;83,5;9,78;93,1;63,0;23,0
2026-08-11 11:04:35;DESKTOP-22AN8KV;42,0;83,8;9,82;93,1;32,0;22,0
2026-08-11 11:04:46;DESKTOP-22AN8KV;42,1;83,9;9,83;93,1;42,0;11,0
2026-08-11 11:04:58;DESKTOP-22AN8KV;46,6;84,5;9,9;93,1;107,0;27,0
2026-08-11 11:05:10;DESKTOP-22AN8KV;47,6;83,9;9,83;93,1;99,0;36,0
2026-08-11 11:05:21;DESKTOP-22AN8KV;45,5;84,1;9,85;93,1;49,0;14,0
2026-08-11 11:05:33;DESKTOP-22AN8KV;48,6;84,1;9,85;93,1;39,0;38,0
2026-08-11 11:05:44;DESKTOP-22AN8KV;31,2;83,6;9,79;93,1;36,0;21,0
2026-08-11 11:05:56;DESKTOP-22AN8KV;35,3;83,6;9,8;93,1;45,0;20,0
2026-08-11 11:06:07;DESKTOP-22AN8KV;32,3;83,2;9,74;93,1;34,0;24,0
2026-08-11 11:06:19;DESKTOP-22AN8KV;33,4;83,1;9,74;93,1;24,0;16,0
2026-08-11 11:06:30;DESKTOP-22AN8KV;32,0;83,3;9,75;93,1;28,0;25,0
2026-08-11 11:06:42;DESKTOP-22AN8KV;35,1;83,1;9,74;93,1;36,0;28,0
2026-08-11 11:06:53;DESKTOP-22AN8KV;34,3;83,1;9,74;93,1;55,0;32,0
2026-08-11 11:07:05;DESKTOP-22AN8KV;35,2;83,0;9,72;93,1;37,0;28,0
2026-08-11 11:07:16;DESKTOP-22AN8KV;38,3;82,7;9,69;93,1;48,0;1242,0
2026-08-11 11:07:28;DESKTOP-22AN8KV;36,9;82,5;9,66;93,1;36,0;50,0
2026-08-11 11:07:39;DESKTOP-22AN8KV;36,6;82,8;9,7;93,1;59,0;1294,0
2026-08-11 11:07:51;DESKTOP-22AN8KV;38,1;83,0;9,72;93,1;47,0;105,0
2026-08-11 11:08:03;DESKTOP-22AN8KV;48,7;83,5;9,78;93,1;45,0;1242,0
2026-08-11 11:08:14;DESKTOP-22AN8KV;36,6;83,1;9,73;93,1;47,0;135,0
2026-08-11 11:08:26;DESKTOP-22AN8KV;43,2;83,6;9,79;93,1;45,0;1254,0
2026-08-11 11:08:37;DESKTOP-22AN8KV;35,4;83,5;9,78;93,1;418,0;72,0
2026-08-11 11:08:49;DESKTOP-22AN8KV;39,6;83,4;9,77;93,1;35,0;20,0
2026-08-11 11:09:00;DESKTOP-22AN8KV;38,0;82,8;9,7;93,1;43,0;95,0
2026-08-11 11:09:12;DESKTOP-22AN8KV;44,5;83,2;9,75;93,1;64,0;1328,0
2026-08-11 11:09:23;DESKTOP-22AN8KV;42,8;83,4;9,77;93,1;69,0;1273,0
2026-08-11 11:09:35;DESKTOP-22AN8KV;35,8;83,3;9,75;93,1;32,0;89,0
2026-08-11 11:09:46;DESKTOP-22AN8KV;40,9;83,2;9,75;93,1;36,0;11,0
2026-08-11 11:09:58;DESKTOP-22AN8KV;40,7;83,3;9,76;93,1;43,0;21,0
2026-08-11 11:10:09;DESKTOP-22AN8KV;44,8;83,4;9,78;93,1;72,0;1335,0
2026-08-11 11:10:21;DESKTOP-22AN8KV;43,6;83,6;9,79;93,1;60,0;1339,0
2026-08-11 11:10:32;DESKTOP-22AN8KV;44,2;84,0;9,84;93,1;84,0;2620,0
2026-08-11 11:10:44;DESKTOP-22AN8KV;38,8;84,0;9,84;93,1;47,0;426,0
2026-08-11 11:10:55;DESKTOP-22AN8KV;42,6;84,0;9,85;93,1;72,0;1331,0
2026-08-11 11:11:07;DESKTOP-22AN8KV;41,3;83,8;9,81;93,1;108,0;1713,0
2026-08-11 11:11:19;DESKTOP-22AN8KV;43,6;83,9;9,83;93,1;89,0;1433,0
2026-08-11 11:11:30;DESKTOP-22AN8KV;36,9;83,6;9,8;93,1;48,0;73,0
2026-08-11 11:11:42;DESKTOP-22AN8KV;43,8;84,0;9,84;93,1;126,0;242,0
2026-08-11 11:11:53;DESKTOP-22AN8KV;40,5;83,9;9,83;93,1;100,0;1490,0
2026-08-11 11:12:05;DESKTOP-22AN8KV;30,8;83,7;9,8;93,1;30,0;74,0
2026-08-11 11:12:16;DESKTOP-22AN8KV;35,2;83,5;9,78;93,1;37,0;29,0
2026-08-11 11:12:28;DESKTOP-22AN8KV;38,4;83,1;9,73;93,1;52,0;1315,0
2026-08-11 11:12:39;DESKTOP-22AN8KV;37,2;83,2;9,74;93,1;55,0;1325,0
2026-08-11 11:12:51;DESKTOP-22AN8KV;40,5;82,5;9,66;93,1;40,0;81,0
2026-08-11 11:13:02;DESKTOP-22AN8KV;40,9;82,9;9,71;93,1;30,0;60,0
2026-08-11 11:13:14;DESKTOP-22AN8KV;44,3;83,3;9,76;93,1;41,0;28,0
2026-08-11 11:13:25;DESKTOP-22AN8KV;51,4;84,6;9,91;93,1;128,0;47,0
2026-08-11 11:13:37;DESKTOP-22AN8KV;50,7;85,0;9,95;93,1;47,0;20,0
2026-08-11 11:13:48;DESKTOP-22AN8KV;48,6;85,5;10,02;93,1;43,0;22,0
2026-08-11 11:14:00;DESKTOP-22AN8KV;46,0;84,9;9,94;93,1;55,0;1284,0
2026-08-11 11:14:11;DESKTOP-22AN8KV;44,7;85,3;9,99;93,1;272,0;191,0
2026-08-11 11:14:23;DESKTOP-22AN8KV;44,3;84,7;9,92;93,1;275,0;1404,0
2026-08-11 11:14:35;DESKTOP-22AN8KV;35,5;82,7;9,68;93,1;187,0;112,0
2026-08-11 11:14:46;DESKTOP-22AN8KV;33,0;82,7;9,69;93,1;73,0;22,0
2026-08-11 11:14:58;DESKTOP-22AN8KV;37,4;83,4;9,77;93,1;77,0;1353,0
2026-08-11 11:15:09;DESKTOP-22AN8KV;34,7;83,5;9,78;93,1;43,0;14,0
2026-08-11 11:15:21;DESKTOP-22AN8KV;36,1;83,2;9,74;93,1;103,0;64,0
2026-08-11 11:15:32;DESKTOP-22AN8KV;40,0;83,4;9,77;93,1;316,0;117,0
2026-08-11 11:15:44;DESKTOP-22AN8KV;38,6;83,1;9,74;93,1;94,0;142,0
2026-08-11 11:15:55;DESKTOP-22AN8KV;39,3;83,6;9,79;93,1;80,0;223,0
2026-08-11 11:16:07;DESKTOP-22AN8KV;38,9;83,1;9,74;93,1;41,0;24,0
2026-08-11 11:16:18;DESKTOP-22AN8KV;42,9;79,8;9,35;93,1;39,0;30,0
2026-08-11 11:16:30;DESKTOP-22AN8KV;37,8;79,6;9,32;93,1;271,0;45,0
2026-08-11 11:16:41;DESKTOP-22AN8KV;38,4;79,7;9,34;93,1;33,0;15,0
2026-08-11 11:16:53;DESKTOP-22AN8KV;40,2;79,7;9,34;93,1;33,0;23,0
2026-08-11 11:17:04;DESKTOP-22AN8KV;39,0;79,9;9,36;93,1;37,0;25,0
2026-08-11 11:17:16;DESKTOP-22AN8KV;36,1;79,9;9,36;93,1;36,0;16,0
2026-08-11 11:17:27;DESKTOP-22AN8KV;40,7;79,4;9,3;93,1;31,0;19,0
2026-08-11 11:17:39;DESKTOP-22AN8KV;36,5;79,5;9,31;93,1;53,0;22,0
2026-08-11 11:17:50;DESKTOP-22AN8KV;40,2;79,5;9,32;93,1;73,0;53,0
2026-08-11 11:18:02;DESKTOP-22AN8KV;40,0;79,6;9,33;93,1;33,0;16,0
2026-08-11 11:18:14;DESKTOP-22AN8KV;48,2;81,8;9,58;93,1;169,0;1359,0
2026-08-11 11:18:25;DESKTOP-22AN8KV;37,2;82,0;9,6;93,1;92,0;1489,0
2026-08-11 11:18:37;DESKTOP-22AN8KV;37,3;82,1;9,62;93,1;62,0;1366,0
2026-08-11 11:18:48;DESKTOP-22AN8KV;39,4;81,3;9,53;93,1;67,0;359,0
2026-08-11 11:19:00;DESKTOP-22AN8KV;38,8;81,3;9,52;93,1;53,0;37,0
2026-08-11 11:19:14;DESKTOP-22AN8KV;0,0;81,1;9,5;93,1;0,0;0,0
2026-08-11 11:19:25;DESKTOP-22AN8KV;38,2;81,2;9,51;93,1;56,0;91,0
2026-08-11 11:19:37;DESKTOP-22AN8KV;42,0;81,4;9,54;93,1;61,0;1411,0
2026-08-11 11:19:48;DESKTOP-22AN8KV;39,0;81,1;9,51;93,1;63,0;43,0
2026-08-11 11:20:00;DESKTOP-22AN8KV;43,1;82,1;9,62;93,1;67,0;92,0
2026-08-11 11:20:12;DESKTOP-22AN8KV;43,9;81,9;9,59;93,1;91,0;2698,0
2026-08-11 11:20:23;DESKTOP-22AN8KV;43,9;81,8;9,58;93,1;96,0;1537,0
2026-08-11 11:20:35;DESKTOP-22AN8KV;43,9;81,8;9,58;93,1;56,0;1510,0
2026-08-11 11:20:46;DESKTOP-22AN8KV;45,0;81,7;9,57;93,1;29,0;69,0
2026-08-11 11:20:58;DESKTOP-22AN8KV;41,4;81,8;9,58;93,1;83,0;1428,0
2026-08-11 11:21:09;DESKTOP-22AN8KV;41,3;81,8;9,58;93,1;61,0;1441,0
2026-08-11 11:21:21;DESKTOP-22AN8KV;43,3;81,7;9,57;93,1;72,0;2273,0
2026-08-11 11:21:32;DESKTOP-22AN8KV;43,9;81,5;9,55;93,1;524,0;1828,0
2026-08-11 11:21:44;DESKTOP-22AN8KV;43,1;80,5;9,43;93,1;72,0;1698,0
2026-08-11 11:21:55;DESKTOP-22AN8KV;42,1;80,5;9,43;93,1;699,0;100,0
2026-08-11 11:22:07;DESKTOP-22AN8KV;42,6;80,7;9,45;93,1;40,0;94,0
2026-08-11 11:22:18;DESKTOP-22AN8KV;44,9;80,9;9,48;93,1;77,0;2730,0
2026-08-11 11:22:30;DESKTOP-22AN8KV;44,7;81,3;9,52;93,1;63,0;1725,0
2026-08-11 11:22:41;DESKTOP-22AN8KV;44,5;84,3;9,88;93,1;67,0;265,0
2026-08-11 11:22:53;DESKTOP-22AN8KV;50,0;84,7;9,92;93,1;71,0;1432,0
2026-08-11 11:23:04;DESKTOP-22AN8KV;49,7;84,8;9,94;93,1;41,0;38,0
2026-08-11 11:23:16;DESKTOP-22AN8KV;51,8;84,4;9,89;93,1;41,0;18,0
2026-08-11 11:23:28;DESKTOP-22AN8KV;51,4;84,4;9,89;93,1;35,0;27,0
2026-08-11 11:23:39;DESKTOP-22AN8KV;49,8;84,8;9,93;93,1;46,0;72,0
2026-08-11 11:23:51;DESKTOP-22AN8KV;52,3;85,2;9,98;93,1;83,0;1399,0
2026-08-11 11:24:02;DESKTOP-22AN8KV;39,6;84,6;9,92;93,1;42,0;60,0
2026-08-11 11:24:14;DESKTOP-22AN8KV;48,2;85,2;9,99;93,1;79,0;149,0
2026-08-11 11:24:25;DESKTOP-22AN8KV;50,2;85,2;9,98;93,1;47,0;92,0
2026-08-11 11:24:37;DESKTOP-22AN8KV;51,3;84,8;9,93;93,1;322,0;90,0
2026-08-11 11:24:48;DESKTOP-22AN8KV;49,6;85,2;9,98;93,1;183,0;28,0
2026-08-11 11:25:00;DESKTOP-22AN8KV;50,1;86,0;10,08;93,1;51,0;43,0
2026-08-11 11:25:11;DESKTOP-22AN8KV;49,0;86,3;10,11;93,1;114,0;102,0
2026-08-11 11:25:23;DESKTOP-22AN8KV;48,2;86,1;10,09;93,1;62,0;1425,0
2026-08-11 11:25:34;DESKTOP-22AN8KV;41,6;85,4;10,01;93,1;225,0;46,0
2026-08-11 11:25:46;DESKTOP-22AN8KV;41,4;85,3;10,0;93,1;124,0;1408,0
2026-08-11 11:25:57;DESKTOP-22AN8KV;40,2;85,0;9,96;93,1;77,0;1859,0
2026-08-11 11:26:09;DESKTOP-22AN8KV;38,3;85,3;9,99;93,1;76,0;1783,0
2026-08-11 11:26:21;DESKTOP-22AN8KV;40,5;85,6;10,03;93,1;407,0;1569,0
2026-08-11 11:26:32;DESKTOP-22AN8KV;46,8;86,2;10,1;93,1;102,0;1770,0
2026-08-11 11:26:44;DESKTOP-22AN8KV;53,0;86,8;10,17;93,1;92,0;1527,0
2026-08-11 11:26:55;DESKTOP-22AN8KV;46,2;86,3;10,11;93,1;428,0;125,0
2026-08-11 11:27:07;DESKTOP-22AN8KV;39,6;85,0;9,96;93,1;52,0;30,0
2026-08-11 11:27:18;DESKTOP-22AN8KV;37,0;85,1;9,97;93,1;54,0;41,0
2026-08-11 11:27:30;DESKTOP-22AN8KV;34,6;84,6;9,91;93,1;52,0;44,0
2026-08-11 11:27:41;DESKTOP-22AN8KV;37,4;84,6;9,91;93,1;24,0;17,0
2026-08-11 11:27:53;DESKTOP-22AN8KV;37,3;84,1;9,85;93,1;76,0;1438,0
2026-08-11 11:28:04;DESKTOP-22AN8KV;40,9;84,6;9,92;93,1;35,0;22,0
2026-08-11 11:28:16;DESKTOP-22AN8KV;42,5;84,8;9,94;93,1;57,0;178,0
2026-08-11 11:28:27;DESKTOP-22AN8KV;39,6;84,0;9,84;93,1;36,0;28,0
2026-08-11 11:28:39;DESKTOP-22AN8KV;38,3;84,1;9,85;93,1;37,0;105,0
2026-08-11 11:28:50;DESKTOP-22AN8KV;42,4;84,1;9,85;93,1;41,0;299,0
2026-08-11 11:29:02;DESKTOP-22AN8KV;43,5;84,3;9,87;93,1;357,0;103,0
2026-08-11 11:29:13;DESKTOP-22AN8KV;38,5;84,8;9,93;93,1;69,0;1438,0
2026-08-11 11:29:25;DESKTOP-22AN8KV;41,3;82,3;9,64;93,1;36,0;45,0
2026-08-11 11:29:37;DESKTOP-22AN8KV;43,7;83,2;9,75;93,1;63,0;34,0
2026-08-11 11:29:48;DESKTOP-22AN8KV;42,8;82,3;9,64;93,1;125,0;59,0
2026-08-11 11:30:00;DESKTOP-22AN8KV;47,6;83,4;9,77;93,1;241,0;1493,0
2026-08-11 11:30:11;DESKTOP-22AN8KV;43,0;83,4;9,77;93,1;170,0;1496,0
2026-08-11 11:30:23;DESKTOP-22AN8KV;43,4;83,8;9,82;93,1;68,0;1521,0
2026-08-11 11:30:34;DESKTOP-22AN8KV;40,1;83,7;9,8;93,1;36,0;43,0
2026-08-11 11:30:46;DESKTOP-22AN8KV;39,5;83,6;9,8;93,1;31,0;15,0
2026-08-11 11:30:57;DESKTOP-22AN8KV;41,9;83,8;9,81;93,1;66,0;109,0
2026-08-11 11:31:09;DESKTOP-22AN8KV;44,1;83,7;9,81;93,1;47,0;1419,0
2026-08-11 11:31:20;DESKTOP-22AN8KV;43,7;83,7;9,81;93,1;54,0;1494,0
2026-08-11 11:31:32;DESKTOP-22AN8KV;41,3;83,7;9,8;93,1;112,0;2941,0
2026-08-11 11:31:43;DESKTOP-22AN8KV;40,1;83,5;9,78;93,1;171,0;63,0
2026-08-11 11:31:55;DESKTOP-22AN8KV;40,1;83,5;9,79;93,1;35,0;14,0
2026-08-11 11:32:06;DESKTOP-22AN8KV;49,6;83,6;9,8;93,1;29,0;29,0
2026-08-11 11:32:18;DESKTOP-22AN8KV;45,5;84,0;9,84;93,1;56,0;1436,0
2026-08-11 11:32:29;DESKTOP-22AN8KV;38,6;83,3;9,76;93,1;55,0;1543,0
2026-08-11 11:32:41;DESKTOP-22AN8KV;38,6;83,3;9,76;93,1;28,0;39,0
2026-08-11 11:32:52;DESKTOP-22AN8KV;40,1;83,2;9,75;93,1;42,0;61,0
2026-08-11 11:33:04;DESKTOP-22AN8KV;40,9;83,3;9,76;93,1;57,0;2850,0
2026-08-11 11:33:15;DESKTOP-22AN8KV;41,6;83,5;9,78;93,1;44,0;157,0
2026-08-11 11:33:27;DESKTOP-22AN8KV;41,7;83,2;9,75;93,1;38,0;1485,0
2026-08-11 11:33:39;DESKTOP-22AN8KV;41,6;83,1;9,73;93,1;50,0;1495,0
2026-08-11 11:33:50;DESKTOP-22AN8KV;41,2;83,3;9,76;93,1;68,0;2964,0
2026-08-11 11:34:02;DESKTOP-22AN8KV;40,8;83,2;9,74;93,1;43,0;1574,0
2026-08-11 11:34:13;DESKTOP-22AN8KV;38,9;83,2;9,75;93,1;45,0;40,0
2026-08-11 11:34:25;DESKTOP-22AN8KV;44,6;83,3;9,75;93,1;80,0;3044,0
2026-08-11 11:34:36;DESKTOP-22AN8KV;44,5;82,9;9,72;93,1;50,0;1583,0
2026-08-11 11:34:48;DESKTOP-22AN8KV;40,7;83,2;9,75;93,1;74,0;3003,0
2026-08-11 11:34:59;DESKTOP-22AN8KV;49,7;84,3;9,88;93,1;294,0;3253,0
2026-08-11 11:35:11;DESKTOP-22AN8KV;54,3;84,1;9,85;93,1;361,0;3006,0
2026-08-11 11:35:22;DESKTOP-22AN8KV;38,9;83,9;9,83;93,1;34,0;76,0
2026-08-11 11:35:34;DESKTOP-22AN8KV;49,3;84,2;9,86;93,1;42,0;38,0
2026-08-11 11:35:45;DESKTOP-22AN8KV;57,7;85,3;9,99;93,1;94,0;1501,0
2026-08-11 11:35:57;DESKTOP-22AN8KV;50,7;85,2;9,98;93,1;90,0;1592,0
2026-08-11 11:36:08;DESKTOP-22AN8KV;52,5;84,6;9,91;93,1;54,0;1472,0
2026-08-11 11:36:20;DESKTOP-22AN8KV;55,2;84,4;9,89;93,1;88,0;3005,0
2026-08-11 11:36:31;DESKTOP-22AN8KV;48,8;84,0;9,84;93,1;38,0;98,0
2026-08-11 11:36:43;DESKTOP-22AN8KV;54,8;84,1;9,86;93,1;83,0;2947,0
2026-08-11 11:36:55;DESKTOP-22AN8KV;50,6;83,9;9,83;93,1;35,0;118,0
2026-08-11 11:37:06;DESKTOP-22AN8KV;47,5;84,0;9,84;93,1;83,0;26,0
2026-08-11 11:37:18;DESKTOP-22AN8KV;51,7;84,0;9,84;93,1;57,0;29,0
2026-08-11 11:37:29;DESKTOP-22AN8KV;53,5;83,5;9,79;93,1;54,0;1480,0
2026-08-11 11:37:41;DESKTOP-22AN8KV;50,4;83,4;9,77;93,1;40,0;78,0
2026-08-11 11:37:52;DESKTOP-22AN8KV;50,2;83,5;9,79;93,1;39,0;28,0
2026-08-11 11:38:04;DESKTOP-22AN8KV;50,4;83,3;9,76;93,1;27,0;24,0
2026-08-11 11:38:15;DESKTOP-22AN8KV;45,9;83,7;9,8;93,1;42,0;21,0
2026-08-11 11:38:27;DESKTOP-22AN8KV;57,1;85,8;10,05;93,1;101,0;50,0
2026-08-11 11:38:38;DESKTOP-22AN8KV;49,4;83,7;9,81;93,1;46,0;31,0
2026-08-11 11:38:50;DESKTOP-22AN8KV;51,5;83,8;9,82;93,1;112,0;1539,0
2026-08-11 11:39:02;DESKTOP-22AN8KV;45,1;83,4;9,77;93,1;57,0;1622,0
2026-08-11 11:39:13;DESKTOP-22AN8KV;50,2;83,6;9,79;93,1;54,0;1550,0
2026-08-11 11:39:25;DESKTOP-22AN8KV;53,0;83,4;9,77;93,1;57,0;1600,0
2026-08-11 11:39:45;DESKTOP-22AN8KV;0,0;82,8;9,71;93,1;0,0;0,0
2026-08-11 11:39:57;DESKTOP-22AN8KV;56,0;84,3;9,88;93,1;95,0;1596,0
2026-08-11 11:40:08;DESKTOP-22AN8KV;60,6;84,6;9,91;93,1;85,0;102,0
2026-08-11 11:40:20;DESKTOP-22AN8KV;50,5;87,0;10,19;93,1;72,0;84,0
2026-08-11 11:40:31;DESKTOP-22AN8KV;29,9;85,9;10,07;93,1;212,0;1572,0
2026-08-11 11:40:43;DESKTOP-22AN8KV;52,6;85,6;10,03;93,1;311,0;21,0
2026-08-11 11:40:54;DESKTOP-22AN8KV;53,9;85,6;10,03;93,1;37,0;30,0
2026-08-11 11:41:06;DESKTOP-22AN8KV;46,2;84,8;9,93;93,1;57,0;54,0
2026-08-11 11:41:17;DESKTOP-22AN8KV;56,8;84,7;9,92;93,1;71,0;86,0
2026-08-11 11:41:29;DESKTOP-22AN8KV;53,7;84,5;9,9;93,1;51,0;43,0
2026-08-11 11:41:40;DESKTOP-22AN8KV;52,7;84,6;9,91;93,1;102,0;1561,0
2026-08-11 11:41:52;DESKTOP-22AN8KV;51,6;84,4;9,89;93,1;63,0;68,0
2026-08-11 11:42:04;DESKTOP-22AN8KV;52,5;84,5;9,89;93,1;57,0;77,0
2026-08-11 11:42:15;DESKTOP-22AN8KV;48,9;84,7;9,92;93,1;67,0;1591,0
2026-08-11 11:42:27;DESKTOP-22AN8KV;51,2;84,5;9,9;93,1;38,0;131,0
2026-08-11 11:42:38;DESKTOP-22AN8KV;53,9;84,4;9,88;93,1;141,0;1784,0
2026-08-11 11:42:50;DESKTOP-22AN8KV;50,4;84,5;9,9;93,1;72,0;1939,0
2026-08-11 11:43:01;DESKTOP-22AN8KV;59,4;86,0;10,08;93,1;439,0;1973,0
2026-08-11 11:43:13;DESKTOP-22AN8KV;52,4;86,4;10,12;93,1;62,0;102,0
2026-08-11 11:43:24;DESKTOP-22AN8KV;51,0;86,3;10,1;93,1;205,0;116,0
2026-08-11 11:43:36;DESKTOP-22AN8KV;50,1;85,5;10,02;93,1;66,0;1665,0
2026-08-11 11:43:47;DESKTOP-22AN8KV;50,0;85,3;9,99;93,1;86,0;120,0
2026-08-11 11:43:59;DESKTOP-22AN8KV;52,4;85,3;9,99;93,1;303,0;1558,0
2026-08-11 11:44:10;DESKTOP-22AN8KV;51,4;85,2;9,98;93,1;148,0;44,0
2026-08-11 11:44:22;DESKTOP-22AN8KV;49,0;85,2;9,98;93,1;53,0;32,0
2026-08-11 11:44:33;DESKTOP-22AN8KV;47,1;85,5;10,01;93,1;44,0;109,0
2026-08-11 11:44:45;DESKTOP-22AN8KV;51,0;85,4;10,01;93,1;57,0;1576,0
2026-08-11 11:44:57;DESKTOP-22AN8KV;48,1;85,8;10,05;93,1;237,0;146,0
2026-08-11 11:45:08;DESKTOP-22AN8KV;52,0;86,9;10,18;93,1;60,0;1695,0
2026-08-11 11:45:20;DESKTOP-22AN8KV;44,7;86,7;10,16;93,1;76,0;135,0
2026-08-11 11:45:31;DESKTOP-22AN8KV;46,5;85,5;10,02;93,1;34,0;19,0
2026-08-11 11:45:43;DESKTOP-22AN8KV;44,2;84,9;9,94;93,1;32,0;18,0
2026-08-11 11:45:54;DESKTOP-22AN8KV;42,0;85,7;10,04;93,1;85,0;58,0
2026-08-11 11:46:06;DESKTOP-22AN8KV;52,0;85,9;10,06;93,1;54,0;21,0
2026-08-11 11:46:17;DESKTOP-22AN8KV;48,4;86,7;10,15;93,1;80,0;1872,0
2026-08-11 11:46:29;DESKTOP-22AN8KV;43,7;86,7;10,16;93,1;97,0;1627,0
2026-08-11 11:46:40;DESKTOP-22AN8KV;32,6;85,8;10,06;93,1;104,0;77,0
2026-08-11 11:46:52;DESKTOP-22AN8KV;32,1;87,2;10,22;93,1;497,0;1684,0
2026-08-11 11:47:03;DESKTOP-22AN8KV;24,9;85,2;9,98;93,1;65,0;1627,0
2026-08-11 11:47:15;DESKTOP-22AN8KV;24,7;85,3;9,99;93,1;52,0;1788,0
2026-08-11 11:47:26;DESKTOP-22AN8KV;24,2;85,4;10,0;93,1;80,0;1774,0
2026-08-11 11:47:38;DESKTOP-22AN8KV;25,5;85,2;9,98;93,1;41,0;75,0
2026-08-11 11:47:50;DESKTOP-22AN8KV;22,3;85,3;9,99;93,1;47,0;1576,0
2026-08-11 11:48:01;DESKTOP-22AN8KV;28,4;86,4;10,12;93,1;74,0;1715,0
2026-08-11 11:48:13;DESKTOP-22AN8KV;52,1;86,5;10,14;93,1;95,0;1645,0
2026-08-11 11:48:24;DESKTOP-22AN8KV;38,4;88,5;10,37;93,2;5411,0;1822,0
2026-08-11 11:48:36;DESKTOP-22AN8KV;54,3;83,2;9,75;93,2;160,0;1939,0
2026-08-11 11:48:47;DESKTOP-22AN8KV;42,8;82,8;9,7;93,2;47,0;93,0
2026-08-11 11:48:59;DESKTOP-22AN8KV;40,6;83,0;9,72;93,2;271,0;232,0
2026-08-11 11:49:10;DESKTOP-22AN8KV;40,9;82,8;9,71;93,2;39,0;28,0
2026-08-11 11:49:22;DESKTOP-22AN8KV;43,3;83,8;9,81;93,2;39,0;32,0
2026-08-11 11:49:33;DESKTOP-22AN8KV;24,2;83,1;9,74;93,2;37,0;26,0
2026-08-11 11:49:45;DESKTOP-22AN8KV;24,2;82,5;9,67;93,2;75,0;59,0
2026-08-11 11:49:56;DESKTOP-22AN8KV;22,0;82,1;9,62;93,2;470,0;20,0
2026-08-11 11:50:08;DESKTOP-22AN8KV;24,1;82,4;9,66;93,2;91,0;74,0
2026-08-11 11:50:19;DESKTOP-22AN8KV;23,0;82,5;9,66;93,2;34,0;15,0
2026-08-11 11:50:31;DESKTOP-22AN8KV;21,1;82,5;9,66;93,2;40,0;19,0
2026-08-11 11:50:43;DESKTOP-22AN8KV;24,4;82,4;9,65;93,2;36,0;23,0
2026-08-11 11:50:54;DESKTOP-22AN8KV;22,9;82,4;9,65;93,2;50,0;22,0
2026-08-11 11:51:06;DESKTOP-22AN8KV;19,0;82,3;9,64;93,2;26,0;8,0
2026-08-11 11:51:17;DESKTOP-22AN8KV;35,3;83,6;9,79;93,2;39,0;23,0
2026-08-11 11:51:29;DESKTOP-22AN8KV;46,5;83,1;9,73;93,2;35,0;18,0
2026-08-11 11:51:40;DESKTOP-22AN8KV;44,8;82,9;9,71;93,2;29,0;13,0
2026-08-11 11:51:52;DESKTOP-22AN8KV;43,6;82,7;9,69;93,2;30,0;14,0
2026-08-11 11:52:03;DESKTOP-22AN8KV;42,3;82,2;9,63;93,2;39,0;17,0
2026-08-11 11:52:15;DESKTOP-22AN8KV;43,0;82,6;9,68;93,2;100,0;62,0
2026-08-11 11:52:26;DESKTOP-22AN8KV;33,9;82,4;9,66;93,2;64,0;21,0
2026-08-11 11:52:38;DESKTOP-22AN8KV;40,6;82,4;9,65;93,2;54,0;1589,0
2026-08-11 11:52:49;DESKTOP-22AN8KV;39,3;82,6;9,68;93,2;86,0;67,0
2026-08-11 11:53:01;DESKTOP-22AN8KV;46,3;82,6;9,67;93,2;62,0;22,0
2026-08-11 11:53:12;DESKTOP-22AN8KV;49,4;82,6;9,68;93,2;74,0;3234,0
2026-08-11 11:53:24;DESKTOP-22AN8KV;48,6;82,8;9,7;93,2;53,0;1735,0
2026-08-11 11:53:36;DESKTOP-22AN8KV;48,0;83,0;9,72;93,2;52,0;1693,0
2026-08-11 11:53:47;DESKTOP-22AN8KV;49,1;83,0;9,73;93,2;42,0;45,0
2026-08-11 11:53:59;DESKTOP-22AN8KV;56,4;83,4;9,77;93,2;50,0;28,0
2026-08-11 11:54:10;DESKTOP-22AN8KV;55,4;83,7;9,8;93,2;54,0;1597,0
2026-08-11 11:54:22;DESKTOP-22AN8KV;49,5;83,5;9,78;93,2;59,0;99,0
2026-08-11 11:54:33;DESKTOP-22AN8KV;48,4;83,6;9,8;93,2;67,0;1608,0
2026-08-11 11:54:45;DESKTOP-22AN8KV;56,5;83,6;9,8;93,2;57,0;1746,0
2026-08-11 11:54:56;DESKTOP-22AN8KV;55,3;85,5;10,01;93,2;100,0;1720,0
2026-08-11 11:55:08;DESKTOP-22AN8KV;38,9;85,0;9,96;93,2;62,0;51,0
2026-08-11 11:55:19;DESKTOP-22AN8KV;46,2;85,1;9,97;93,2;75,0;1700,0
2026-08-11 11:55:35;DESKTOP-22AN8KV;0,0;84,6;9,91;93,2;0,0;0,0
2026-08-11 11:55:46;DESKTOP-22AN8KV;41,6;84,7;9,92;93,2;59,0;65,0
2026-08-11 11:55:58;DESKTOP-22AN8KV;43,7;84,5;9,9;93,2;63,0;1634,0
2026-08-11 11:56:09;DESKTOP-22AN8KV;49,7;85,6;10,03;93,2;334,0;2066,0
2026-08-11 11:56:21;DESKTOP-22AN8KV;44,2;84,3;9,88;93,2;112,0;2211,0
2026-08-11 11:56:32;DESKTOP-22AN8KV;51,7;84,0;9,84;93,2;210,0;1790,0
2026-08-11 11:56:44;DESKTOP-22AN8KV;48,3;83,8;9,82;93,2;103,0;69,0
2026-08-11 11:56:55;DESKTOP-22AN8KV;44,4;83,2;9,75;93,2;77,0;22,0
2026-08-11 11:57:07;DESKTOP-22AN8KV;49,3;83,0;9,72;93,2;55,0;19,0
2026-08-11 11:57:19;DESKTOP-22AN8KV;46,9;84,0;9,84;93,2;36,0;18,0
2026-08-11 11:57:30;DESKTOP-22AN8KV;42,6;84,4;9,89;93,2;132,0;62,0
2026-08-11 11:57:42;DESKTOP-22AN8KV;45,2;84,7;9,92;93,2;64,0;29,0
2026-08-11 11:57:53;DESKTOP-22AN8KV;50,7;84,4;9,89;93,2;67,0;30,0
2026-08-11 11:58:05;DESKTOP-22AN8KV;44,9;84,6;9,91;93,2;53,0;21,0
2026-08-11 11:58:16;DESKTOP-22AN8KV;46,9;84,1;9,85;93,2;36,0;27,0
2026-08-11 11:58:28;DESKTOP-22AN8KV;41,4;83,9;9,82;93,2;71,0;47,0
2026-08-11 11:58:39;DESKTOP-22AN8KV;16,7;83,0;9,72;93,2;43,0;21,0
2026-08-11 11:58:51;DESKTOP-22AN8KV;29,8;84,2;9,86;93,2;49,0;18,0
2026-08-11 11:59:02;DESKTOP-22AN8KV;46,8;83,1;9,73;93,2;41,0;12,0
2026-08-11 11:59:14;DESKTOP-22AN8KV;46,6;82,9;9,71;93,2;71,0;62,0
2026-08-11 11:59:25;DESKTOP-22AN8KV;44,0;82,4;9,65;93,2;51,0;19,0
2026-08-11 11:59:37;DESKTOP-22AN8KV;48,4;82,5;9,66;93,2;75,0;26,0
2026-08-11 11:59:48;DESKTOP-22AN8KV;42,3;82,5;9,67;93,2;38,0;26,0
2026-08-11 12:00:00;DESKTOP-22AN8KV;48,2;83,0;9,72;93,2;70,0;1644,0
2026-08-11 12:00:11;DESKTOP-22AN8KV;83,7;85,5;10,02;93,2;109,0;54,0
2026-08-11 12:00:23;DESKTOP-22AN8KV;72,5;87,8;10,29;93,2;190,0;64,0
2026-08-11 12:00:35;DESKTOP-22AN8KV;58,0;87,4;10,24;93,2;91,0;13,0
2026-08-11 12:00:46;DESKTOP-22AN8KV;49,1;85,4;10,0;93,2;50,0;26,0
2026-08-11 12:00:58;DESKTOP-22AN8KV;51,9;84,8;9,94;93,2;42,0;31,0
2026-08-11 12:01:09;DESKTOP-22AN8KV;55,9;86,3;10,11;93,2;103,0;30,0
2026-08-11 12:01:21;DESKTOP-22AN8KV;55,4;86,4;10,12;93,2;95,0;16,0
2026-08-11 12:01:32;DESKTOP-22AN8KV;50,1;85,8;10,05;93,2;193,0;12,0
2026-08-11 12:01:44;DESKTOP-22AN8KV;53,2;85,8;10,05;93,2;140,0;20,0
2026-08-11 12:01:55;DESKTOP-22AN8KV;53,9;85,6;10,03;93,2;26,0;5,0
2026-08-11 12:02:07;DESKTOP-22AN8KV;55,0;86,2;10,09;93,2;51,0;77,0
2026-08-11 12:02:18;DESKTOP-22AN8KV;54,1;86,8;10,17;93,2;370,0;3348,0
2026-08-11 12:02:30;DESKTOP-22AN8KV;51,9;86,9;10,19;93,2;40,0;58,0
2026-08-11 12:02:41;DESKTOP-22AN8KV;53,6;86,9;10,18;93,2;56,0;1638,0
2026-08-11 12:02:53;DESKTOP-22AN8KV;45,3;86,9;10,18;93,2;83,0;1783,0
2026-08-11 12:03:04;DESKTOP-22AN8KV;48,7;86,9;10,18;93,2;63,0;31,0
2026-08-11 12:03:16;DESKTOP-22AN8KV;45,6;86,9;10,18;93,2;32,0;40,0
2026-08-11 12:03:27;DESKTOP-22AN8KV;45,1;87,0;10,19;93,2;38,0;15,0
2026-08-11 12:03:39;DESKTOP-22AN8KV;44,1;87,0;10,19;93,2;20,0;14,0
2026-08-11 12:03:50;DESKTOP-22AN8KV;47,6;87,3;10,22;93,2;31,0;15,0
2026-08-11 12:04:02;DESKTOP-22AN8KV;43,9;87,0;10,2;93,2;32,0;13,0
2026-08-11 12:04:14;DESKTOP-22AN8KV;39,5;87,4;10,24;93,2;24,0;31,0
2026-08-11 12:04:25;DESKTOP-22AN8KV;35,3;87,4;10,24;93,2;18,0;7,0
2026-08-11 12:04:37;DESKTOP-22AN8KV;37,7;87,0;10,19;93,2;19,0;14,0
2026-08-11 12:04:48;DESKTOP-22AN8KV;45,7;86,6;10,14;93,2;25,0;11,0
2026-08-11 12:05:00;DESKTOP-22AN8KV;43,3;87,0;10,19;93,2;27,0;16,0
2026-08-11 12:05:11;DESKTOP-22AN8KV;46,3;88,9;10,41;93,2;47,0;32,0
2026-08-11 12:05:23;DESKTOP-22AN8KV;38,1;87,8;10,28;93,2;34,0;21,0
2026-08-11 12:05:34;DESKTOP-22AN8KV;44,4;84,4;9,88;93,2;13,0;4,0
2026-08-11 12:05:46;DESKTOP-22AN8KV;42,6;84,7;9,92;93,2;15,0;19,0
2026-08-11 12:05:57;DESKTOP-22AN8KV;46,4;84,8;9,93;93,2;22,0;13,0
2026-08-11 12:06:09;DESKTOP-22AN8KV;44,5;84,6;9,92;93,2;35,0;17,0
2026-08-11 12:06:20;DESKTOP-22AN8KV;45,1;85,2;9,98;93,2;264,0;31,0
2026-08-11 12:06:32;DESKTOP-22AN8KV;34,4;85,0;9,95;93,2;10,0;6,0
2026-08-11 12:06:43;DESKTOP-22AN8KV;34,5;85,0;9,96;93,2;31,0;12,0
2026-08-11 12:06:55;DESKTOP-22AN8KV;39,4;84,3;9,88;93,2;22,0;21,0
2026-08-11 12:07:06;DESKTOP-22AN8KV;35,4;84,5;9,9;93,2;20,0;6,0
2026-08-11 12:07:18;DESKTOP-22AN8KV;39,7;84,7;9,92;93,2;35,0;39,0
2026-08-11 12:07:29;DESKTOP-22AN8KV;36,0;84,3;9,88;93,2;17,0;5,0
2026-08-11 12:07:41;DESKTOP-22AN8KV;35,1;84,1;9,85;93,2;11,0;5,0
2026-08-11 12:07:53;DESKTOP-22AN8KV;35,8;84,2;9,86;93,2;18,0;17,0
2026-08-11 12:08:04;DESKTOP-22AN8KV;36,7;84,1;9,85;93,2;27,0;5,0
2026-08-11 12:08:16;DESKTOP-22AN8KV;35,7;84,3;9,87;93,2;33,0;11,0
2026-08-11 12:08:27;DESKTOP-22AN8KV;38,3;84,3;9,88;93,2;17,0;18,0
2026-08-11 12:08:39;DESKTOP-22AN8KV;34,3;84,3;9,88;93,2;15,0;3,0
2026-08-11 12:08:50;DESKTOP-22AN8KV;36,3;84,3;9,88;93,2;19,0;18,0
2026-08-11 12:09:02;DESKTOP-22AN8KV;35,8;84,0;9,84;93,2;16,0;8,0
2026-08-11 12:09:13;DESKTOP-22AN8KV;36,3;84,1;9,85;93,2;20,0;13,0
2026-08-11 12:09:25;DESKTOP-22AN8KV;39,2;84,1;9,85;93,2;32,0;28,0
2026-08-11 12:09:36;DESKTOP-22AN8KV;36,1;84,1;9,85;93,2;24,0;4,0
2026-08-11 12:09:48;DESKTOP-22AN8KV;37,7;84,3;9,88;93,2;16,0;17,0
2026-08-11 12:09:59;DESKTOP-22AN8KV;38,9;84,4;9,88;93,2;24,0;10,0
2026-08-11 12:10:11;DESKTOP-22AN8KV;36,2;84,7;9,92;93,2;19,0;10,0
2026-08-11 12:10:22;DESKTOP-22AN8KV;35,8;84,8;9,93;93,2;19,0;19,0
2026-08-11 12:10:34;DESKTOP-22AN8KV;37,3;84,3;9,88;93,2;13,0;5,0
2026-08-11 12:10:45;DESKTOP-22AN8KV;37,4;84,5;9,9;93,2;309,0;17,0
2026-08-11 12:10:57;DESKTOP-22AN8KV;35,0;84,5;9,9;93,2;27,0;20,0
2026-08-11 12:11:08;DESKTOP-22AN8KV;35,6;84,4;9,89;93,2;18,0;8,0
2026-08-11 12:11:20;DESKTOP-22AN8KV;38,4;85,6;10,02;93,2;25,0;25,0
2026-08-11 12:11:32;DESKTOP-22AN8KV;37,3;85,2;9,98;93,2;39,0;20,0
2026-08-11 12:11:43;DESKTOP-22AN8KV;38,3;85,2;9,98;93,2;99,0;21,0
2026-08-11 12:11:55;DESKTOP-22AN8KV;38,0;84,9;9,94;93,2;27,0;16,0
2026-08-11 12:12:06;DESKTOP-22AN8KV;34,0;84,8;9,94;93,2;24,0;14,0
2026-08-11 12:12:18;DESKTOP-22AN8KV;36,3;85,1;9,97;93,2;37,0;9,0
2026-08-11 12:12:29;DESKTOP-22AN8KV;37,5;84,5;9,9;93,2;43,0;29,0
2026-08-11 12:12:41;DESKTOP-22AN8KV;37,3;84,8;9,94;93,2;14,0;5,0
2026-08-11 12:12:52;DESKTOP-22AN8KV;37,0;84,7;9,92;93,2;29,0;24,0
2026-08-11 12:13:04;DESKTOP-22AN8KV;37,9;84,7;9,92;93,2;155,0;40,0
2026-08-11 12:13:15;DESKTOP-22AN8KV;38,4;84,8;9,94;93,2;23,0;12,0
2026-08-11 12:13:27;DESKTOP-22AN8KV;37,4;84,5;9,9;93,2;45,0;21,0
2026-08-11 12:13:38;DESKTOP-22AN8KV;35,2;84,5;9,9;93,2;14,0;4,0
2026-08-11 12:13:50;DESKTOP-22AN8KV;37,9;84,4;9,89;93,2;18,0;7,0
2026-08-11 12:14:01;DESKTOP-22AN8KV;35,0;84,6;9,91;93,2;27,0;20,0
2026-08-11 12:14:13;DESKTOP-22AN8KV;37,6;84,8;9,93;93,2;31,0;20,0
2026-08-11 12:14:24;DESKTOP-22AN8KV;37,2;84,8;9,94;93,2;200,0;26,0
2026-08-11 12:14:36;DESKTOP-22AN8KV;35,0;84,8;9,94;93,2;164,0;5,0
2026-08-11 12:14:47;DESKTOP-22AN8KV;39,1;84,7;9,92;93,2;14,0;8,0
2026-08-11 12:14:59;DESKTOP-22AN8KV;40,4;84,7;9,92;93,2;26,0;19,0
2026-08-11 12:15:11;DESKTOP-22AN8KV;40,6;85,5;10,02;93,2;33,0;15,0
2026-08-11 12:15:22;DESKTOP-22AN8KV;48,7;86,2;10,09;93,2;39,0;11,0
2026-08-11 12:15:34;DESKTOP-22AN8KV;39,3;85,3;9,99;93,2;235,0;20,0
2026-08-11 12:15:45;DESKTOP-22AN8KV;34,6;85,4;10,01;93,2;18,0;9,0
2026-08-11 12:15:57;DESKTOP-22AN8KV;35,2;85,4;10,0;93,2;19,0;24,0
2026-08-11 12:16:08;DESKTOP-22AN8KV;42,3;85,9;10,06;93,2;27,0;10,0
2026-08-11 12:16:20;DESKTOP-22AN8KV;38,9;86,2;10,1;93,2;17,0;9,0
2026-08-11 12:16:31;DESKTOP-22AN8KV;39,4;85,7;10,04;93,2;306,0;19,0
2026-08-11 12:16:43;DESKTOP-22AN8KV;36,6;85,1;9,97;93,2;12,0;6,0
2026-08-11 12:16:54;DESKTOP-22AN8KV;35,0;85,1;9,97;93,2;13,0;5,0
2026-08-11 12:17:06;DESKTOP-22AN8KV;37,4;85,4;10,01;93,2;22,0;14,0
2026-08-11 12:17:17;DESKTOP-22AN8KV;37,3;85,6;10,03;93,2;14,0;12,0
2026-08-11 12:17:29;DESKTOP-22AN8KV;34,4;85,5;10,02;93,2;13,0;17,0
2026-08-11 12:17:40;DESKTOP-22AN8KV;34,0;85,5;10,02;93,2;14,0;4,0
2026-08-11 12:17:52;DESKTOP-22AN8KV;35,0;85,5;10,01;93,2;24,0;14,0
2026-08-11 12:18:03;DESKTOP-22AN8KV;38,5;85,2;9,98;93,2;18,0;15,0
2026-08-11 12:18:15;DESKTOP-22AN8KV;39,6;85,3;10,0;93,2;23,0;10,0
2026-08-11 12:18:26;DESKTOP-22AN8KV;41,5;86,6;10,14;93,2;25,0;10,0
2026-08-11 12:18:38;DESKTOP-22AN8KV;35,9;86,2;10,1;93,2;28,0;21,0
2026-08-11 12:18:50;DESKTOP-22AN8KV;37,5;85,4;10,01;93,2;17,0;7,0
2026-08-11 12:19:01;DESKTOP-22AN8KV;36,5;85,6;10,02;93,2;19,0;13,0
2026-08-11 12:19:13;DESKTOP-22AN8KV;36,1;85,6;10,03;93,2;19,0;12,0
2026-08-11 12:19:24;DESKTOP-22AN8KV;38,5;85,3;9,99;93,2;11,0;9,0
2026-08-11 12:19:36;DESKTOP-22AN8KV;37,8;85,2;9,98;93,2;15,0;18,0
2026-08-11 12:19:47;DESKTOP-22AN8KV;38,1;85,1;9,97;93,2;13,0;7,0
2026-08-11 12:19:59;DESKTOP-22AN8KV;36,2;85,5;10,02;93,2;19,0;10,0
2026-08-11 12:20:10;DESKTOP-22AN8KV;37,1;85,5;10,02;93,2;18,0;17,0
2026-08-11 12:20:22;DESKTOP-22AN8KV;35,3;85,5;10,01;93,2;14,0;10,0
2026-08-11 12:20:33;DESKTOP-22AN8KV;40,4;86,0;10,07;93,2;376,0;17,0
2026-08-11 12:20:45;DESKTOP-22AN8KV;38,1;84,6;9,91;93,2;28,0;14,0
2026-08-11 12:20:56;DESKTOP-22AN8KV;38,5;84,1;9,85;93,2;35,0;20,0
2026-08-11 12:21:08;DESKTOP-22AN8KV;36,5;84,3;9,87;93,2;21,0;15,0
2026-08-11 12:21:19;DESKTOP-22AN8KV;36,7;84,6;9,91;93,2;13,0;12,0
2026-08-11 12:21:31;DESKTOP-22AN8KV;38,4;84,5;9,89;93,2;466,0;5,0
2026-08-11 12:21:42;DESKTOP-22AN8KV;34,9;84,5;9,9;93,2;17,0;19,0
2026-08-11 12:21:54;DESKTOP-22AN8KV;35,4;84,5;9,9;93,2;26,0;11,0
2026-08-11 12:22:06;DESKTOP-22AN8KV;37,6;84,6;9,91;93,2;14,0;14,0
2026-08-11 12:22:17;DESKTOP-22AN8KV;37,0;84,8;9,93;93,2;20,0;8,0
2026-08-11 12:22:29;DESKTOP-22AN8KV;36,6;84,5;9,9;93,2;14,0;9,0
2026-08-11 12:22:40;DESKTOP-22AN8KV;38,0;84,6;9,91;93,2;20,0;18,0
2026-08-11 12:22:52;DESKTOP-22AN8KV;34,9;84,6;9,91;93,2;15,0;7,0
2026-08-11 12:23:03;DESKTOP-22AN8KV;35,1;84,6;9,91;93,2;12,0;13,0
2026-08-11 12:23:15;DESKTOP-22AN8KV;38,5;84,8;9,93;93,2;23,0;15,0
2026-08-11 12:23:26;DESKTOP-22AN8KV;34,9;84,8;9,93;93,2;22,0;7,0
2026-08-11 12:23:38;DESKTOP-22AN8KV;35,7;84,6;9,91;93,2;34,0;23,0
2026-08-11 12:23:49;DESKTOP-22AN8KV;39,7;84,4;9,89;93,2;18,0;23,0
2026-08-11 12:24:01;DESKTOP-22AN8KV;37,2;84,3;9,88;93,2;15,0;3,0
2026-08-11 12:24:12;DESKTOP-22AN8KV;43,2;84,6;9,92;93,2;21,0;13,0
2026-08-11 12:24:24;DESKTOP-22AN8KV;40,5;84,7;9,93;93,2;11,0;20,0
2026-08-11 12:24:35;DESKTOP-22AN8KV;36,4;84,9;9,94;93,2;19,0;8,0
2026-08-11 12:24:47;DESKTOP-22AN8KV;41,1;85,1;9,97;93,2;228,0;8,0
2026-08-11 12:24:58;DESKTOP-22AN8KV;39,0;85,6;10,03;93,2;18,0;19,0
2026-08-11 12:25:10;DESKTOP-22AN8KV;40,8;85,4;10,01;93,2;26,0;18,0
2026-08-11 12:25:22;DESKTOP-22AN8KV;38,9;85,4;10,0;93,2;18,0;11,0
2026-08-11 12:25:33;DESKTOP-22AN8KV;38,2;85,3;10,0;93,2;99,0;24,0
2026-08-11 12:25:45;DESKTOP-22AN8KV;40,4;85,5;10,02;93,2;61,0;29,0
2026-08-11 12:25:56;DESKTOP-22AN8KV;38,9;85,4;10,01;93,2;24,0;11,0
2026-08-11 12:26:08;DESKTOP-22AN8KV;39,5;85,5;10,01;93,2;16,0;15,0
2026-08-11 12:26:19;DESKTOP-22AN8KV;41,6;85,6;10,03;93,2;77,0;114,0
2026-08-11 12:26:31;DESKTOP-22AN8KV;39,1;85,2;9,98;93,2;19,0;8,0
2026-08-11 12:26:42;DESKTOP-22AN8KV;40,9;85,3;9,99;93,2;308,0;18,0
2026-08-11 12:26:54;DESKTOP-22AN8KV;44,2;85,4;10,0;93,2;63,0;28,0
2026-08-11 12:27:05;DESKTOP-22AN8KV;45,1;85,5;10,02;93,2;38,0;7,0
2026-08-11 12:27:17;DESKTOP-22AN8KV;38,4;85,5;10,02;93,2;20,0;22,0
2026-08-11 12:27:28;DESKTOP-22AN8KV;42,3;86,4;10,12;93,2;16,0;9,0
2026-08-11 12:27:40;DESKTOP-22AN8KV;40,4;86,3;10,11;93,2;20,0;18,0
2026-08-11 12:27:51;DESKTOP-22AN8KV;41,0;86,0;10,07;93,2;17,0;14,0
2026-08-11 12:28:03;DESKTOP-22AN8KV;41,3;85,4;10,0;93,2;13,0;3,0
2026-08-11 12:28:14;DESKTOP-22AN8KV;42,2;85,7;10,04;93,2;24,0;18,0
2026-08-11 12:28:26;DESKTOP-22AN8KV;38,0;85,7;10,04;93,2;17,0;8,0
2026-08-11 12:28:38;DESKTOP-22AN8KV;39,6;85,7;10,04;93,2;28,0;28,0
2026-08-11 12:28:49;DESKTOP-22AN8KV;40,7;85,6;10,02;93,2;23,0;19,0
2026-08-11 12:29:01;DESKTOP-22AN8KV;39,0;86,1;10,09;93,2;14,0;4,0
2026-08-11 12:29:12;DESKTOP-22AN8KV;43,1;86,3;10,11;93,2;36,0;29,0
2026-08-11 12:29:24;DESKTOP-22AN8KV;39,7;86,5;10,13;93,2;32,0;8,0
2026-08-11 12:29:35;DESKTOP-22AN8KV;38,6;85,7;10,04;93,2;12,0;8,0
2026-08-11 12:29:47;DESKTOP-22AN8KV;38,6;85,8;10,05;93,2;25,0;28,0
2026-08-11 12:29:58;DESKTOP-22AN8KV;42,8;86,0;10,07;93,2;59,0;20,0
2026-08-11 12:30:10;DESKTOP-22AN8KV;43,6;86,5;10,13;93,2;42,0;17,0
2026-08-11 12:30:21;DESKTOP-22AN8KV;46,5;86,7;10,15;93,2;78,0;28,0
2026-08-11 12:30:33;DESKTOP-22AN8KV;36,2;85,7;10,04;93,2;42,0;25,0
2026-08-11 12:30:44;DESKTOP-22AN8KV;35,2;85,7;10,04;93,2;20,0;22,0
2026-08-11 12:30:56;DESKTOP-22AN8KV;34,3;85,8;10,05;93,2;13,0;4,0
2026-08-11 12:31:07;DESKTOP-22AN8KV;37,9;86,0;10,08;93,2;25,0;12,0
2026-08-11 12:31:19;DESKTOP-22AN8KV;40,2;86,3;10,11;93,2;288,0;23,0
2026-08-11 12:31:30;DESKTOP-22AN8KV;36,3;86,3;10,11;93,2;10,0;6,0
2026-08-11 12:31:42;DESKTOP-22AN8KV;38,9;85,8;10,05;93,2;291,0;25,0
2026-08-11 12:31:53;DESKTOP-22AN8KV;37,6;85,4;10,01;93,2;14,0;6,0
2026-08-11 12:32:05;DESKTOP-22AN8KV;35,6;85,4;10,01;93,2;13,0;3,0
2026-08-11 12:32:17;DESKTOP-22AN8KV;38,7;85,9;10,07;93,2;151,0;20,0
2026-08-11 12:32:28;DESKTOP-22AN8KV;40,9;85,8;10,05;93,2;56,0;10,0
2026-08-11 12:32:40;DESKTOP-22AN8KV;35,9;85,9;10,06;93,2;17,0;4,0
2026-08-11 12:32:51;DESKTOP-22AN8KV;35,7;86,1;10,09;93,2;22,0;19,0
2026-08-11 12:33:03;DESKTOP-22AN8KV;34,9;86,0;10,07;93,2;11,0;3,0
2026-08-11 12:33:14;DESKTOP-22AN8KV;36,8;85,5;10,02;93,2;22,0;20,0
2026-08-11 12:33:26;DESKTOP-22AN8KV;35,9;85,7;10,03;93,2;31,0;15,0
2026-08-11 12:33:37;DESKTOP-22AN8KV;37,9;85,7;10,04;93,2;14,0;6,0
2026-08-11 12:33:49;DESKTOP-22AN8KV;37,0;85,8;10,05;93,2;16,0;21,0
2026-08-11 12:34:00;DESKTOP-22AN8KV;37,3;85,7;10,04;93,2;14,0;4,0
2026-08-11 12:34:12;DESKTOP-22AN8KV;38,4;85,9;10,07;93,2;66,0;15,0
2026-08-11 12:34:23;DESKTOP-22AN8KV;36,7;86,0;10,08;93,2;23,0;22,0
2026-08-11 12:34:35;DESKTOP-22AN8KV;37,9;86,1;10,09;93,2;10,0;10,0
2026-08-11 12:34:46;DESKTOP-22AN8KV;36,9;85,6;10,03;93,2;29,0;23,0
2026-08-11 12:34:58;DESKTOP-22AN8KV;37,9;86,2;10,1;93,2;32,0;23,0
2026-08-11 12:35:09;DESKTOP-22AN8KV;52,7;87,0;10,2;93,2;21290,0;213,0
2026-08-11 12:35:21;DESKTOP-22AN8KV;41,3;88,0;10,3;93,2;921,0;36,0
2026-08-11 12:35:32;DESKTOP-22AN8KV;35,6;87,5;10,26;93,2;21,0;13,0
2026-08-11 12:35:44;DESKTOP-22AN8KV;40,3;86,7;10,15;93,2;13,0;6,0
2026-08-11 12:35:56;DESKTOP-22AN8KV;36,6;86,0;10,08;93,2;29,0;32,0
2026-08-11 12:36:07;DESKTOP-22AN8KV;37,4;86,1;10,09;93,2;23,0;11,0
2026-08-11 12:36:19;DESKTOP-22AN8KV;38,9;85,8;10,05;93,2;25,0;18,0
2026-08-11 12:36:30;DESKTOP-22AN8KV;36,7;85,9;10,06;93,2;27,0;19,0
2026-08-11 12:36:42;DESKTOP-22AN8KV;35,8;86,0;10,07;93,2;75,0;13,0
2026-08-11 12:36:53;DESKTOP-22AN8KV;37,9;85,9;10,07;93,2;17,0;21,0
2026-08-11 12:37:05;DESKTOP-22AN8KV;37,0;86,0;10,07;93,2;24,0;9,0
2026-08-11 12:37:16;DESKTOP-22AN8KV;39,8;86,2;10,09;93,2;290,0;28,0
2026-08-11 12:37:28;DESKTOP-22AN8KV;39,9;85,8;10,05;93,2;245,0;22,0
2026-08-11 12:37:39;DESKTOP-22AN8KV;35,6;85,9;10,07;93,2;27,0;15,0
2026-08-11 12:37:51;DESKTOP-22AN8KV;35,6;85,9;10,06;93,2;19,0;18,0
2026-08-11 12:38:02;DESKTOP-22AN8KV;37,8;85,9;10,06;93,2;14,0;4,0
2026-08-11 12:38:14;DESKTOP-22AN8KV;37,1;86,0;10,08;93,2;12,0;4,0
2026-08-11 12:38:25;DESKTOP-22AN8KV;35,6;86,1;10,09;93,2;28,0;19,0
2026-08-11 12:38:37;DESKTOP-22AN8KV;35,4;86,2;10,1;93,2;11,0;7,0
2026-08-11 12:38:48;DESKTOP-22AN8KV;37,8;86,4;10,12;93,2;15,0;10,0
2026-08-11 12:39:00;DESKTOP-22AN8KV;38,4;85,7;10,04;93,2;17,0;14,0
2026-08-11 12:39:11;DESKTOP-22AN8KV;37,9;85,9;10,07;93,2;20,0;8,0
2026-08-11 12:39:23;DESKTOP-22AN8KV;39,3;86,3;10,11;93,2;19,0;24,0
2026-08-11 12:39:35;DESKTOP-22AN8KV;38,9;86,2;10,1;93,2;30,0;13,0
2026-08-11 12:39:46;DESKTOP-22AN8KV;36,5;86,4;10,12;93,2;21,0;14,0
2026-08-11 12:39:58;DESKTOP-22AN8KV;41,3;86,6;10,15;93,2;33,0;22,0
2026-08-11 12:40:09;DESKTOP-22AN8KV;37,5;86,5;10,14;93,2;11,0;4,0
2026-08-11 12:40:21;DESKTOP-22AN8KV;38,4;86,6;10,15;93,2;18,0;19,0
2026-08-11 12:40:32;DESKTOP-22AN8KV;34,7;86,1;10,09;93,2;12,0;8,0
2026-08-11 12:40:44;DESKTOP-22AN8KV;35,4;86,2;10,1;93,2;15,0;6,0
2026-08-11 12:40:55;DESKTOP-22AN8KV;35,9;86,6;10,15;93,2;42,0;24,0
2026-08-11 12:41:07;DESKTOP-22AN8KV;35,4;86,3;10,11;93,2;12,0;4,0
2026-08-11 12:41:18;DESKTOP-22AN8KV;39,4;86,4;10,12;93,2;14,0;12,0
2026-08-11 12:41:30;DESKTOP-22AN8KV;38,0;86,4;10,12;93,2;16,0;15,0
2026-08-11 12:41:41;DESKTOP-22AN8KV;37,7;86,4;10,12;93,2;11,0;7,0
2026-08-11 12:41:53;DESKTOP-22AN8KV;36,5;85,9;10,06;93,2;19,0;18,0
2026-08-11 12:42:04;DESKTOP-22AN8KV;37,4;86,0;10,07;93,2;14,0;4,0
2026-08-11 12:42:16;DESKTOP-22AN8KV;39,9;87,1;10,2;93,2;55,0;12,0
2026-08-11 12:42:27;DESKTOP-22AN8KV;37,6;86,9;10,18;93,2;28,0;22,0
2026-08-11 12:42:39;DESKTOP-22AN8KV;38,5;86,8;10,17;93,2;27,0;14,0
2026-08-11 12:42:50;DESKTOP-22AN8KV;37,1;86,8;10,17;93,2;12,0;7,0
2026-08-11 12:43:02;DESKTOP-22AN8KV;36,2;86,7;10,15;93,2;21,0;17,0
2026-08-11 12:43:13;DESKTOP-22AN8KV;42,0;87,5;10,25;93,2;286,0;11,0
2026-08-11 12:43:25;DESKTOP-22AN8KV;37,0;87,2;10,21;93,2;263,0;28,0
2026-08-11 12:43:37;DESKTOP-22AN8KV;39,8;87,2;10,21;93,2;25,0;12,0
2026-08-11 12:43:48;DESKTOP-22AN8KV;36,4;86,7;10,16;93,2;12,0;7,0
2026-08-11 12:44:00;DESKTOP-22AN8KV;35,4;86,8;10,17;93,2;50,0;16,0
2026-08-11 12:44:11;DESKTOP-22AN8KV;38,9;86,9;10,18;93,2;120,0;22,0
2026-08-11 12:44:23;DESKTOP-22AN8KV;35,8;87,1;10,2;93,2;82,0;11,0
2026-08-11 12:44:34;DESKTOP-22AN8KV;39,2;87,9;10,29;93,2;796,0;18,0
2026-08-11 12:44:46;DESKTOP-22AN8KV;41,0;87,9;10,3;93,2;76,0;10,0
2026-08-11 12:44:57;DESKTOP-22AN8KV;39,6;87,8;10,29;93,2;33,0;28,0
2026-08-11 12:45:09;DESKTOP-22AN8KV;38,4;87,7;10,28;93,2;29,0;14,0
2026-08-11 12:45:20;DESKTOP-22AN8KV;37,1;87,8;10,28;93,2;43,0;23,0
2026-08-11 12:45:32;DESKTOP-22AN8KV;36,5;87,8;10,29;93,2;198,0;19,0
2026-08-11 12:45:43;DESKTOP-22AN8KV;38,9;87,9;10,3;93,2;383,0;14,0
2026-08-11 12:45:55;DESKTOP-22AN8KV;39,1;87,9;10,3;93,2;24,0;23,0
2026-08-11 12:46:06;DESKTOP-22AN8KV;39,3;87,7;10,28;93,2;37,0;5,0
2026-08-11 12:46:18;DESKTOP-22AN8KV;37,8;88,1;10,32;93,2;25,0;7,0
2026-08-11 12:46:29;DESKTOP-22AN8KV;39,7;87,2;10,22;93,2;18,0;16,0
2026-08-11 12:46:41;DESKTOP-22AN8KV;39,9;86,9;10,17;93,2;25,0;15,0
2026-08-11 12:46:52;DESKTOP-22AN8KV;37,0;86,9;10,18;93,2;22,0;10,0
2026-08-11 12:47:04;DESKTOP-22AN8KV;41,2;87,4;10,23;93,2;19,0;15,0
2026-08-11 12:47:16;DESKTOP-22AN8KV;38,6;87,4;10,24;93,2;26,0;18,0
2026-08-11 12:47:27;DESKTOP-22AN8KV;37,3;87,4;10,24;93,2;19,0;17,0
2026-08-11 12:47:39;DESKTOP-22AN8KV;36,5;87,2;10,22;93,2;11,0;6,0
2026-08-11 12:47:50;DESKTOP-22AN8KV;35,1;86,8;10,17;93,2;14,0;11,0
2026-08-11 12:48:02;DESKTOP-22AN8KV;38,0;86,4;10,13;93,2;36,0;21,0
2026-08-11 12:48:13;DESKTOP-22AN8KV;35,7;86,6;10,14;93,2;19,0;5,0
2026-08-11 12:48:25;DESKTOP-22AN8KV;36,6;86,5;10,14;93,2;21,0;9,0
2026-08-11 12:48:36;DESKTOP-22AN8KV;36,2;86,5;10,14;93,2;15,0;13,0
2026-08-11 12:48:48;DESKTOP-22AN8KV;34,5;86,6;10,15;93,2;17,0;9,0
2026-08-11 12:48:59;DESKTOP-22AN8KV;38,5;86,7;10,16;93,2;19,0;15,0
2026-08-11 12:49:11;DESKTOP-22AN8KV;36,5;86,7;10,16;93,2;15,0;7,0
2026-08-11 12:49:22;DESKTOP-22AN8KV;37,2;86,4;10,13;93,2;19,0;11,0
2026-08-11 12:49:34;DESKTOP-22AN8KV;34,2;86,5;10,13;93,2;18,0;18,0
2026-08-11 12:49:45;DESKTOP-22AN8KV;34,9;86,5;10,13;93,2;15,0;9,0
2026-08-11 12:49:57;DESKTOP-22AN8KV;36,0;86,6;10,15;93,2;18,0;6,0
2026-08-11 12:50:08;DESKTOP-22AN8KV;37,0;86,8;10,16;93,2;32,0;20,0
2026-08-11 12:50:20;DESKTOP-22AN8KV;36,2;86,8;10,17;93,2;15,0;7,0
2026-08-11 12:50:32;DESKTOP-22AN8KV;35,4;86,8;10,17;93,2;71,0;17,0
2026-08-11 12:50:43;DESKTOP-22AN8KV;41,8;87,2;10,22;93,2;655,0;15,0
2026-08-11 12:50:55;DESKTOP-22AN8KV;36,8;85,8;10,06;93,2;24,0;12,0
2026-08-11 12:51:06;DESKTOP-22AN8KV;35,4;85,9;10,06;93,2;17,0;15,0
2026-08-11 12:51:18;DESKTOP-22AN8KV;38,7;85,9;10,07;93,2;15,0;11,0
2026-08-11 12:51:29;DESKTOP-22AN8KV;38,4;85,9;10,06;93,2;12,0;5,0
2026-08-11 12:51:41;DESKTOP-22AN8KV;35,5;86,0;10,07;93,2;15,0;19,0
2026-08-11 12:51:52;DESKTOP-22AN8KV;35,3;86,0;10,07;93,2;18,0;6,0
2026-08-11 12:52:04;DESKTOP-22AN8KV;35,5;86,0;10,07;93,2;26,0;26,0
2026-08-11 12:52:15;DESKTOP-22AN8KV;38,0;86,2;10,09;93,2;17,0;5,0
2026-08-11 12:52:27;DESKTOP-22AN8KV;36,9;85,8;10,05;93,2;13,0;8,0
2026-08-11 12:52:38;DESKTOP-22AN8KV;34,9;85,8;10,05;93,2;12,0;13,0
2026-08-11 12:52:50;DESKTOP-22AN8KV;34,2;85,9;10,06;93,2;10,0;9,0
2026-08-11 12:53:01;DESKTOP-22AN8KV;35,7;85,7;10,04;93,2;16,0;11,0
2026-08-11 12:53:13;DESKTOP-22AN8KV;38,2;86,1;10,08;93,2;23,0;16,0
2026-08-11 12:53:24;DESKTOP-22AN8KV;36,3;86,0;10,08;93,2;36,0;19,0
2026-08-11 12:53:36;DESKTOP-22AN8KV;37,0;86,2;10,1;93,2;16,0;14,0
2026-08-11 12:53:47;DESKTOP-22AN8KV;34,7;86,3;10,11;93,2;16,0;10,0
2026-08-11 12:53:59;DESKTOP-22AN8KV;35,6;85,7;10,04;93,2;12,0;3,0
2026-08-11 12:54:11;DESKTOP-22AN8KV;38,1;85,8;10,05;93,2;18,0;16,0
2026-08-11 12:54:22;DESKTOP-22AN8KV;36,4;85,9;10,06;93,2;916,0;11,0
2026-08-11 12:54:34;DESKTOP-22AN8KV;37,9;86,0;10,07;93,2;263,0;19,0
2026-08-11 12:54:45;DESKTOP-22AN8KV;37,5;86,0;10,08;93,2;16,0;9,0
2026-08-11 12:54:57;DESKTOP-22AN8KV;37,6;86,4;10,12;93,2;17,0;5,0
2026-08-11 12:55:08;DESKTOP-22AN8KV;40,0;86,4;10,12;93,2;64,0;67,0
2026-08-11 12:55:20;DESKTOP-22AN8KV;40,1;87,4;10,23;93,2;607,0;22,0
2026-08-11 12:55:31;DESKTOP-22AN8KV;38,5;87,2;10,21;93,2;66,0;31,0
2026-08-11 12:55:43;DESKTOP-22AN8KV;38,3;87,1;10,21;93,2;21,0;20,0
2026-08-11 12:55:54;DESKTOP-22AN8KV;36,3;87,1;10,2;93,2;16,0;5,0
2026-08-11 12:56:06;DESKTOP-22AN8KV;36,2;87,1;10,21;93,2;34,0;21,0
2026-08-11 12:56:17;DESKTOP-22AN8KV;37,0;86,6;10,15;93,2;51,0;73,0
2026-08-11 12:56:29;DESKTOP-22AN8KV;37,0;86,1;10,09;93,2;33,0;7,0
2026-08-11 12:56:40;DESKTOP-22AN8KV;36,1;86,2;10,1;93,2;21,0;13,0
2026-08-11 12:56:52;DESKTOP-22AN8KV;37,0;86,3;10,11;93,2;19,0;10,0
2026-08-11 12:57:03;DESKTOP-22AN8KV;36,6;86,2;10,1;93,2;21,0;3,0
2026-08-11 12:57:15;DESKTOP-22AN8KV;38,1;86,3;10,12;93,2;19,0;16,0
2026-08-11 12:57:26;DESKTOP-22AN8KV;35,8;86,4;10,12;93,2;14,0;11,0
2026-08-11 12:57:38;DESKTOP-22AN8KV;35,6;86,5;10,13;93,2;17,0;14,0
2026-08-11 12:57:50;DESKTOP-22AN8KV;37,2;86,3;10,11;93,2;17,0;10,0
2026-08-11 12:58:01;DESKTOP-22AN8KV;36,5;86,2;10,1;93,2;13,0;3,0
2026-08-11 12:58:13;DESKTOP-22AN8KV;37,6;86,4;10,12;93,2;19,0;17,0
2026-08-11 12:58:24;DESKTOP-22AN8KV;38,8;86,4;10,12;93,2;19,0;7,0
2026-08-11 12:58:36;DESKTOP-22AN8KV;34,4;86,3;10,11;93,2;20,0;5,0
2026-08-11 12:58:47;DESKTOP-22AN8KV;34,9;86,5;10,13;93,2;30,0;29,0
2026-08-11 12:58:59;DESKTOP-22AN8KV;41,6;86,3;10,11;93,2;14,0;4,0
2026-08-11 12:59:10;DESKTOP-22AN8KV;40,5;86,5;10,13;93,2;46,0;24,0
2026-08-11 12:59:22;DESKTOP-22AN8KV;37,4;86,5;10,13;93,2;30,0;13,0
2026-08-11 12:59:33;DESKTOP-22AN8KV;34,5;86,4;10,12;93,2;21,0;7,0
2026-08-11 12:59:45;DESKTOP-22AN8KV;36,8;86,5;10,13;93,2;32,0;31,0
2026-08-11 12:59:56;DESKTOP-22AN8KV;36,2;86,7;10,15;93,2;17,0;5,0
2026-08-11 13:00:08;DESKTOP-22AN8KV;35,7;86,7;10,16;93,2;20,0;10,0
2026-08-11 13:00:19;DESKTOP-22AN8KV;37,7;86,7;10,16;93,2;507,0;39,0
2026-08-11 13:00:31;DESKTOP-22AN8KV;35,1;86,4;10,13;93,2;15,0;8,0
2026-08-11 13:00:42;DESKTOP-22AN8KV;38,6;86,3;10,1;93,2;50,0;23,0
2026-08-11 13:00:54;DESKTOP-22AN8KV;36,0;86,1;10,09;93,2;54,0;16,0
2026-08-11 13:01:05;DESKTOP-22AN8KV;38,8;86,1;10,09;93,2;23,0;5,0
2026-08-11 13:01:17;DESKTOP-22AN8KV;36,6;86,5;10,13;93,2;22,0;19,0
2026-08-11 13:01:29;DESKTOP-22AN8KV;37,6;87,3;10,23;93,2;17,0;8,0
2026-08-11 13:01:40;DESKTOP-22AN8KV;38,1;87,2;10,22;93,2;25,0;22,0
2026-08-11 13:01:52;DESKTOP-22AN8KV;37,5;86,8;10,17;93,2;47,0;15,0
2026-08-11 13:02:03;DESKTOP-22AN8KV;37,4;85,8;10,05;93,2;34,0;3,0
2026-08-11 13:02:15;DESKTOP-22AN8KV;38,6;86,3;10,11;93,2;28,0;16,0
2026-08-11 13:02:26;DESKTOP-22AN8KV;35,4;86,3;10,11;93,2;22,0;7,0
2026-08-11 13:02:38;DESKTOP-22AN8KV;38,2;86,2;10,1;93,2;36,0;10,0
2026-08-11 13:02:49;DESKTOP-22AN8KV;36,0;86,4;10,12;93,2;30,0;25,0
2026-08-11 13:03:01;DESKTOP-22AN8KV;38,8;87,1;10,21;93,2;19,0;7,0
2026-08-11 13:03:12;DESKTOP-22AN8KV;38,7;87,2;10,22;93,2;34,0;16,0
2026-08-11 13:03:24;DESKTOP-22AN8KV;40,4;86,9;10,18;93,2;27,0;10,0
2026-08-11 13:03:35;DESKTOP-22AN8KV;37,1;86,2;10,1;93,2;34,0;10,0
2026-08-11 13:03:47;DESKTOP-22AN8KV;34,3;86,4;10,12;93,2;27,0;21,0
2026-08-11 13:03:58;DESKTOP-22AN8KV;36,4;86,2;10,1;93,2;18,0;4,0
2026-08-11 13:04:10;DESKTOP-22AN8KV;34,2;86,3;10,11;93,2;26,0;5,0
2026-08-11 13:04:21;DESKTOP-22AN8KV;39,4;86,6;10,14;93,2;34,0;21,0
2026-08-11 13:04:33;DESKTOP-22AN8KV;36,7;86,5;10,13;93,2;29,0;6,0
2026-08-11 13:04:44;DESKTOP-22AN8KV;36,6;86,4;10,12;93,2;36,0;20,0
2026-08-11 13:04:56;DESKTOP-22AN8KV;36,8;86,4;10,12;93,2;30,0;8,0
2026-08-11 13:05:08;DESKTOP-22AN8KV;39,3;86,5;10,13;93,2;49,0;20,0
2026-08-11 13:05:19;DESKTOP-22AN8KV;46,1;86,7;10,16;93,2;41,0;22,0
2026-08-11 13:05:31;DESKTOP-22AN8KV;49,7;87,5;10,24;93,2;45,0;28,0
2026-08-11 13:05:42;DESKTOP-22AN8KV;43,5;87,5;10,25;93,2;32,0;7,0
2026-08-11 13:05:54;DESKTOP-22AN8KV;46,0;86,1;10,08;93,2;31,0;12,0
2026-08-11 13:06:05;DESKTOP-22AN8KV;46,6;85,3;9,99;93,2;37,0;32,0
2026-08-11 13:06:17;DESKTOP-22AN8KV;41,0;85,4;10,0;93,2;104,0;10,0
2026-08-11 13:06:28;DESKTOP-22AN8KV;43,8;85,5;10,01;93,2;33,0;6,0
2026-08-11 13:06:40;DESKTOP-22AN8KV;45,6;85,6;10,03;93,2;33,0;5,0
2026-08-11 13:06:51;DESKTOP-22AN8KV;43,4;85,4;10,0;93,2;32,0;23,0
2026-08-11 13:07:03;DESKTOP-22AN8KV;41,5;85,2;9,98;93,2;52,0;3,0
2026-08-11 13:07:14;DESKTOP-22AN8KV;38,2;85,7;10,03;93,2;312,0;6,0
2026-08-11 13:07:26;DESKTOP-22AN8KV;36,2;85,7;10,04;93,2;66,0;35,0
2026-08-11 13:07:37;DESKTOP-22AN8KV;37,3;85,7;10,04;93,2;41,0;20,0
2026-08-11 13:07:49;DESKTOP-22AN8KV;37,3;85,7;10,04;93,2;54,0;21,0
2026-08-11 13:08:00;DESKTOP-22AN8KV;37,3;85,8;10,05;93,2;41,0;7,0
2026-08-11 13:08:12;DESKTOP-22AN8KV;41,0;85,5;10,01;93,2;37,0;4,0
2026-08-11 13:08:23;DESKTOP-22AN8KV;35,3;85,5;10,02;93,2;36,0;18,0
2026-08-11 13:08:35;DESKTOP-22AN8KV;36,0;85,4;10,01;93,2;42,0;13,0
2026-08-11 13:08:46;DESKTOP-22AN8KV;38,5;85,5;10,02;93,2;31,0;7,0
2026-08-11 13:08:58;DESKTOP-22AN8KV;36,8;85,6;10,03;93,2;38,0;15,0
2026-08-11 13:09:10;DESKTOP-22AN8KV;36,8;85,7;10,05;93,2;56,0;5,0
2026-08-11 13:09:21;DESKTOP-22AN8KV;35,8;86,0;10,07;93,2;41,0;26,0
2026-08-11 13:09:33;DESKTOP-22AN8KV;54,4;85,8;10,05;93,2;43,0;4,0
2026-08-11 13:09:44;DESKTOP-22AN8KV;34,9;85,9;10,06;93,2;30,0;6,0
2026-08-11 13:09:56;DESKTOP-22AN8KV;36,7;86,0;10,08;93,2;31,0;19,0
2026-08-11 13:10:07;DESKTOP-22AN8KV;38,3;86,2;10,1;93,2;48,0;11,0
2026-08-11 13:10:19;DESKTOP-22AN8KV;35,2;86,2;10,1;93,2;43,0;16,0
2026-08-11 13:10:30;DESKTOP-22AN8KV;37,0;86,3;10,11;93,2;36,0;14,0
2026-08-11 13:10:42;DESKTOP-22AN8KV;35,3;86,2;10,09;93,2;73,0;6,0
2026-08-11 13:10:53;DESKTOP-22AN8KV;33,6;86,3;10,11;93,2;67,0;21,0
2026-08-11 13:11:05;DESKTOP-22AN8KV;38,1;85,5;10,01;93,2;67,0;16,0
2026-08-11 13:11:16;DESKTOP-22AN8KV;36,3;85,8;10,05;93,2;43,0;8,0
2026-08-11 13:11:28;DESKTOP-22AN8KV;36,7;85,8;10,05;93,2;30,0;20,0
2026-08-11 13:11:39;DESKTOP-22AN8KV;37,0;85,8;10,05;93,2;41,0;6,0
2026-08-11 13:11:51;DESKTOP-22AN8KV;36,0;85,8;10,05;93,2;29,0;19,0
2026-08-11 13:12:02;DESKTOP-22AN8KV;37,1;85,9;10,06;93,2;19,0;7,0
2026-08-11 13:12:14;DESKTOP-22AN8KV;37,4;86,0;10,08;93,2;504,0;7,0
2026-08-11 13:12:26;DESKTOP-22AN8KV;35,5;85,7;10,03;93,2;33,0;19,0
2026-08-11 13:12:37;DESKTOP-22AN8KV;37,7;85,6;10,03;93,2;22,0;5,0
2026-08-11 13:12:49;DESKTOP-22AN8KV;35,3;85,7;10,04;93,2;37,0;7,0
2026-08-11 13:13:00;DESKTOP-22AN8KV;37,6;86,5;10,13;93,2;84,0;26,0
2026-08-11 13:13:12;DESKTOP-22AN8KV;37,6;86,4;10,13;93,2;52,0;12,0
2026-08-11 13:13:23;DESKTOP-22AN8KV;38,6;86,6;10,14;93,2;226,0;26,0
2026-08-11 13:13:35;DESKTOP-22AN8KV;46,5;87,2;10,21;93,2;371,0;1675,0
2026-08-11 13:13:46;DESKTOP-22AN8KV;50,1;88,5;10,37;93,2;171,0;100,0
2026-08-11 13:13:58;DESKTOP-22AN8KV;0,0;87,9;10,3;93,2;0,0;0,0
2026-08-11 13:14:09;DESKTOP-22AN8KV;47,1;88,3;10,34;93,2;43,0;1717,0
2026-08-11 13:14:21;DESKTOP-22AN8KV;50,5;87,6;10,26;93,2;88,0;106,0
2026-08-11 13:14:32;DESKTOP-22AN8KV;42,8;87,6;10,26;93,2;285,0;1705,0
2026-08-11 13:14:44;DESKTOP-22AN8KV;44,8;87,6;10,26;93,2;69,0;40,0
2026-08-11 13:14:55;DESKTOP-22AN8KV;48,9;87,9;10,29;93,2;58,0;1499,0
2026-08-11 13:15:07;DESKTOP-22AN8KV;56,2;87,4;10,24;93,2;105,0;1962,0
2026-08-11 13:15:18;DESKTOP-22AN8KV;47,9;87,1;10,2;93,2;82,0;168,0
2026-08-11 13:15:30;DESKTOP-22AN8KV;61,3;87,2;10,22;93,2;104,0;1770,0
2026-08-11 13:15:42;DESKTOP-22AN8KV;66,3;87,9;10,3;93,2;97,0;1944,0
2026-08-11 13:15:53;DESKTOP-22AN8KV;54,3;87,0;10,19;93,2;55,0;82,0
2026-08-11 13:16:05;DESKTOP-22AN8KV;51,4;86,5;10,14;93,2;96,0;32,0
2026-08-11 13:16:16;DESKTOP-22AN8KV;53,2;87,2;10,21;93,2;72,0;29,0
2026-08-11 13:16:28;DESKTOP-22AN8KV;54,5;86,9;10,18;93,2;56,0;80,0
2026-08-11 13:16:39;DESKTOP-22AN8KV;55,9;86,9;10,18;93,2;166,0;16,0
2026-08-11 13:16:51;DESKTOP-22AN8KV;55,1;86,6;10,15;93,2;190,0;9,0
2026-08-11 13:17:02;DESKTOP-22AN8KV;55,5;86,8;10,17;93,2;54,0;16,0
2026-08-11 13:17:14;DESKTOP-22AN8KV;54,6;86,9;10,18;93,2;35,0;8,0
2026-08-11 13:17:25;DESKTOP-22AN8KV;51,5;87,2;10,22;93,2;37,0;12,0
2026-08-11 13:17:37;DESKTOP-22AN8KV;52,7;87,4;10,24;93,2;23,0;8,0
2026-08-11 13:17:49;DESKTOP-22AN8KV;55,1;87,7;10,27;93,2;281,0;27,0
2026-08-11 13:18:00;DESKTOP-22AN8KV;54,5;87,9;10,3;93,2;30,0;12,0
2026-08-11 13:18:12;DESKTOP-22AN8KV;54,0;88,5;10,37;93,2;52,0;1671,0
2026-08-11 13:18:23;DESKTOP-22AN8KV;52,1;88,5;10,37;93,2;73,0;2172,0
2026-08-11 13:18:35;DESKTOP-22AN8KV;50,2;87,2;10,22;93,2;51,0;1739,0
2026-08-11 13:18:46;DESKTOP-22AN8KV;60,8;89,1;10,44;93,2;69,0;263,0
2026-08-11 13:18:58;DESKTOP-22AN8KV;47,4;87,9;10,29;93,2;57,0;1752,0
2026-08-11 13:19:09;DESKTOP-22AN8KV;48,7;89,3;10,46;93,2;69,0;3421,0
2026-08-11 13:19:21;DESKTOP-22AN8KV;30,1;88,5;10,37;93,2;80,0;150,0
2026-08-11 13:19:32;DESKTOP-22AN8KV;26,6;88,1;10,32;93,2;43,0;12,0
2026-08-11 13:19:44;DESKTOP-22AN8KV;29,6;88,1;10,33;93,2;52,0;55,0
2026-08-11 13:19:55;DESKTOP-22AN8KV;28,7;88,2;10,33;93,2;73,0;39,0
2026-08-11 13:20:07;DESKTOP-22AN8KV;28,9;87,9;10,3;93,2;87,0;24,0
2026-08-11 13:20:19;DESKTOP-22AN8KV;27,7;87,9;10,3;93,2;57,0;15,0
2026-08-11 13:20:30;DESKTOP-22AN8KV;34,7;87,7;10,28;93,2;298,0;22,0
2026-08-11 13:20:42;DESKTOP-22AN8KV;27,7;87,7;10,27;93,2;64,0;24,0
2026-08-11 13:20:53;DESKTOP-22AN8KV;27,7;86,9;10,17;93,2;45,0;17,0
2026-08-11 13:21:05;DESKTOP-22AN8KV;27,2;86,5;10,14;93,2;61,0;16,0
2026-08-11 13:21:16;DESKTOP-22AN8KV;27,3;86,8;10,17;93,2;65,0;1706,0
2026-08-11 13:21:28;DESKTOP-22AN8KV;24,7;87,0;10,19;93,2;39,0;71,0
2026-08-11 13:21:39;DESKTOP-22AN8KV;31,3;86,6;10,14;93,2;59,0;55,0
2026-08-11 13:21:51;DESKTOP-22AN8KV;29,9;86,6;10,15;93,2;72,0;3509,0
2026-08-11 13:22:02;DESKTOP-22AN8KV;29,4;87,2;10,22;93,2;152,0;2008,0
2026-08-11 13:22:14;DESKTOP-22AN8KV;28,3;87,8;10,28;93,2;122,0;1986,0
2026-08-11 13:22:25;DESKTOP-22AN8KV;30,0;87,7;10,28;93,2;77,0;1800,0
2026-08-11 13:22:37;DESKTOP-22AN8KV;26,7;87,3;10,22;93,2;45,0;86,0
2026-08-11 13:22:48;DESKTOP-22AN8KV;27,3;87,2;10,22;93,2;527,0;1782,0
2026-08-11 13:23:00;DESKTOP-22AN8KV;31,0;87,7;10,27;93,2;44,0;215,0
2026-08-11 13:23:11;DESKTOP-22AN8KV;35,9;87,3;10,23;93,2;3785,0;1776,0
2026-08-11 13:23:23;DESKTOP-22AN8KV;23,8;87,0;10,19;93,2;102,0;71,0
2026-08-11 13:23:35;DESKTOP-22AN8KV;24,8;86,9;10,18;93,2;31,0;21,0
2026-08-11 13:23:46;DESKTOP-22AN8KV;23,9;87,0;10,19;93,2;51,0;61,0
2026-08-11 13:23:58;DESKTOP-22AN8KV;27,3;85,6;10,03;93,2;36,0;12,0
2026-08-11 13:24:09;DESKTOP-22AN8KV;35,7;86,8;10,17;93,2;124,0;27,0
2026-08-11 13:24:21;DESKTOP-22AN8KV;31,2;86,7;10,16;93,2;154,0;33,0
2026-08-11 13:24:32;DESKTOP-22AN8KV;29,4;86,7;10,15;93,2;68,0;222,0
2026-08-11 13:24:44;DESKTOP-22AN8KV;29,7;86,6;10,15;93,2;292,0;217,0
2026-08-11 13:24:55;DESKTOP-22AN8KV;31,8;87,4;10,24;93,2;107,0;1960,0
2026-08-11 13:25:07;DESKTOP-22AN8KV;26,5;87,8;10,29;93,2;98,0;1895,0
2026-08-11 13:25:18;DESKTOP-22AN8KV;36,4;89,1;10,43;93,2;131,0;1807,0
2026-08-11 13:25:30;DESKTOP-22AN8KV;42,3;88,3;10,34;93,2;216,0;1878,0
2026-08-11 13:25:41;DESKTOP-22AN8KV;27,4;88,6;10,38;93,2;396,0;1962,0
2026-08-11 13:25:53;DESKTOP-22AN8KV;29,1;89,0;10,42;93,2;85,0;374,0
2026-08-11 13:26:04;DESKTOP-22AN8KV;25,7;88,9;10,42;93,2;63,0;91,0
2026-08-11 13:26:16;DESKTOP-22AN8KV;27,2;88,7;10,39;93,2;76,0;119,0
2026-08-11 13:26:28;DESKTOP-22AN8KV;25,3;88,2;10,33;93,2;81,0;77,0
2026-08-11 13:26:39;DESKTOP-22AN8KV;23,0;87,0;10,19;93,2;279,0;17,0
2026-08-11 13:26:51;DESKTOP-22AN8KV;25,3;87,5;10,26;93,2;135,0;1803,0
2026-08-11 13:27:02;DESKTOP-22AN8KV;23,6;87,5;10,25;93,2;56,0;71,0
2026-08-11 13:27:14;DESKTOP-22AN8KV;26,7;87,5;10,25;93,2;51,0;29,0
2026-08-11 13:27:25;DESKTOP-22AN8KV;26,4;87,5;10,25;93,2;87,0;56,0
2026-08-11 13:27:37;DESKTOP-22AN8KV;28,4;87,7;10,27;93,2;48,0;30,0
2026-08-11 13:27:48;DESKTOP-22AN8KV;31,2;87,6;10,26;93,2;46,0;23,0
2026-08-11 13:28:00;DESKTOP-22AN8KV;27,6;87,9;10,29;93,2;37,0;29,0
2026-08-11 13:28:11;DESKTOP-22AN8KV;27,0;87,9;10,3;93,2;51,0;15,0
2026-08-11 13:28:23;DESKTOP-22AN8KV;28,8;88,0;10,31;93,2;47,0;17,0
2026-08-11 13:28:34;DESKTOP-22AN8KV;28,3;88,1;10,32;93,2;50,0;29,0
2026-08-11 13:28:46;DESKTOP-22AN8KV;25,9;88,1;10,31;93,2;40,0;1768,0
2026-08-11 13:28:57;DESKTOP-22AN8KV;28,1;89,0;10,43;93,2;53,0;1855,0
2026-08-11 13:29:09;DESKTOP-22AN8KV;26,6;88,6;10,38;93,2;97,0;1924,0
2026-08-11 13:29:21;DESKTOP-22AN8KV;24,9;88,4;10,36;93,2;504,0;1981,0
2026-08-11 13:29:32;DESKTOP-22AN8KV;22,0;87,4;10,23;93,2;62,0;62,0
2026-08-11 13:29:44;DESKTOP-22AN8KV;25,2;85,9;10,07;93,2;61,0;57,0
2026-08-11 13:29:55;DESKTOP-22AN8KV;21,8;86,0;10,07;93,2;78,0;23,0
2026-08-11 13:30:07;DESKTOP-22AN8KV;24,1;86,4;10,12;93,2;77,0;44,0
2026-08-11 13:30:18;DESKTOP-22AN8KV;27,8;89,5;10,49;93,2;134,0;58,0
2026-08-11 13:30:30;DESKTOP-22AN8KV;21,5;89,7;10,51;93,2;101,0;35,0
2026-08-11 13:30:41;DESKTOP-22AN8KV;20,8;89,5;10,49;93,2;106,0;36,0
2026-08-11 13:30:53;DESKTOP-22AN8KV;17,8;87,3;10,23;93,2;77,0;26,0
2026-08-11 13:31:04;DESKTOP-22AN8KV;19,1;90,3;10,58;93,2;306,0;28,0
2026-08-11 13:31:16;DESKTOP-22AN8KV;22,3;90,5;10,6;93,2;308,0;30,0
2026-08-11 13:31:27;DESKTOP-22AN8KV;21,0;90,8;10,64;93,2;41,0;13,0
2026-08-11 13:31:39;DESKTOP-22AN8KV;19,1;90,6;10,62;93,2;278,0;10,0
2026-08-11 13:31:50;DESKTOP-22AN8KV;17,9;90,3;10,58;93,2;73,0;18,0
2026-08-11 13:32:02;DESKTOP-22AN8KV;19,4;90,5;10,6;93,2;157,0;26,0
2026-08-11 13:32:14;DESKTOP-22AN8KV;18,6;90,6;10,61;93,2;181,0;11,0
2026-08-11 13:32:25;DESKTOP-22AN8KV;18,6;90,4;10,59;93,2;31,0;13,0
2026-08-11 13:32:37;DESKTOP-22AN8KV;25,7;92,1;10,79;93,2;39,0;14,0
2026-08-11 13:32:48;DESKTOP-22AN8KV;38,0;92,7;10,86;93,2;65,0;34,0
2026-08-11 13:33:00;DESKTOP-22AN8KV;18,6;91,7;10,75;93,2;54,0;22,0
2026-08-11 13:33:11;DESKTOP-22AN8KV;16,4;91,6;10,74;93,2;41,0;13,0
2026-08-11 13:33:23;DESKTOP-22AN8KV;17,5;91,0;10,66;93,2;29,0;8,0
2026-08-11 13:33:34;DESKTOP-22AN8KV;27,9;93,1;10,91;93,2;61,0;20,0
2026-08-11 13:33:46;DESKTOP-22AN8KV;34,3;92,5;10,84;93,2;87,0;79,0
2026-08-11 13:33:57;DESKTOP-22AN8KV;30,6;92,2;10,8;93,2;26,0;34,0
2026-08-11 13:34:09;DESKTOP-22AN8KV;26,3;91,3;10,69;93,2;30,0;24,0
2026-08-11 13:34:20;DESKTOP-22AN8KV;31,0;92,7;10,86;93,2;93,0;56,0
2026-08-11 13:34:32;DESKTOP-22AN8KV;26,9;92,7;10,86;93,2;46,0;27,0
2026-08-11 13:34:44;DESKTOP-22AN8KV;28,8;91,4;10,71;93,2;39,0;44,0
2026-08-11 13:34:55;DESKTOP-22AN8KV;27,1;89,8;10,52;93,2;22,0;18,0
2026-08-11 13:35:07;DESKTOP-22AN8KV;28,6;90,7;10,62;93,2;466,0;70,0
2026-08-11 13:35:18;DESKTOP-22AN8KV;31,4;90,8;10,64;93,2;300,0;150,0
2026-08-11 13:35:30;DESKTOP-22AN8KV;28,6;90,5;10,6;93,2;59,0;43,0
2026-08-11 13:35:41;DESKTOP-22AN8KV;27,5;90,6;10,62;93,2;64,0;1783,0
2026-08-11 13:35:53;DESKTOP-22AN8KV;24,6;89,8;10,52;93,2;22,0;56,0
2026-08-11 13:36:04;DESKTOP-22AN8KV;28,2;89,7;10,51;93,2;57,0;23,0
2026-08-11 13:36:16;DESKTOP-22AN8KV;29,7;89,5;10,48;93,2;66,0;48,0
2026-08-11 13:36:27;DESKTOP-22AN8KV;26,5;89,3;10,46;93,2;37,0;25,0
2026-08-11 13:36:39;DESKTOP-22AN8KV;31,3;89,1;10,44;93,2;35,0;2,0
2026-08-11 13:36:50;DESKTOP-22AN8KV;27,6;89,1;10,44;93,2;141,0;292,0
2026-08-11 13:37:02;DESKTOP-22AN8KV;28,1;89,0;10,43;93,2;59,0;13,0
2026-08-11 13:37:13;DESKTOP-22AN8KV;27,4;89,4;10,47;93,2;409,0;103,0
2026-08-11 13:37:25;DESKTOP-22AN8KV;30,8;89,8;10,52;93,2;64,0;35,0
2026-08-11 13:37:36;DESKTOP-22AN8KV;30,5;90,0;10,54;93,2;135,0;1814,0
2026-08-11 13:37:48;DESKTOP-22AN8KV;31,3;90,6;10,62;93,2;161,0;65,0
2026-08-11 13:38:00;DESKTOP-22AN8KV;29,9;90,1;10,55;93,2;52,0;34,0
2026-08-11 13:38:11;DESKTOP-22AN8KV;27,7;89,7;10,5;93,2;36,0;21,0
2026-08-11 13:38:23;DESKTOP-22AN8KV;28,2;89,1;10,43;93,2;48,0;17,0
2026-08-11 13:38:34;DESKTOP-22AN8KV;27,9;89,2;10,45;93,2;68,0;94,0
2026-08-11 13:38:46;DESKTOP-22AN8KV;26,5;89,7;10,51;93,2;70,0;3687,0
2026-08-11 13:39:11;DESKTOP-22AN8KV;0,0;91,0;10,66;93,2;0,0;0,0
2026-08-11 13:39:23;DESKTOP-22AN8KV;32,9;91,1;10,67;93,2;36,0;93,0
2026-08-11 13:39:34;DESKTOP-22AN8KV;38,5;93,3;10,93;93,2;218,0;1891,0
2026-08-11 13:39:46;DESKTOP-22AN8KV;31,9;92,7;10,86;93,2;102,0;199,0
2026-08-11 13:39:57;DESKTOP-22AN8KV;29,2;93,0;10,89;93,2;62,0;2149,0
2026-08-11 13:40:09;DESKTOP-22AN8KV;36,9;92,7;10,85;93,2;180,0;115,0
2026-08-11 13:40:20;DESKTOP-22AN8KV;29,2;92,6;10,85;93,2;42,0;28,0
2026-08-11 13:40:32;DESKTOP-22AN8KV;30,2;93,2;10,92;93,2;353,0;40,0
2026-08-11 13:40:43;DESKTOP-22AN8KV;21,7;92,3;10,81;93,2;38,0;8,0
2026-08-11 13:40:55;DESKTOP-22AN8KV;16,9;91,9;10,77;93,2;212,0;20,0
2026-08-11 13:41:07;DESKTOP-22AN8KV;15,6;91,3;10,69;93,2;103,0;48,0
2026-08-11 13:41:18;DESKTOP-22AN8KV;15,8;91,2;10,68;93,2;40,0;27,0
2026-08-11 13:41:30;DESKTOP-22AN8KV;15,7;91,0;10,66;93,2;241,0;20,0
2026-08-11 13:41:41;DESKTOP-22AN8KV;15,1;90,8;10,64;93,2;293,0;11,0
2026-08-11 13:41:53;DESKTOP-22AN8KV;15,7;90,7;10,62;93,2;18,0;7,0
2026-08-11 13:42:04;DESKTOP-22AN8KV;14,5;91,0;10,67;93,2;22,0;6,0
2026-08-11 13:42:16;DESKTOP-22AN8KV;29,2;91,4;10,71;93,2;70,0;48,0
2026-08-11 13:42:27;DESKTOP-22AN8KV;27,8;91,1;10,67;93,2;30,0;4,0
2026-08-11 13:42:39;DESKTOP-22AN8KV;28,0;91,9;10,77;93,2;27,0;13,0
2026-08-11 13:42:50;DESKTOP-22AN8KV;37,1;89,6;10,5;93,2;41,0;32,0
2026-08-11 13:43:02;DESKTOP-22AN8KV;27,4;90,3;10,57;93,2;21,0;15,0
2026-08-11 13:43:13;DESKTOP-22AN8KV;28,2;90,5;10,6;93,2;76,0;24,0
2026-08-11 13:43:25;DESKTOP-22AN8KV;25,9;89,3;10,46;93,2;30,0;27,0
2026-08-11 13:43:36;DESKTOP-22AN8KV;23,3;89,7;10,51;93,2;60,0;1843,0
2026-08-11 13:43:48;DESKTOP-22AN8KV;26,3;89,2;10,45;93,2;50,0;90,0
2026-08-11 13:43:59;DESKTOP-22AN8KV;22,0;89,6;10,49;93,2;77,0;1858,0
2026-08-11 13:44:11;DESKTOP-22AN8KV;28,0;89,1;10,44;93,2;67,0;124,0
2026-08-11 13:44:22;DESKTOP-22AN8KV;24,1;88,7;10,39;93,2;55,0;1913,0
2026-08-11 13:44:34;DESKTOP-22AN8KV;24,4;89,3;10,46;93,2;36,0;108,0
2026-08-11 13:44:46;DESKTOP-22AN8KV;22,4;88,8;10,4;93,2;53,0;5,0
2026-08-11 13:44:57;DESKTOP-22AN8KV;26,9;89,2;10,45;93,2;21,0;28,0
2026-08-11 13:45:09;DESKTOP-22AN8KV;27,4;88,9;10,42;93,2;50,0;42,0
2026-08-11 13:45:20;DESKTOP-22AN8KV;23,8;88,8;10,4;93,2;31,0;35,0
2026-08-11 13:45:32;DESKTOP-22AN8KV;23,6;88,6;10,37;93,2;46,0;7,0
2026-08-11 13:45:43;DESKTOP-22AN8KV;22,3;88,6;10,38;93,2;56,0;19,0
2026-08-11 13:45:55;DESKTOP-22AN8KV;22,6;88,6;10,37;93,2;39,0;29,0
2026-08-11 13:46:06;DESKTOP-22AN8KV;24,0;88,8;10,4;93,2;49,0;1853,0
2026-08-11 13:46:18;DESKTOP-22AN8KV;28,3;88,8;10,41;93,2;44,0;21,0
2026-08-11 13:46:29;DESKTOP-22AN8KV;29,9;90,0;10,54;93,2;59,0;135,0
2026-08-11 13:46:41;DESKTOP-22AN8KV;29,2;89,6;10,49;93,2;466,0;6,0
2026-08-11 13:46:52;DESKTOP-22AN8KV;25,5;88,9;10,41;93,2;39,0;75,0
2026-08-11 13:47:04;DESKTOP-22AN8KV;25,1;88,9;10,41;93,2;60,0;1867,0
2026-08-11 13:47:15;DESKTOP-22AN8KV;34,2;89,1;10,44;93,2;21,0;38,0
2026-08-11 13:47:27;DESKTOP-22AN8KV;39,6;89,5;10,48;93,2;58,0;1847,0
2026-08-11 13:47:38;DESKTOP-22AN8KV;33,8;89,8;10,51;93,2;159,0;1955,0
2026-08-11 13:47:50;DESKTOP-22AN8KV;37,5;89,0;10,43;93,2;81,0;90,0
2026-08-11 13:48:02;DESKTOP-22AN8KV;33,2;88,4;10,35;93,2;252,0;1930,0
2026-08-11 13:48:13;DESKTOP-22AN8KV;31,0;88,5;10,37;93,2;30,0;69,0
2026-08-11 13:48:25;DESKTOP-22AN8KV;28,9;88,3;10,34;93,2;43,0;20,0
2026-08-11 13:48:36;DESKTOP-22AN8KV;26,8;88,4;10,36;93,2;57,0;1843,0
2026-08-11 13:48:48;DESKTOP-22AN8KV;27,8;88,5;10,37;93,2;84,0;78,0
2026-08-11 13:48:59;DESKTOP-22AN8KV;27,7;88,2;10,33;93,2;473,0;26,0
2026-08-11 13:49:11;DESKTOP-22AN8KV;26,7;88,3;10,34;93,2;27,0;6,0
2026-08-11 13:49:22;DESKTOP-22AN8KV;26,2;88,0;10,31;93,2;31,0;19,0
2026-08-11 13:49:34;DESKTOP-22AN8KV;26,5;88,2;10,33;93,2;24,0;21,0
2026-08-11 13:49:45;DESKTOP-22AN8KV;27,8;88,0;10,31;93,2;74,0;13,0
2026-08-11 13:49:57;DESKTOP-22AN8KV;25,1;88,5;10,37;93,2;53,0;159,0
2026-08-11 13:50:08;DESKTOP-22AN8KV;28,9;88,9;10,41;93,2;165,0;1957,0
2026-08-11 13:50:20;DESKTOP-22AN8KV;25,2;88,8;10,4;93,2;45,0;77,0
2026-08-11 13:50:31;DESKTOP-22AN8KV;24,5;88,8;10,4;93,2;48,0;25,0
2026-08-11 13:50:43;DESKTOP-22AN8KV;43,1;90,1;10,56;93,2;82,0;49,0
2026-08-11 13:50:54;DESKTOP-22AN8KV;42,6;90,5;10,6;93,2;30,0;16,0
2026-08-11 13:51:06;DESKTOP-22AN8KV;37,7;89,3;10,46;93,2;37,0;26,0
2026-08-11 13:51:18;DESKTOP-22AN8KV;35,2;89,3;10,46;93,2;28,0;3,0
2026-08-11 13:51:29;DESKTOP-22AN8KV;34,8;89,4;10,48;93,2;45,0;12,0
2026-08-11 13:51:41;DESKTOP-22AN8KV;29,0;89,6;10,5;93,2;63,0;41,0
2026-08-11 13:51:52;DESKTOP-22AN8KV;23,7;89,2;10,45;93,2;46,0;1887,0
2026-08-11 13:52:04;DESKTOP-22AN8KV;25,8;89,0;10,42;93,2;26,0;21,0
2026-08-11 13:52:15;DESKTOP-22AN8KV;25,1;88,9;10,41;93,2;26,0;18,0
2026-08-11 13:52:27;DESKTOP-22AN8KV;26,5;88,8;10,4;93,2;25,0;7,0
2026-08-11 13:52:38;DESKTOP-22AN8KV;24,0;88,2;10,33;93,2;46,0;31,0
2026-08-11 13:52:50;DESKTOP-22AN8KV;25,8;88,6;10,38;93,2;64,0;1946,0
2026-08-11 13:53:01;DESKTOP-22AN8KV;27,3;87,1;10,21;93,2;43,0;1950,0
2026-08-11 13:53:13;DESKTOP-22AN8KV;26,5;87,7;10,28;93,2;71,0;1906,0
2026-08-11 13:53:24;DESKTOP-22AN8KV;24,6;87,5;10,24;93,2;55,0;116,0
2026-08-11 13:53:36;DESKTOP-22AN8KV;23,0;87,8;10,28;93,2;70,0;1969,0
2026-08-11 13:53:47;DESKTOP-22AN8KV;21,6;87,5;10,25;93,2;40,0;99,0
2026-08-11 13:53:59;DESKTOP-22AN8KV;22,9;87,6;10,27;93,2;445,0;19,0
2026-08-11 13:54:10;DESKTOP-22AN8KV;31,8;88,6;10,38;93,2;227,0;1916,0
2026-08-11 13:54:22;DESKTOP-22AN8KV;27,1;87,9;10,3;93,2;81,0;68,0
2026-08-11 13:54:34;DESKTOP-22AN8KV;37,5;88,8;10,4;93,2;88,0;88,0
2026-08-11 13:54:45;DESKTOP-22AN8KV;25,9;88,5;10,36;93,2;43,0;30,0
2026-08-11 13:54:57;DESKTOP-22AN8KV;34,9;89,4;10,47;93,2;28,0;23,0
2026-08-11 13:55:08;DESKTOP-22AN8KV;35,5;89,3;10,46;93,2;31,0;13,0
2026-08-11 13:55:20;DESKTOP-22AN8KV;32,3;90,2;10,57;93,2;63,0;53,0
2026-08-11 13:55:31;DESKTOP-22AN8KV;29,6;90,3;10,58;93,2;64,0;55,0
2026-08-11 13:55:43;DESKTOP-22AN8KV;23,7;88,1;10,32;93,2;57,0;1966,0
2026-08-11 13:55:54;DESKTOP-22AN8KV;24,8;89,4;10,47;93,2;138,0;2148,0
2026-08-11 13:56:06;DESKTOP-22AN8KV;40,8;89,7;10,51;93,2;109,0;104,0
2026-08-11 13:56:17;DESKTOP-22AN8KV;33,2;89,3;10,46;93,2;58,0;103,0
2026-08-11 13:56:29;DESKTOP-22AN8KV;38,0;88,6;10,38;93,2;37,0;30,0
2026-08-11 13:56:40;DESKTOP-22AN8KV;28,2;88,1;10,32;93,2;33,0;8,0
2026-08-11 13:56:52;DESKTOP-22AN8KV;29,0;88,1;10,32;93,2;45,0;17,0
2026-08-11 13:57:04;DESKTOP-22AN8KV;40,0;88,6;10,38;93,2;43,0;39,0
2026-08-11 13:57:15;DESKTOP-22AN8KV;33,6;89,7;10,51;93,2;36,0;18,0
2026-08-11 13:57:27;DESKTOP-22AN8KV;30,4;88,7;10,39;93,2;28,0;31,0
2026-08-11 13:57:38;DESKTOP-22AN8KV;22,1;88,2;10,33;93,2;27,0;6,0
2026-08-11 13:57:50;DESKTOP-22AN8KV;24,0;89,3;10,46;93,2;68,0;1924,0
2026-08-11 13:58:01;DESKTOP-22AN8KV;30,5;88,4;10,35;93,2;38,0;37,0
2026-08-11 13:58:13;DESKTOP-22AN8KV;33,5;90,6;10,61;93,2;5431,0;99,0
2026-08-11 13:58:24;DESKTOP-22AN8KV;23,2;89,8;10,52;93,2;257,0;44,0
2026-08-11 13:58:36;DESKTOP-22AN8KV;34,6;90,7;10,62;93,2;58,0;27,0
2026-08-11 13:58:47;DESKTOP-22AN8KV;30,3;89,7;10,51;93,2;115,0;58,0
2026-08-11 13:58:59;DESKTOP-22AN8KV;21,5;89,1;10,43;93,2;111,0;1939,0
2026-08-11 13:59:10;DESKTOP-22AN8KV;24,3;93,3;10,93;93,2;133,0;2007,0
2026-08-11 13:59:22;DESKTOP-22AN8KV;29,5;90,2;10,57;93,2;110,0;493,0
2026-08-11 13:59:33;DESKTOP-22AN8KV;23,2;90,6;10,61;93,2;96,0;3763,0
2026-08-11 13:59:45;DESKTOP-22AN8KV;34,5;94,1;11,03;93,2;95,0;813,0
2026-08-11 13:59:57;DESKTOP-22AN8KV;37,8;97,2;11,38;93,2;155,0;1994,0
2026-08-11 14:00:08;DESKTOP-22AN8KV;32,3;98,3;11,52;93,2;187,0;111,0
2026-08-11 14:00:20;DESKTOP-22AN8KV;28,1;98,6;11,55;93,2;176,0;70,0
2026-08-11 14:00:31;DESKTOP-22AN8KV;21,6;96,4;11,3;93,2;44,0;37,0
2026-08-11 14:00:43;DESKTOP-22AN8KV;24,7;97,6;11,43;93,2;95,0;62,0
2026-08-11 14:00:54;DESKTOP-22AN8KV;52,9;97,7;11,44;93,2;322,0;31,0
2026-08-11 14:01:06;DESKTOP-22AN8KV;46,3;97,1;11,37;93,2;58,0;27,0
2026-08-11 14:01:17;DESKTOP-22AN8KV;41,1;96,8;11,34;93,2;44,0;28,0
2026-08-11 14:01:29;DESKTOP-22AN8KV;43,9;97,0;11,37;93,2;42,0;36,0
2026-08-11 14:01:40;DESKTOP-22AN8KV;43,9;97,1;11,38;93,2;47,0;19,0
2026-08-11 14:01:52;DESKTOP-22AN8KV;38,3;97,2;11,39;93,2;58,0;54,0
2026-08-11 14:02:04;DESKTOP-22AN8KV;26,3;96,2;11,27;93,2;66,0;98,0
2026-08-11 14:02:15;DESKTOP-22AN8KV;25,5;95,6;11,2;93,2;32,0;13,0
2026-08-11 14:02:27;DESKTOP-22AN8KV;21,3;95,4;11,18;93,2;62,0;31,0
2026-08-11 14:02:38;DESKTOP-22AN8KV;21,6;95,4;11,18;93,2;32,0;17,0
2026-08-11 14:02:50;DESKTOP-22AN8KV;19,2;95,3;11,17;93,2;54,0;24,0
2026-08-11 14:03:01;DESKTOP-22AN8KV;48,0;95,4;11,17;93,2;57,0;43,0
2026-08-11 14:03:13;DESKTOP-22AN8KV;20,3;94,3;11,04;93,2;32,0;25,0
2026-08-11 14:03:24;DESKTOP-22AN8KV;17,3;92,1;10,79;93,2;23,0;6,0
2026-08-11 14:03:36;DESKTOP-22AN8KV;35,7;93,0;10,89;93,2;51,0;12,0
2026-08-11 14:03:47;DESKTOP-22AN8KV;28,0;92,9;10,89;93,2;278,0;18,0
2026-08-11 14:03:59;DESKTOP-22AN8KV;35,6;93,0;10,89;93,2;35,0;15,0
2026-08-11 14:04:10;DESKTOP-22AN8KV;38,6;93,6;10,96;93,2;38,0;5,0
2026-08-11 14:04:22;DESKTOP-22AN8KV;36,5;93,8;10,99;93,2;45,0;18,0
2026-08-11 14:04:34;DESKTOP-22AN8KV;38,7;93,9;11,0;93,2;35,0;12,0
2026-08-11 14:04:45;DESKTOP-22AN8KV;37,3;93,6;10,96;93,2;291,0;8,0
2026-08-11 14:04:57;DESKTOP-22AN8KV;35,3;93,9;11,0;93,2;33,0;13,0
2026-08-11 14:05:08;DESKTOP-22AN8KV;26,0;93,6;10,97;93,2;52,0;37,0
2026-08-11 14:05:20;DESKTOP-22AN8KV;29,4;93,7;10,97;93,2;45,0;41,0
2026-08-11 14:05:31;DESKTOP-22AN8KV;28,8;93,7;10,98;93,2;46,0;34,0
2026-08-11 14:05:43;DESKTOP-22AN8KV;27,2;93,4;10,94;93,2;40,0;6,0
2026-08-11 14:05:54;DESKTOP-22AN8KV;31,1;94,2;11,04;93,2;50,0;18,0
2026-08-11 14:06:06;DESKTOP-22AN8KV;36,8;93,9;11,0;93,2;56,0;17,0
2026-08-11 14:06:17;DESKTOP-22AN8KV;30,2;95,4;11,18;93,2;64,0;25,0
2026-08-11 14:06:29;DESKTOP-22AN8KV;30,8;96,8;11,34;93,2;156,0;58,0
2026-08-11 14:06:41;DESKTOP-22AN8KV;22,0;95,7;11,21;93,2;95,0;11,0
2026-08-11 14:06:52;DESKTOP-22AN8KV;37,5;96,7;11,33;93,2;70,0;33,0
2026-08-11 14:07:04;DESKTOP-22AN8KV;43,5;94,0;11,01;93,2;45,0;11,0
2026-08-11 14:07:15;DESKTOP-22AN8KV;36,9;94,6;11,09;93,2;36,0;13,0
2026-08-11 14:07:27;DESKTOP-22AN8KV;40,6;93,7;10,98;93,2;56,0;20,0
2026-08-11 14:07:38;DESKTOP-22AN8KV;36,6;93,3;10,93;93,2;33,0;3,0
2026-08-11 14:07:50;DESKTOP-22AN8KV;35,5;94,1;11,02;93,2;52,0;13,0
2026-08-11 14:08:01;DESKTOP-22AN8KV;30,2;93,4;10,94;93,2;102,0;26,0
2026-08-11 14:08:13;DESKTOP-22AN8KV;37,2;94,4;11,06;93,2;251,0;48,0
2026-08-11 14:08:24;DESKTOP-22AN8KV;36,8;93,5;10,96;93,2;58,0;163,0
2026-08-11 14:08:36;DESKTOP-22AN8KV;38,2;93,8;10,98;93,2;45,0;24,0
2026-08-11 14:08:48;DESKTOP-22AN8KV;40,0;93,1;10,9;93,2;51,0;17,0
2026-08-11 14:08:59;DESKTOP-22AN8KV;40,7;93,0;10,89;93,2;67,0;35,0
2026-08-11 14:09:11;DESKTOP-22AN8KV;39,8;93,0;10,9;93,2;67,0;23,0
2026-08-11 14:09:22;DESKTOP-22AN8KV;42,1;93,7;10,98;93,2;47,0;27,0
2026-08-11 14:09:34;DESKTOP-22AN8KV;57,3;93,9;11,0;93,2;51,0;24,0
2026-08-11 14:09:45;DESKTOP-22AN8KV;44,3;93,7;10,98;93,2;289,0;38,0
2026-08-11 14:09:57;DESKTOP-22AN8KV;43,4;93,8;10,99;93,2;82,0;19,0
2026-08-11 14:10:08;DESKTOP-22AN8KV;43,1;94,9;11,11;93,2;92,0;35,0
2026-08-11 14:10:20;DESKTOP-22AN8KV;41,8;94,1;11,02;93,2;85,0;24,0
2026-08-11 14:10:32;DESKTOP-22AN8KV;42,2;94,0;11,01;93,2;50,0;22,0
2026-08-11 14:10:43;DESKTOP-22AN8KV;42,6;93,8;10,98;93,2;77,0;32,0
2026-08-11 14:10:55;DESKTOP-22AN8KV;43,0;93,7;10,97;93,2;60,0;21,0
2026-08-11 14:11:06;DESKTOP-22AN8KV;41,6;93,8;10,98;93,2;61,0;28,0
2026-08-11 14:11:18;DESKTOP-22AN8KV;44,3;93,6;10,97;93,2;63,0;24,0
2026-08-11 14:11:29;DESKTOP-22AN8KV;41,3;94,1;11,03;93,2;60,0;21,0
2026-08-11 14:11:41;DESKTOP-22AN8KV;39,3;94,1;11,02;93,2;57,0;21,0
2026-08-11 14:11:53;DESKTOP-22AN8KV;45,3;93,8;10,99;93,2;53,0;26,0
2026-08-11 14:12:04;DESKTOP-22AN8KV;39,2;93,4;10,94;93,2;42,0;18,0
2026-08-11 14:12:16;DESKTOP-22AN8KV;41,2;93,4;10,94;93,2;50,0;23,0
2026-08-11 14:12:27;DESKTOP-22AN8KV;44,3;93,8;10,99;93,2;109,0;64,0
2026-08-11 14:12:39;DESKTOP-22AN8KV;25,8;92,7;10,86;93,2;60,0;41,0
2026-08-11 14:12:50;DESKTOP-22AN8KV;23,4;92,7;10,85;93,2;47,0;35,0
2026-08-11 14:13:02;DESKTOP-22AN8KV;26,0;91,9;10,76;93,2;63,0;31,0
2026-08-11 14:13:13;DESKTOP-22AN8KV;26,1;92,0;10,78;93,2;52,0;20,0
2026-08-11 14:13:25;DESKTOP-22AN8KV;23,9;92,0;10,78;93,2;275,0;40,0
2026-08-11 14:13:36;DESKTOP-22AN8KV;24,5;91,9;10,76;93,2;68,0;56,0
2026-08-11 14:13:48;DESKTOP-22AN8KV;23,0;91,8;10,76;93,2;58,0;32,0
2026-08-11 14:13:59;DESKTOP-22AN8KV;23,3;90,0;10,54;93,2;58,0;42,0
2026-08-11 14:14:11;DESKTOP-22AN8KV;24,3;90,6;10,62;93,2;47,0;20,0
2026-08-11 14:14:22;DESKTOP-22AN8KV;27,0;90,7;10,62;93,2;261,0;26,0
2026-08-11 14:14:34;DESKTOP-22AN8KV;22,4;90,9;10,65;93,2;207,0;38,0
2026-08-11 14:14:46;DESKTOP-22AN8KV;23,8;90,7;10,62;93,2;72,0;32,0
2026-08-11 14:14:57;DESKTOP-22AN8KV;25,6;90,9;10,65;93,2;101,0;24,0
2026-08-11 14:15:09;DESKTOP-22AN8KV;30,1;92,4;10,82;93,2;114,0;1977,0
2026-08-11 14:15:20;DESKTOP-22AN8KV;35,2;91,8;10,75;93,2;83,0;93,0
2026-08-11 14:15:32;DESKTOP-22AN8KV;37,0;91,7;10,75;93,2;277,0;28,0
2026-08-11 14:15:43;DESKTOP-22AN8KV;33,3;90,8;10,63;93,2;36,0;30,0
2026-08-11 14:15:55;DESKTOP-22AN8KV;33,5;90,8;10,63;93,2;48,0;37,0
2026-08-11 14:16:06;DESKTOP-22AN8KV;33,8;90,8;10,63;93,2;81,0;53,0
2026-08-11 14:16:18;DESKTOP-22AN8KV;34,9;90,6;10,61;93,2;63,0;23,0
2026-08-11 14:16:29;DESKTOP-22AN8KV;40,1;92,6;10,84;93,2;250,0;78,0
2026-08-11 14:16:41;DESKTOP-22AN8KV;37,6;93,3;10,94;93,2;283,0;47,0
2026-08-11 14:16:52;DESKTOP-22AN8KV;29,5;93,3;10,94;93,2;70,0;2025,0
2026-08-11 14:17:04;DESKTOP-22AN8KV;34,3;93,0;10,89;93,2;55,0;34,0
2026-08-11 14:17:15;DESKTOP-22AN8KV;30,1;92,4;10,83;93,2;62,0;1959,0
2026-08-11 14:17:27;DESKTOP-22AN8KV;31,8;91,3;10,69;93,2;498,0;93,0
2026-08-11 14:17:38;DESKTOP-22AN8KV;34,1;91,6;10,73;93,2;321,0;69,0
2026-08-11 14:17:50;DESKTOP-22AN8KV;31,6;91,8;10,75;93,2;76,0;1958,0
2026-08-11 14:18:02;DESKTOP-22AN8KV;30,9;91,3;10,7;93,2;68,0;2021,0
2026-08-11 14:18:13;DESKTOP-22AN8KV;33,1;91,6;10,73;93,2;62,0;74,0
2026-08-11 14:18:25;DESKTOP-22AN8KV;32,4;91,7;10,74;93,2;316,0;49,0
2026-08-11 14:18:36;DESKTOP-22AN8KV;33,0;91,5;10,72;93,2;282,0;1986,0
2026-08-11 14:18:48;DESKTOP-22AN8KV;31,2;91,6;10,73;93,2;81,0;2154,0
2026-08-11 14:18:59;DESKTOP-22AN8KV;29,9;91,3;10,7;93,2;89,0;2049,0
2026-08-11 14:19:11;DESKTOP-22AN8KV;29,9;91,5;10,72;93,2;86,0;38,0
2026-08-11 14:19:22;DESKTOP-22AN8KV;30,3;91,7;10,74;93,2;84,0;42,0
2026-08-11 14:19:34;DESKTOP-22AN8KV;32,4;91,8;10,76;93,2;143,0;2144,0
2026-08-11 14:19:45;DESKTOP-22AN8KV;33,4;91,5;10,72;93,2;87,0;2066,0
2026-08-11 14:19:57;DESKTOP-22AN8KV;30,6;92,0;10,78;93,2;68,0;1914,0
2026-08-11 14:20:08;DESKTOP-22AN8KV;33,0;92,5;10,83;93,2;87,0;1980,0
2026-08-11 14:20:20;DESKTOP-22AN8KV;30,8;92,7;10,86;93,2;84,0;358,0
2026-08-11 14:20:48;DESKTOP-22AN8KV;0,0;90,4;10,6;93,2;0,0;0,0
2026-08-11 14:20:59;DESKTOP-22AN8KV;31,7;90,5;10,6;93,2;91,0;2343,0
2026-08-11 14:21:11;DESKTOP-22AN8KV;33,1;91,4;10,7;93,2;247,0;85,0
2026-08-11 14:21:22;DESKTOP-22AN8KV;39,2;88,1;10,32;93,2;211,0;64,0
2026-08-11 14:21:34;DESKTOP-22AN8KV;34,1;90,2;10,56;93,2;137,0;2053,0
2026-08-11 14:21:45;DESKTOP-22AN8KV;30,9;89,4;10,48;93,2;43,0;2031,0
2026-08-11 14:21:57;DESKTOP-22AN8KV;28,0;89,4;10,47;93,2;51,0;591,0
2026-08-11 14:22:08;DESKTOP-22AN8KV;32,9;89,5;10,49;93,2;50,0;2083,0
2026-08-11 14:22:20;DESKTOP-22AN8KV;29,1;89,7;10,51;93,2;67,0;2546,0
2026-08-11 14:22:31;DESKTOP-22AN8KV;30,9;89,7;10,51;93,2;43,0;37,0
2026-08-11 14:22:43;DESKTOP-22AN8KV;29,5;90,1;10,55;93,2;46,0;241,0
2026-08-11 14:22:54;DESKTOP-22AN8KV;25,0;90,2;10,56;93,2;72,0;2296,0
2026-08-11 14:23:06;DESKTOP-22AN8KV;29,9;89,9;10,53;93,2;34,0;93,0
2026-08-11 14:23:17;DESKTOP-22AN8KV;25,8;89,4;10,48;93,2;36,0;42,0
2026-08-11 14:23:29;DESKTOP-22AN8KV;24,3;89,4;10,47;93,2;453,0;30,0
2026-08-11 14:23:41;DESKTOP-22AN8KV;25,9;88,9;10,41;93,2;35,0;36,0
2026-08-11 14:23:52;DESKTOP-22AN8KV;28,2;89,1;10,44;93,2;74,0;2200,0
2026-08-11 14:24:04;DESKTOP-22AN8KV;32,9;89,1;10,44;93,2;68,0;109,0
2026-08-11 14:24:15;DESKTOP-22AN8KV;36,4;89,7;10,51;93,2;250,0;101,0
2026-08-11 14:24:27;DESKTOP-22AN8KV;33,6;89,9;10,53;93,2;62,0;2059,0
2026-08-11 14:24:38;DESKTOP-22AN8KV;29,9;89,7;10,51;93,2;93,0;110,0
2026-08-11 14:24:50;DESKTOP-22AN8KV;33,6;90,2;10,57;93,2;75,0;2107,0
2026-08-11 14:25:01;DESKTOP-22AN8KV;29,7;90,2;10,57;93,2;65,0;131,0
2026-08-11 14:25:13;DESKTOP-22AN8KV;31,8;91,1;10,67;93,2;367,0;1617,0
2026-08-11 14:25:24;DESKTOP-22AN8KV;29,3;90,6;10,62;93,2;84,0;798,0
2026-08-11 14:25:36;DESKTOP-22AN8KV;28,5;90,7;10,62;93,2;282,0;66,0
2026-08-11 14:25:47;DESKTOP-22AN8KV;26,6;90,8;10,64;93,2;42,0;197,0
2026-08-11 14:25:59;DESKTOP-22AN8KV;30,2;90,5;10,6;93,2;61,0;59,0
2026-08-11 14:26:10;DESKTOP-22AN8KV;40,3;91,9;10,77;93,2;205,0;209,0
2026-08-11 14:26:22;DESKTOP-22AN8KV;46,9;92,9;10,89;93,2;115,0;176,0
2026-08-11 14:26:34;DESKTOP-22AN8KV;42,4;92,3;10,82;93,2;316,0;51,0
2026-08-11 14:26:45;DESKTOP-22AN8KV;42,1;92,8;10,87;93,2;98,0;66,0
2026-08-11 14:26:57;DESKTOP-22AN8KV;39,7;92,5;10,84;93,2;98,0;64,0
2026-08-11 14:27:08;DESKTOP-22AN8KV;37,0;93,8;10,98;93,2;46,0;44,0
2026-08-11 14:27:20;DESKTOP-22AN8KV;23,9;93,8;10,99;93,2;72,0;49,0
2026-08-11 14:27:31;DESKTOP-22AN8KV;41,8;94,3;11,04;93,2;54,0;24,0
2026-08-11 14:27:43;DESKTOP-22AN8KV;43,2;93,3;10,93;93,2;24,0;18,0
2026-08-11 14:27:55;DESKTOP-22AN8KV;38,1;92,8;10,87;93,2;24,0;19,0
2026-08-11 14:28:06;DESKTOP-22AN8KV;43,5;91,5;10,72;93,2;47,0;34,0
2026-08-11 14:28:18;DESKTOP-22AN8KV;43,2;91,4;10,71;93,2;46,0;25,0
2026-08-11 14:28:29;DESKTOP-22AN8KV;43,0;92,0;10,78;93,2;60,0;27,0
2026-08-11 14:28:41;DESKTOP-22AN8KV;40,0;91,8;10,75;93,2;34,0;19,0
2026-08-11 14:28:52;DESKTOP-22AN8KV;40,9;91,3;10,7;93,2;25,0;18,0
2026-08-11 14:29:04;DESKTOP-22AN8KV;39,3;91,6;10,73;93,2;279,0;30,0
2026-08-11 14:29:15;DESKTOP-22AN8KV;32,0;91,1;10,67;93,2;90,0;69,0
2026-08-11 14:29:27;DESKTOP-22AN8KV;29,7;89,3;10,46;93,2;34,0;28,0
2026-08-11 14:29:39;DESKTOP-22AN8KV;28,7;89,8;10,52;93,2;55,0;2028,0
2026-08-11 14:29:50;DESKTOP-22AN8KV;33,1;90,9;10,64;93,2;75,0;104,0
2026-08-11 14:30:02;DESKTOP-22AN8KV;46,4;91,7;10,75;93,2;56,0;39,0
2026-08-11 14:30:13;DESKTOP-22AN8KV;46,8;93,7;10,97;93,2;88,0;2111,0
2026-08-11 14:30:25;DESKTOP-22AN8KV;55,2;92,4;10,83;93,2;58,0;1174,0
2026-08-11 14:30:36;DESKTOP-22AN8KV;49,4;92,2;10,8;93,2;44,0;1176,0
2026-08-11 14:30:48;DESKTOP-22AN8KV;38,3;92,7;10,86;93,2;69,0;55,0
2026-08-11 14:30:59;DESKTOP-22AN8KV;34,7;92,5;10,84;93,2;93,0;55,0
2026-08-11 14:31:11;DESKTOP-22AN8KV;29,2;91,3;10,69;93,2;163,0;55,0
2026-08-11 14:31:22;DESKTOP-22AN8KV;28,0;91,0;10,67;93,2;53,0;34,0
2026-08-11 14:31:34;DESKTOP-22AN8KV;28,8;90,9;10,65;93,2;385,0;28,0
2026-08-11 14:31:45;DESKTOP-22AN8KV;48,8;92,2;10,8;93,2;155,0;70,0
2026-08-11 14:31:57;DESKTOP-22AN8KV;46,3;92,2;10,8;93,2;56,0;30,0
2026-08-11 14:32:09;DESKTOP-22AN8KV;47,5;92,7;10,86;93,2;46,0;28,0
2026-08-11 14:32:20;DESKTOP-22AN8KV;38,9;91,8;10,75;93,2;50,0;33,0
2026-08-11 14:32:32;DESKTOP-22AN8KV;38,3;91,5;10,72;93,2;45,0;17,0
2026-08-11 14:32:43;DESKTOP-22AN8KV;37,1;91,0;10,66;93,2;117,0;17,0
2026-08-11 14:32:55;DESKTOP-22AN8KV;39,0;90,5;10,6;93,2;72,0;15,0
2026-08-11 14:33:06;DESKTOP-22AN8KV;52,5;89,5;10,49;93,2;65,0;57,0
2026-08-11 14:33:18;DESKTOP-22AN8KV;47,2;88,3;10,34;93,2;33,0;10,0
2026-08-11 14:33:29;DESKTOP-22AN8KV;43,8;88,4;10,35;93,2;29,0;27,0
2026-08-11 14:33:41;DESKTOP-22AN8KV;46,9;88,3;10,34;93,2;28,0;12,0
2026-08-11 14:33:52;DESKTOP-22AN8KV;45,3;88,7;10,39;93,2;50,0;2042,0
2026-08-11 14:34:04;DESKTOP-22AN8KV;48,6;88,8;10,41;93,2;63,0;55,0
2026-08-11 14:34:16;DESKTOP-22AN8KV;50,1;87,9;10,3;93,2;65,0;46,0
2026-08-11 14:34:27;DESKTOP-22AN8KV;43,8;87,6;10,27;93,2;38,0;21,0
2026-08-11 14:34:39;DESKTOP-22AN8KV;52,4;87,8;10,29;93,2;71,0;4087,0
2026-08-11 14:34:50;DESKTOP-22AN8KV;47,8;87,9;10,3;93,2;60,0;2189,0
2026-08-11 14:35:02;DESKTOP-22AN8KV;45,9;88,1;10,32;93,2;50,0;87,0
2026-08-11 14:35:13;DESKTOP-22AN8KV;45,3;87,9;10,29;93,2;51,0;41,0
2026-08-11 14:35:25;DESKTOP-22AN8KV;40,5;88,0;10,3;93,2;44,0;24,0
2026-08-11 14:35:36;DESKTOP-22AN8KV;39,1;87,9;10,29;93,2;54,0;29,0
2026-08-11 14:35:48;DESKTOP-22AN8KV;36,4;88,4;10,35;93,2;65,0;1193,0
2026-08-11 14:35:59;DESKTOP-22AN8KV;38,4;88,0;10,31;93,2;71,0;3006,0
2026-08-11 14:36:11;DESKTOP-22AN8KV;25,5;86,3;10,11;93,2;64,0;2151,0
2026-08-11 14:36:22;DESKTOP-22AN8KV;30,9;86,4;10,12;93,2;76,0;4194,0
2026-08-11 14:36:34;DESKTOP-22AN8KV;28,0;86,3;10,11;93,2;66,0;2147,0
2026-08-11 14:36:45;DESKTOP-22AN8KV;27,3;86,3;10,11;93,2;65,0;113,0
2026-08-11 14:36:57;DESKTOP-22AN8KV;25,2;86,0;10,08;93,2;48,0;63,0
2026-08-11 14:37:09;DESKTOP-22AN8KV;40,7;89,0;10,42;93,2;93,0;2082,0
2026-08-11 14:37:20;DESKTOP-22AN8KV;57,4;88,3;10,35;93,2;92,0;4260,0
2026-08-11 14:37:32;DESKTOP-22AN8KV;50,9;89,1;10,44;93,2;72,0;2128,0
2026-08-11 14:37:43;DESKTOP-22AN8KV;41,0;88,5;10,36;93,2;57,0;130,0
2026-08-11 14:37:55;DESKTOP-22AN8KV;21,7;87,3;10,23;93,2;50,0;44,0
2026-08-11 14:38:06;DESKTOP-22AN8KV;15,3;87,5;10,25;93,2;28,0;20,0
2026-08-11 14:38:18;DESKTOP-22AN8KV;21,5;87,3;10,22;93,2;77,0;95,0
2026-08-11 14:38:29;DESKTOP-22AN8KV;14,5;87,2;10,21;93,2;32,0;18,0
2026-08-11 14:38:41;DESKTOP-22AN8KV;14,2;86,0;10,07;93,2;23,0;69,0
2026-08-11 14:38:52;DESKTOP-22AN8KV;22,8;87,4;10,24;93,2;28,0;9,0
2026-08-11 14:39:04;DESKTOP-22AN8KV;29,9;87,9;10,3;93,2;49,0;2100,0
2026-08-11 14:39:15;DESKTOP-22AN8KV;0,0;87,7;10,27;93,2;0,0;0,0
2026-08-11 14:39:27;DESKTOP-22AN8KV;29,2;87,9;10,3;93,2;280,0;126,0
2026-08-11 14:39:38;DESKTOP-22AN8KV;32,1;88,2;10,33;93,2;155,0;2299,0
2026-08-11 14:39:50;DESKTOP-22AN8KV;33,4;89,6;10,5;93,2;61,0;3105,0
2026-08-11 14:40:01;DESKTOP-22AN8KV;55,2;88,7;10,39;93,2;84,0;2688,0
2026-08-11 14:40:13;DESKTOP-22AN8KV;48,1;88,8;10,4;93,2;50,0;172,0
2026-08-11 14:40:24;DESKTOP-22AN8KV;52,9;88,7;10,39;93,2;53,0;2300,0
2026-08-11 14:40:36;DESKTOP-22AN8KV;52,9;88,1;10,32;93,2;359,0;93,0
2026-08-11 14:40:47;DESKTOP-22AN8KV;52,1;88,1;10,32;93,2;50,0;30,0
2026-08-11 14:40:59;DESKTOP-22AN8KV;56,1;88,2;10,33;93,2;96,0;74,0
2026-08-11 14:41:10;DESKTOP-22AN8KV;52,0;88,0;10,31;93,2;59,0;39,0
2026-08-11 14:41:22;DESKTOP-22AN8KV;53,8;88,1;10,32;93,2;65,0;46,0
2026-08-11 14:41:33;DESKTOP-22AN8KV;53,8;88,0;10,31;93,2;318,0;189,0
2026-08-11 14:41:45;DESKTOP-22AN8KV;51,4;87,9;10,3;93,2;46,0;55,0
2026-08-11 14:41:57;DESKTOP-22AN8KV;51,1;87,2;10,22;93,2;70,0;75,0
2026-08-11 14:42:08;DESKTOP-22AN8KV;53,5;87,2;10,22;93,2;51,0;50,0
2026-08-11 14:42:20;DESKTOP-22AN8KV;55,6;88,5;10,37;93,2;75,0;58,0
2026-08-11 14:42:31;DESKTOP-22AN8KV;46,3;87,9;10,3;93,2;62,0;61,0
2026-08-11 14:42:43;DESKTOP-22AN8KV;43,9;87,5;10,26;93,2;43,0;46,0
2026-08-11 14:42:54;DESKTOP-22AN8KV;38,4;87,3;10,22;93,2;96,0;103,0
2026-08-11 14:43:06;DESKTOP-22AN8KV;28,1;86,0;10,08;93,2;50,0;45,0
2026-08-11 14:43:17;DESKTOP-22AN8KV;31,5;85,7;10,04;93,2;62,0;53,0
2026-08-11 14:43:29;DESKTOP-22AN8KV;41,6;86,7;10,16;93,2;353,0;2187,0
2026-08-11 14:43:40;DESKTOP-22AN8KV;47,6;86,1;10,08;93,2;77,0;91,0
2026-08-11 14:43:52;DESKTOP-22AN8KV;46,6;86,0;10,08;93,2;53,0;85,0
2026-08-11 14:44:03;DESKTOP-22AN8KV;46,8;86,0;10,08;93,2;69,0;73,0
2026-08-11 14:44:15;DESKTOP-22AN8KV;50,9;86,4;10,12;93,2;74,0;125,0
2026-08-11 14:44:26;DESKTOP-22AN8KV;38,7;86,1;10,09;93,2;429,0;2149,0
2026-08-11 14:44:38;DESKTOP-22AN8KV;30,7;85,8;10,05;93,2;51,0;111,0
2026-08-11 14:44:50;DESKTOP-22AN8KV;33,1;86,1;10,08;93,2;87,0;95,0
2026-08-11 14:45:01;DESKTOP-22AN8KV;34,2;86,5;10,13;93,2;281,0;2136,0
2026-08-11 14:45:13;DESKTOP-22AN8KV;35,0;86,6;10,15;93,2;83,0;2219,0
2026-08-11 14:45:24;DESKTOP-22AN8KV;31,5;86,8;10,16;93,2;172,0;2742,0
2026-08-11 14:45:36;DESKTOP-22AN8KV;49,5;87,6;10,26;93,2;228,0;2718,0
2026-08-11 14:45:47;DESKTOP-22AN8KV;28,8;86,5;10,13;93,2;54,0;105,0
2026-08-11 14:45:59;DESKTOP-22AN8KV;29,3;86,9;10,18;93,2;89,0;2331,0
2026-08-11 14:46:10;DESKTOP-22AN8KV;52,4;88,6;10,38;93,2;80,0;151,0
2026-08-11 14:46:22;DESKTOP-22AN8KV;37,3;88,1;10,32;93,2;75,0;109,0
2026-08-11 14:46:33;DESKTOP-22AN8KV;48,6;89,0;10,43;93,2;292,0;54,0
2026-08-11 14:46:45;DESKTOP-22AN8KV;42,6;87,9;10,29;93,2;60,0;77,0
2026-08-11 14:46:56;DESKTOP-22AN8KV;50,3;88,2;10,34;93,2;61,0;53,0
2026-08-11 14:47:08;DESKTOP-22AN8KV;46,6;87,4;10,24;93,2;48,0;66,0
2026-08-11 14:47:19;DESKTOP-22AN8KV;52,0;87,4;10,23;93,2;42,0;49,0
2026-08-11 14:47:31;DESKTOP-22AN8KV;51,1;87,3;10,22;93,2;32,0;65,0
2026-08-11 14:47:43;DESKTOP-22AN8KV;48,6;87,4;10,24;93,2;26,0;28,0
2026-08-11 14:47:54;DESKTOP-22AN8KV;43,3;88,2;10,33;93,2;40,0;58,0
2026-08-11 14:48:06;DESKTOP-22AN8KV;53,3;89,3;10,46;93,2;304,0;55,0
2026-08-11 14:48:17;DESKTOP-22AN8KV;26,6;87,8;10,28;93,2;44,0;46,0
2026-08-11 14:48:29;DESKTOP-22AN8KV;26,0;87,5;10,25;93,2;41,0;56,0
2026-08-11 14:48:40;DESKTOP-22AN8KV;31,3;88,4;10,35;93,2;77,0;2269,0
2026-08-11 14:48:52;DESKTOP-22AN8KV;39,2;89,0;10,42;93,2;37,0;208,0
2026-08-11 14:49:03;DESKTOP-22AN8KV;28,6;88,4;10,35;93,2;379,0;258,0
2026-08-11 14:49:15;DESKTOP-22AN8KV;31,9;88,1;10,32;93,2;40,0;51,0
2026-08-11 14:49:26;DESKTOP-22AN8KV;34,7;88,7;10,4;93,2;48,0;67,0
2026-08-11 14:49:38;DESKTOP-22AN8KV;56,2;88,3;10,34;93,2;26,0;49,0
2026-08-11 14:49:50;DESKTOP-22AN8KV;23,9;87,6;10,26;93,2;49,0;57,0
2026-08-11 14:50:01;DESKTOP-22AN8KV;34,3;88,9;10,42;93,2;103,0;4419,0
2026-08-11 14:50:13;DESKTOP-22AN8KV;17,8;88,4;10,36;93,2;60,0;133,0
2026-08-11 14:50:24;DESKTOP-22AN8KV;31,3;89,0;10,43;93,2;158,0;216,0
2026-08-11 14:50:36;DESKTOP-22AN8KV;25,3;89,6;10,5;93,2;343,0;4852,0
2026-08-11 14:50:48;DESKTOP-22AN8KV;20,5;90,9;10,65;93,2;382,0;2325,0
2026-08-11 14:50:59;DESKTOP-22AN8KV;22,8;90,8;10,64;93,2;111,0;2828,0
2026-08-11 14:51:11;DESKTOP-22AN8KV;21,4;90,4;10,59;93,2;73,0;2800,0
2026-08-11 14:51:22;DESKTOP-22AN8KV;23,7;88,6;10,37;93,2;41,0;129,0
2026-08-11 14:51:34;DESKTOP-22AN8KV;24,9;88,4;10,36;93,2;71,0;2326,0
2026-08-11 14:51:45;DESKTOP-22AN8KV;23,1;89,0;10,43;93,2;111,0;70,0
2026-08-11 14:51:57;DESKTOP-22AN8KV;37,8;90,6;10,61;93,2;214,0;89,0
2026-08-11 14:52:08;DESKTOP-22AN8KV;47,8;89,8;10,52;93,2;43,0;56,0
2026-08-11 14:52:20;DESKTOP-22AN8KV;32,1;89,4;10,48;93,2;91,0;2489,0
2026-08-11 14:52:31;DESKTOP-22AN8KV;24,9;88,5;10,37;93,2;94,0;2320,0
2026-08-11 14:52:43;DESKTOP-22AN8KV;27,0;88,8;10,4;93,2;48,0;105,0
2026-08-11 14:52:55;DESKTOP-22AN8KV;36,9;89,2;10,45;93,2;551,0;4759,0
2026-08-11 14:53:06;DESKTOP-22AN8KV;14,7;88,8;10,41;93,2;54,0;2271,0
2026-08-11 14:53:18;DESKTOP-22AN8KV;19,6;88,8;10,41;93,2;142,0;4514,0
2026-08-11 14:53:29;DESKTOP-22AN8KV;18,5;88,5;10,37;93,2;82,0;2391,0
2026-08-11 14:53:41;DESKTOP-22AN8KV;26,0;89,9;10,54;93,2;108,0;2469,0
2026-08-11 14:53:52;DESKTOP-22AN8KV;30,5;88,6;10,38;93,2;37,0;150,0
2026-08-11 14:54:04;DESKTOP-22AN8KV;34,5;88,5;10,37;93,2;129,0;4625,0
2026-08-11 14:54:15;DESKTOP-22AN8KV;29,5;88,6;10,38;93,2;80,0;103,0
2026-08-11 14:54:27;DESKTOP-22AN8KV;29,8;88,7;10,4;93,2;51,0;93,0
2026-08-11 14:54:39;DESKTOP-22AN8KV;30,5;88,8;10,4;93,2;137,0;2580,0
2026-08-11 14:54:50;DESKTOP-22AN8KV;47,9;88,5;10,37;93,2;40,0;49,0
2026-08-11 14:55:02;DESKTOP-22AN8KV;34,9;88,5;10,37;93,2;70,0;366,0
2026-08-11 14:55:13;DESKTOP-22AN8KV;32,5;88,6;10,38;93,2;81,0;241,0
2026-08-11 14:55:25;DESKTOP-22AN8KV;30,1;88,5;10,36;93,2;44,0;77,0
2026-08-11 14:55:36;DESKTOP-22AN8KV;43,9;91,6;10,73;96,4;516,0;703,0
2026-08-11 14:55:48;DESKTOP-22AN8KV;32,4;91,2;10,68;96,4;86,0;563,0
2026-08-11 14:56:00;DESKTOP-22AN8KV;29,1;91,5;10,72;96,4;61,0;135,0
2026-08-11 14:56:11;DESKTOP-22AN8KV;32,1;91,2;10,69;96,4;85,0;2329,0
2026-08-11 14:56:23;DESKTOP-22AN8KV;30,5;91,1;10,68;96,4;81,0;190,0
2026-08-11 14:56:34;DESKTOP-22AN8KV;28,1;91,2;10,68;96,4;64,0;2298,0
2026-08-11 14:56:46;DESKTOP-22AN8KV;28,9;90,6;10,61;96,4;57,0;2356,0
2026-08-11 14:56:57;DESKTOP-22AN8KV;29,5;90,8;10,64;96,4;54,0;144,0
2026-08-11 14:57:09;DESKTOP-22AN8KV;30,4;91,1;10,67;96,4;99,0;2386,0
2026-08-11 14:57:23;DESKTOP-22AN8KV;0,0;91,2;10,69;96,4;0,0;0,0
2026-08-11 14:57:34;DESKTOP-22AN8KV;31,3;91,5;10,72;96,4;55,0;105,0
2026-08-11 14:57:46;DESKTOP-22AN8KV;31,9;91,2;10,68;96,4;103,0;2363,0
2026-08-11 14:57:57;DESKTOP-22AN8KV;30,2;92,5;10,84;96,4;132,0;2471,0
2026-08-11 14:58:09;DESKTOP-22AN8KV;35,3;91,8;10,75;96,4;65,0;277,0
2026-08-11 14:58:21;DESKTOP-22AN8KV;32,8;91,2;10,68;96,4;53,0;107,0
2026-08-11 14:58:32;DESKTOP-22AN8KV;41,8;93,5;10,95;96,4;75,0;82,0
2026-08-11 14:58:44;DESKTOP-22AN8KV;45,2;92,0;10,78;96,4;51,0;67,0
2026-08-11 14:58:55;DESKTOP-22AN8KV;31,7;90,6;10,61;96,4;63,0;63,0
2026-08-11 14:59:07;DESKTOP-22AN8KV;29,9;90,1;10,56;96,4;45,0;60,0
2026-08-11 14:59:18;DESKTOP-22AN8KV;37,3;90,9;10,65;96,4;110,0;2560,0
2026-08-11 14:59:30;DESKTOP-22AN8KV;36,1;91,6;10,73;96,4;102,0;84,0
2026-08-11 14:59:41;DESKTOP-22AN8KV;45,6;93,4;10,94;96,4;153,0;60,0
2026-08-11 14:59:53;DESKTOP-22AN8KV;43,5;92,4;10,82;96,4;86,0;2291,0
2026-08-11 15:00:04;DESKTOP-22AN8KV;45,5;93,4;10,94;96,4;80,0;2349,0
2026-08-11 15:00:16;DESKTOP-22AN8KV;39,9;92,6;10,85;96,4;54,0;1000,0
2026-08-11 15:00:28;DESKTOP-22AN8KV;47,7;92,7;10,86;96,4;95,0;1539,0
2026-08-11 15:00:39;DESKTOP-22AN8KV;31,7;92,1;10,79;96,4;52,0;2429,0
2026-08-11 15:00:51;DESKTOP-22AN8KV;26,9;91,8;10,75;96,4;32,0;64,0
2026-08-11 15:01:02;DESKTOP-22AN8KV;26,4;91,4;10,71;96,4;42,0;37,0
2026-08-11 15:01:14;DESKTOP-22AN8KV;25,2;91,2;10,69;96,4;21,0;35,0
2026-08-11 15:01:25;DESKTOP-22AN8KV;25,8;91,4;10,71;96,4;43,0;14,0
2026-08-11 15:01:37;DESKTOP-22AN8KV;42,1;94,1;11,02;96,4;375,0;962,0
2026-08-11 15:01:48;DESKTOP-22AN8KV;31,5;94,4;11,06;96,4;52,0;648,0
2026-08-11 15:02:00;DESKTOP-22AN8KV;28,0;94,0;11,01;96,4;43,0;107,0
2026-08-11 15:02:11;DESKTOP-22AN8KV;34,1;93,7;10,98;96,4;37,0;38,0
2026-08-11 15:02:23;DESKTOP-22AN8KV;30,4;91,8;10,76;96,4;37,0;207,0
2026-08-11 15:02:34;DESKTOP-22AN8KV;26,9;91,9;10,76;96,4;48,0;255,0
2026-08-11 15:02:46;DESKTOP-22AN8KV;28,6;91,9;10,77;96,4;42,0;258,0
2026-08-11 15:02:57;DESKTOP-22AN8KV;26,4;90,7;10,63;96,4;41,0;189,0
2026-08-11 15:03:09;DESKTOP-22AN8KV;30,4;91,4;10,7;96,4;50,0;195,0
2026-08-11 15:03:20;DESKTOP-22AN8KV;30,6;90,9;10,64;96,4;40,0;222,0
2026-08-11 15:03:32;DESKTOP-22AN8KV;28,3;90,3;10,57;96,4;56,0;118,0
2026-08-11 15:03:44;DESKTOP-22AN8KV;28,8;90,7;10,62;96,4;47,0;334,0
2026-08-11 15:03:55;DESKTOP-22AN8KV;24,9;91,0;10,66;96,4;40,0;334,0
2026-08-11 15:04:07;DESKTOP-22AN8KV;28,3;91,9;10,76;96,4;75,0;256,0
2026-08-11 15:04:18;DESKTOP-22AN8KV;29,7;91,6;10,73;96,4;306,0;54,0
2026-08-11 15:04:30;DESKTOP-22AN8KV;30,5;92,0;10,78;96,4;34,0;107,0
2026-08-11 15:04:41;DESKTOP-22AN8KV;28,4;91,7;10,75;96,4;33,0;221,0
2026-08-11 15:04:53;DESKTOP-22AN8KV;37,9;92,7;10,86;96,3;31,0;175,0
2026-08-11 15:05:04;DESKTOP-22AN8KV;33,5;95,3;11,16;96,3;105,0;291,0
2026-08-11 15:05:16;DESKTOP-22AN8KV;36,0;96,0;11,25;96,3;522,0;85,0
2026-08-11 15:05:27;DESKTOP-22AN8KV;31,1;96,0;11,25;96,3;48,0;25,0
2026-08-11 15:05:39;DESKTOP-22AN8KV;29,5;95,8;11,23;96,3;35,0;126,0
2026-08-11 15:05:50;DESKTOP-22AN8KV;31,7;96,1;11,26;96,3;47,0;89,0
2026-08-11 15:06:02;DESKTOP-22AN8KV;31,3;95,7;11,22;96,3;45,0;42,0
2026-08-11 15:06:13;DESKTOP-22AN8KV;32,2;95,7;11,22;96,3;51,0;26,0
2026-08-11 15:06:25;DESKTOP-22AN8KV;31,4;95,7;11,22;96,3;28,0;24,0
2026-08-11 15:06:37;DESKTOP-22AN8KV;25,3;95,8;11,22;96,3;33,0;12,0
2026-08-11 15:06:48;DESKTOP-22AN8KV;30,3;95,9;11,24;96,3;45,0;16,0
2026-08-11 15:07:00;DESKTOP-22AN8KV;31,1;95,9;11,23;96,3;256,0;25,0
2026-08-11 15:07:11;DESKTOP-22AN8KV;30,5;96,0;11,25;96,3;330,0;40,0
2026-08-11 15:07:23;DESKTOP-22AN8KV;32,1;95,0;11,13;96,3;33,0;183,0
2026-08-11 15:07:34;DESKTOP-22AN8KV;34,1;95,2;11,15;96,3;51,0;247,0
2026-08-11 15:07:46;DESKTOP-22AN8KV;28,1;94,9;11,11;96,3;30,0;113,0
2026-08-11 15:07:57;DESKTOP-22AN8KV;32,5;96,1;11,25;96,3;276,0;237,0
2026-08-11 15:08:09;DESKTOP-22AN8KV;28,2;95,8;11,23;96,3;51,0;254,0
2026-08-11 15:08:20;DESKTOP-22AN8KV;29,3;95,3;11,16;96,3;80,0;415,0
2026-08-11 15:08:32;DESKTOP-22AN8KV;30,8;95,0;11,13;96,3;47,0;311,0
2026-08-11 15:08:43;DESKTOP-22AN8KV;29,3;94,5;11,07;96,3;27,0;45,0
2026-08-11 15:08:55;DESKTOP-22AN8KV;29,8;94,4;11,05;96,3;33,0;224,0
2026-08-11 15:09:06;DESKTOP-22AN8KV;33,5;95,0;11,13;96,3;32,0;67,0
2026-08-11 15:09:18;DESKTOP-22AN8KV;31,0;95,1;11,14;96,3;35,0;13,0
2026-08-11 15:09:29;DESKTOP-22AN8KV;42,8;95,9;11,24;96,3;46,0;95,0
2026-08-11 15:09:41;DESKTOP-22AN8KV;32,4;95,7;11,21;96,3;24,0;221,0
2026-08-11 15:09:53;DESKTOP-22AN8KV;38,0;96,3;11,28;96,3;36,0;54,0
2026-08-11 15:10:04;DESKTOP-22AN8KV;32,2;96,1;11,26;96,3;67,0;267,0
2026-08-11 15:10:16;DESKTOP-22AN8KV;30,4;96,3;11,28;96,3;522,0;341,0
2026-08-11 15:10:27;DESKTOP-22AN8KV;31,9;96,0;11,24;96,3;113,0;687,0
2026-08-11 15:10:39;DESKTOP-22AN8KV;40,4;95,4;11,17;96,3;92,0;107,0
2026-08-11 15:10:50;DESKTOP-22AN8KV;31,8;93,9;11,01;96,3;63,0;86,0
2026-08-11 15:11:02;DESKTOP-22AN8KV;29,8;94,3;11,05;96,3;51,0;50,0
2026-08-11 15:11:13;DESKTOP-22AN8KV;31,9;93,0;10,9;96,3;31,0;41,0
2026-08-11 15:11:25;DESKTOP-22AN8KV;27,3;92,9;10,88;96,3;42,0;16,0
2026-08-11 15:11:36;DESKTOP-22AN8KV;32,4;93,3;10,93;96,3;43,0;654,0
2026-08-11 15:11:48;DESKTOP-22AN8KV;30,6;93,1;10,91;96,3;42,0;671,0
2026-08-11 15:11:59;DESKTOP-22AN8KV;29,9;93,1;10,9;96,3;51,0;70,0
2026-08-11 15:12:11;DESKTOP-22AN8KV;31,4;93,4;10,94;96,3;49,0;32,0
2026-08-11 15:12:22;DESKTOP-22AN8KV;31,3;93,6;10,97;96,3;64,0;30,0
2026-08-11 15:12:34;DESKTOP-22AN8KV;32,8;93,0;10,9;96,3;46,0;35,0
2026-08-11 15:12:45;DESKTOP-22AN8KV;30,5;92,9;10,88;96,3;24,0;3,0
2026-08-11 15:12:57;DESKTOP-22AN8KV;30,1;93,1;10,9;96,3;247,0;392,0
2026-08-11 15:13:09;DESKTOP-22AN8KV;32,1;93,7;10,98;96,3;93,0;396,0
2026-08-11 15:13:20;DESKTOP-22AN8KV;37,3;94,6;11,09;96,3;88,0;254,0
2026-08-11 15:13:32;DESKTOP-22AN8KV;40,9;94,4;11,06;96,3;51,0;454,0
2026-08-11 15:13:43;DESKTOP-22AN8KV;36,7;94,4;11,06;96,3;47,0;388,0
2026-08-11 15:13:55;DESKTOP-22AN8KV;37,4;93,9;10,99;96,3;35,0;192,0
2026-08-11 15:14:06;DESKTOP-22AN8KV;34,9;94,0;11,01;96,3;24,0;330,0
2026-08-11 15:14:18;DESKTOP-22AN8KV;37,1;94,1;11,02;96,3;48,0;446,0
2026-08-11 15:14:29;DESKTOP-22AN8KV;34,6;94,0;11,02;96,3;82,0;60,0
2026-08-11 15:14:41;DESKTOP-22AN8KV;43,7;96,1;11,25;96,3;54,0;46,0
2026-08-11 15:14:52;DESKTOP-22AN8KV;42,7;95,6;11,2;96,3;53,0;13,0
2026-08-11 15:15:04;DESKTOP-22AN8KV;43,4;95,8;11,22;96,3;322,0;37,0
2026-08-11 15:15:15;DESKTOP-22AN8KV;45,6;95,2;11,15;96,3;95,0;52,0
2026-08-11 15:15:27;DESKTOP-22AN8KV;48,6;94,9;11,12;96,3;514,0;21,0
2026-08-11 15:15:39;DESKTOP-22AN8KV;49,7;95,4;11,17;96,3;15,0;8,0
2026-08-11 15:15:50;DESKTOP-22AN8KV;54,3;95,6;11,2;96,3;15,0;18,0
2026-08-11 15:16:02;DESKTOP-22AN8KV;44,3;96,3;11,29;96,3;50,0;62,0
2026-08-11 15:16:13;DESKTOP-22AN8KV;30,0;94,7;11,1;96,3;31,0;394,0
2026-08-11 15:16:25;DESKTOP-22AN8KV;34,3;95,4;11,18;96,3;47,0;35,0
2026-08-11 15:16:36;DESKTOP-22AN8KV;44,8;96,3;11,28;96,3;32,0;10,0
2026-08-11 15:16:48;DESKTOP-22AN8KV;24,7;96,5;11,31;96,3;120,0;25,0
2026-08-11 15:16:59;DESKTOP-22AN8KV;22,3;96,7;11,32;96,3;51,0;12,0
2026-08-11 15:17:11;DESKTOP-22AN8KV;44,1;98,7;11,56;96,3;42,0;368,0
2026-08-11 15:17:23;DESKTOP-22AN8KV;31,1;96,8;11,34;96,3;70,0;107,0
2026-08-11 15:17:34;DESKTOP-22AN8KV;26,1;96,0;11,24;96,3;26,0;18,0
2026-08-11 15:17:46;DESKTOP-22AN8KV;26,5;95,9;11,24;96,3;18,0;17,0
2026-08-11 15:17:57;DESKTOP-22AN8KV;24,7;96,2;11,26;96,3;25,0;6,0
2026-08-11 15:18:09;DESKTOP-22AN8KV;28,5;96,2;11,26;96,3;26,0;9,0
2026-08-11 15:18:20;DESKTOP-22AN8KV;25,4;96,1;11,26;96,3;25,0;9,0
2026-08-11 15:18:32;DESKTOP-22AN8KV;26,1;95,7;11,21;96,3;24,0;7,0
2026-08-11 15:18:43;DESKTOP-22AN8KV;22,1;95,8;11,22;96,3;34,0;16,0
2026-08-11 15:18:55;DESKTOP-22AN8KV;26,7;93,2;10,92;96,3;59,0;8,0
2026-08-11 15:19:06;DESKTOP-22AN8KV;44,3;93,8;10,99;96,3;48,0;21,0
2026-08-11 15:19:18;DESKTOP-22AN8KV;37,3;94,0;11,01;96,3;102,0;43,0
2026-08-11 15:19:30;DESKTOP-22AN8KV;25,4;93,1;10,91;96,3;40,0;22,0
2026-08-11 15:19:41;DESKTOP-22AN8KV;22,0;93,0;10,9;96,3;50,0;16,0
2026-08-11 15:19:53;DESKTOP-22AN8KV;24,4;92,8;10,87;96,3;32,0;20,0
2026-08-11 15:20:04;DESKTOP-22AN8KV;26,6;93,0;10,9;96,3;51,0;27,0
2026-08-11 15:20:16;DESKTOP-22AN8KV;27,5;93,3;10,93;96,3;24,0;5,0
2026-08-11 15:20:27;DESKTOP-22AN8KV;24,2;93,4;10,94;96,3;519,0;32,0
2026-08-11 15:20:39;DESKTOP-22AN8KV;25,1;93,3;10,93;96,3;23,0;3,0
2026-08-11 15:20:50;DESKTOP-22AN8KV;26,0;93,8;10,99;96,3;35,0;340,0
2026-08-11 15:21:02;DESKTOP-22AN8KV;23,9;93,4;10,94;96,3;63,0;70,0
2026-08-11 15:21:13;DESKTOP-22AN8KV;20,7;94,0;11,01;96,3;33,0;7,0
2026-08-11 15:21:25;DESKTOP-22AN8KV;26,3;94,6;11,09;96,3;37,0;9,0
2026-08-11 15:21:36;DESKTOP-22AN8KV;20,4;92,3;10,82;96,3;259,0;14,0
2026-08-11 15:21:48;DESKTOP-22AN8KV;16,8;92,4;10,83;96,3;42,0;23,0
2026-08-11 15:21:59;DESKTOP-22AN8KV;18,4;92,3;10,81;96,3;50,0;10,0
2026-08-11 15:22:11;DESKTOP-22AN8KV;17,5;92,6;10,85;96,3;59,0;33,0
2026-08-11 15:22:23;DESKTOP-22AN8KV;32,6;93,7;10,98;96,3;40,0;13,0
2026-08-11 15:22:34;DESKTOP-22AN8KV;47,0;93,7;10,98;96,3;432,0;15,0
2026-08-11 15:22:46;DESKTOP-22AN8KV;35,2;93,5;10,96;96,3;276,0;10,0
2026-08-11 15:22:57;DESKTOP-22AN8KV;36,6;94,1;11,02;96,3;43,0;34,0
2026-08-11 15:23:09;DESKTOP-22AN8KV;31,0;93,9;11,0;96,3;44,0;416,0
2026-08-11 15:23:20;DESKTOP-22AN8KV;29,3;93,9;11,0;96,3;37,0;400,0
2026-08-11 15:23:32;DESKTOP-22AN8KV;32,4;93,8;10,99;96,3;193,0;71,0
2026-08-11 15:23:43;DESKTOP-22AN8KV;29,7;93,2;10,91;96,3;358,0;32,0
2026-08-11 15:23:55;DESKTOP-22AN8KV;30,9;93,6;10,96;96,3;23,0;24,0
2026-08-11 15:24:06;DESKTOP-22AN8KV;27,9;93,7;10,98;96,3;25,0;57,0
2026-08-11 15:24:18;DESKTOP-22AN8KV;30,1;93,8;10,98;96,3;29,0;19,0
2026-08-11 15:24:29;DESKTOP-22AN8KV;26,1;95,7;11,21;96,3;193,0;43,0
2026-08-11 15:24:41;DESKTOP-22AN8KV;42,6;97,8;11,46;96,3;347,0;68,0
2026-08-11 15:24:53;DESKTOP-22AN8KV;24,7;97,0;11,36;96,3;27,0;28,0
2026-08-11 15:25:04;DESKTOP-22AN8KV;20,9;96,3;11,28;96,3;64,0;41,0
2026-08-11 15:25:16;DESKTOP-22AN8KV;26,0;94,7;11,09;96,3;84,0;50,0
2026-08-11 15:25:27;DESKTOP-22AN8KV;32,3;96,7;11,33;96,3;124,0;92,0
2026-08-11 15:25:39;DESKTOP-22AN8KV;46,7;96,8;11,34;96,3;77,0;383,0
2026-08-11 15:25:50;DESKTOP-22AN8KV;41,7;96,2;11,27;96,3;42,0;351,0
2026-08-11 15:26:02;DESKTOP-22AN8KV;40,2;95,6;11,2;96,3;85,0;58,0
2026-08-11 15:26:13;DESKTOP-22AN8KV;40,4;95,0;11,13;96,3;80,0;27,0
2026-08-11 15:26:25;DESKTOP-22AN8KV;36,6;94,9;11,12;96,3;69,0;89,0
2026-08-11 15:26:36;DESKTOP-22AN8KV;45,1;95,6;11,2;96,3;27,0;14,0
2026-08-11 15:26:48;DESKTOP-22AN8KV;41,4;95,3;11,17;96,3;80,0;31,0
2026-08-11 15:27:00;DESKTOP-22AN8KV;44,3;95,7;11,21;96,3;113,0;29,0
2026-08-11 15:27:11;DESKTOP-22AN8KV;33,6;96,1;11,25;96,3;53,0;15,0
2026-08-11 15:27:23;DESKTOP-22AN8KV;21,6;93,2;10,91;96,3;49,0;14,0
2026-08-11 15:27:34;DESKTOP-22AN8KV;26,3;93,0;10,9;95,2;91,0;54,0
2026-08-11 15:27:46;DESKTOP-22AN8KV;37,7;93,3;10,93;95,2;152,0;26,0
2026-08-11 15:27:57;DESKTOP-22AN8KV;41,8;93,2;10,92;95,2;33,0;22,0
2026-08-11 15:28:09;DESKTOP-22AN8KV;37,6;92,7;10,86;95,2;32,0;356,0
2026-08-11 15:38:03;DESKTOP-22AN8KV;0,0;85,6;10,03;95,2;0,0;0,0
2026-08-11 15:38:15;DESKTOP-22AN8KV;30,3;85,6;10,03;95,2;53,0;96,0
2026-08-11 15:38:26;DESKTOP-22AN8KV;25,7;85,0;9,96;95,2;53,0;477,0
2026-08-11 15:38:38;DESKTOP-22AN8KV;29,7;84,9;9,94;95,2;44,0;38,0
2026-08-11 15:38:49;DESKTOP-22AN8KV;20,3;84,6;9,91;95,2;218,0;472,0
2026-08-11 15:39:01;DESKTOP-22AN8KV;31,3;79,1;9,27;95,2;248,0;146,0
2026-08-11 15:39:12;DESKTOP-22AN8KV;27,3;78,8;9,23;95,2;36,0;494,0
2026-08-11 15:39:24;DESKTOP-22AN8KV;29,0;78,6;9,21;95,2;27,0;10,0
2026-08-11 15:39:35;DESKTOP-22AN8KV;34,0;81,8;9,58;95,2;49,0;32,0
2026-08-11 15:39:47;DESKTOP-22AN8KV;29,6;80,4;9,42;95,2;39,0;20,0
2026-08-11 15:39:58;DESKTOP-22AN8KV;26,4;80,7;9,45;95,2;38,0;529,0
2026-08-11 15:40:10;DESKTOP-22AN8KV;27,8;80,6;9,45;95,2;69,0;102,0
2026-08-11 15:40:21;DESKTOP-22AN8KV;34,0;81,4;9,54;95,2;40,0;46,0
2026-08-11 15:40:33;DESKTOP-22AN8KV;31,6;81,1;9,5;95,2;29,0;38,0
2026-08-11 15:40:45;DESKTOP-22AN8KV;28,3;80,7;9,46;95,2;26,0;96,0
2026-08-11 15:40:56;DESKTOP-22AN8KV;28,7;80,9;9,47;95,2;41,0;574,0
2026-08-11 15:41:08;DESKTOP-22AN8KV;24,8;80,8;9,47;95,2;49,0;644,0
2026-08-11 15:41:19;DESKTOP-22AN8KV;28,2;81,2;9,51;95,2;49,0;73,0
2026-08-11 15:41:31;DESKTOP-22AN8KV;37,9;82,6;9,67;95,2;22,0;23,0
2026-08-11 15:41:42;DESKTOP-22AN8KV;35,6;82,3;9,64;95,2;26,0;5,0
2026-08-11 15:41:54;DESKTOP-22AN8KV;40,7;84,3;9,87;95,2;36,0;35,0
2026-08-11 15:42:05;DESKTOP-22AN8KV;26,5;85,4;10,0;95,2;301,0;54,0
2026-08-11 15:42:17;DESKTOP-22AN8KV;25,7;87,0;10,2;95,2;67,0;29,0
2026-08-11 15:42:28;DESKTOP-22AN8KV;27,5;86,8;10,17;95,2;22,0;10,0
2026-08-11 15:42:40;DESKTOP-22AN8KV;28,0;84,0;9,84;95,2;52,0;42,0
2026-08-11 15:42:51;DESKTOP-22AN8KV;33,6;85,8;10,05;95,2;23,0;39,0
2026-08-11 15:43:03;DESKTOP-22AN8KV;32,6;84,7;9,92;95,2;31,0;28,0
2026-08-11 15:43:14;DESKTOP-22AN8KV;19,5;83,8;9,82;95,2;24,0;7,0
2026-08-11 15:43:26;DESKTOP-22AN8KV;19,0;83,2;9,74;95,2;495,0;13,0
2026-08-11 15:43:38;DESKTOP-22AN8KV;17,9;82,6;9,68;95,2;28,0;28,0
2026-08-11 15:43:49;DESKTOP-22AN8KV;20,4;83,2;9,75;95,2;24,0;602,0
2026-08-11 15:44:01;DESKTOP-22AN8KV;40,9;83,5;9,78;95,2;53,0;51,0
2026-08-11 15:44:12;DESKTOP-22AN8KV;35,9;84,1;9,86;95,2;48,0;58,0
2026-08-11 15:44:24;DESKTOP-22AN8KV;33,0;83,5;9,78;95,2;243,0;8,0
2026-08-11 15:44:35;DESKTOP-22AN8KV;30,3;83,3;9,76;95,2;68,0;5,0
2026-08-11 15:44:47;DESKTOP-22AN8KV;39,5;83,2;9,74;95,2;17,0;19,0
2026-08-11 15:44:58;DESKTOP-22AN8KV;32,4;83,5;9,78;95,2;26,0;6,0
2026-08-11 15:45:10;DESKTOP-22AN8KV;34,0;84,3;9,87;95,2;103,0;65,0
2026-08-11 15:45:22;DESKTOP-22AN8KV;35,9;83,9;9,83;95,2;140,0;17,0
2026-08-11 15:45:33;DESKTOP-22AN8KV;26,6;83,4;9,77;95,2;469,0;25,0
2026-08-11 15:45:45;DESKTOP-22AN8KV;27,4;83,6;9,79;95,2;47,0;229,0
2026-08-11 15:45:56;DESKTOP-22AN8KV;25,2;83,8;9,82;95,2;36,0;757,0
2026-08-11 15:46:08;DESKTOP-22AN8KV;14,1;82,9;9,71;95,2;39,0;89,0
2026-08-11 15:46:19;DESKTOP-22AN8KV;15,0;82,8;9,7;95,2;64,0;29,0
2026-08-11 15:46:31;DESKTOP-22AN8KV;20,5;83,2;9,75;95,2;26,0;4,0
2026-08-11 15:46:42;DESKTOP-22AN8KV;18,6;82,7;9,69;95,2;35,0;24,0
2026-08-11 15:46:54;DESKTOP-22AN8KV;17,1;83,2;9,74;95,2;26,0;11,0
2026-08-11 15:47:05;DESKTOP-22AN8KV;21,5;82,9;9,72;95,2;26,0;23,0
2026-08-11 15:47:17;DESKTOP-22AN8KV;20,4;82,7;9,69;95,2;25,0;6,0
2026-08-11 15:47:28;DESKTOP-22AN8KV;20,7;82,7;9,68;95,2;33,0;17,0
2026-08-11 15:47:40;DESKTOP-22AN8KV;16,8;82,6;9,67;95,2;24,0;12,0
2026-08-11 15:47:51;DESKTOP-22AN8KV;18,1;82,5;9,66;95,2;21,0;2,0
2026-08-11 15:48:03;DESKTOP-22AN8KV;19,0;82,3;9,65;95,2;21,0;5,0
2026-08-11 15:48:15;DESKTOP-22AN8KV;18,5;82,4;9,65;95,2;16,0;16,0
2026-08-11 15:48:26;DESKTOP-22AN8KV;14,2;82,3;9,64;95,2;15,0;7,0
2026-08-11 15:48:38;DESKTOP-22AN8KV;17,7;81,4;9,53;95,2;24,0;12,0
2026-08-11 15:48:49;DESKTOP-22AN8KV;29,6;82,6;9,68;95,2;47,0;18,0
2026-08-11 15:49:01;DESKTOP-22AN8KV;21,5;82,9;9,71;95,2;36,0;7,0
2026-08-11 15:49:12;DESKTOP-22AN8KV;16,3;83,1;9,73;95,2;41,0;12,0
2026-08-11 15:49:24;DESKTOP-22AN8KV;17,5;82,8;9,7;95,2;31,0;12,0
2026-08-11 15:49:35;DESKTOP-22AN8KV;23,0;82,2;9,63;95,2;75,0;40,0
2026-08-11 15:49:47;DESKTOP-22AN8KV;25,6;83,0;9,72;95,2;28,0;27,0
2026-08-11 15:49:58;DESKTOP-22AN8KV;22,3;82,8;9,7;95,2;38,0;24,0
2026-08-11 15:50:10;DESKTOP-22AN8KV;17,3;83,0;9,73;95,2;107,0;98,0
2026-08-11 15:50:22;DESKTOP-22AN8KV;23,0;83,3;9,76;95,2;104,0;41,0
2026-08-11 15:50:33;DESKTOP-22AN8KV;21,0;83,3;9,76;95,2;212,0;78,0
2026-08-11 15:50:45;DESKTOP-22AN8KV;27,0;84,1;9,85;95,2;22,0;48,0
2026-08-11 15:50:56;DESKTOP-22AN8KV;38,9;83,7;9,8;95,2;12,0;5,0
2026-08-11 15:51:08;DESKTOP-22AN8KV;38,2;83,9;9,82;95,2;32,0;13,0
2026-08-11 15:51:19;DESKTOP-22AN8KV;19,8;82,8;9,7;95,2;26,0;40,0
2026-08-11 15:51:31;DESKTOP-22AN8KV;24,5;82,5;9,67;95,2;32,0;15,0
2026-08-11 15:51:42;DESKTOP-22AN8KV;22,4;82,3;9,64;95,2;41,0;19,0
2026-08-11 15:51:54;DESKTOP-22AN8KV;24,8;82,3;9,64;95,2;40,0;5,0
2026-08-11 15:52:05;DESKTOP-22AN8KV;25,4;82,6;9,67;95,2;48,0;618,0
2026-08-11 15:52:17;DESKTOP-22AN8KV;28,4;82,6;9,67;95,2;44,0;64,0
2026-08-11 15:52:28;DESKTOP-22AN8KV;33,8;83,3;9,76;95,2;156,0;28,0
2026-08-11 15:52:40;DESKTOP-22AN8KV;35,2;83,2;9,74;95,2;483,0;25,0
2026-08-11 15:52:51;DESKTOP-22AN8KV;25,8;85,1;9,97;95,2;181,0;69,0
2026-08-11 15:53:03;DESKTOP-22AN8KV;34,1;84,0;9,84;95,2;37,0;9,0
2026-08-11 15:53:15;DESKTOP-22AN8KV;31,2;83,9;9,83;95,2;22,0;17,0
2026-08-11 15:53:26;DESKTOP-22AN8KV;36,3;83,4;9,77;95,2;51,0;14,0
2026-08-11 15:53:38;DESKTOP-22AN8KV;37,8;82,5;9,67;95,2;420,0;1268,0
2026-08-11 15:53:49;DESKTOP-22AN8KV;28,7;82,5;9,67;95,2;98,0;123,0
2026-08-11 15:54:01;DESKTOP-22AN8KV;30,9;82,5;9,66;95,2;56,0;16,0
2026-08-11 15:54:12;DESKTOP-22AN8KV;42,2;82,4;9,65;95,2;47,0;663,0
2026-08-11 15:54:24;DESKTOP-22AN8KV;31,3;83,2;9,74;95,2;53,0;806,0
2026-08-11 15:54:35;DESKTOP-22AN8KV;34,3;83,1;9,73;95,2;48,0;1351,0
2026-08-11 15:54:47;DESKTOP-22AN8KV;26,6;83,0;9,72;95,2;92,0;96,0
2026-08-11 15:54:59;DESKTOP-22AN8KV;32,0;83,8;9,82;95,2;45,0;310,0
2026-08-11 15:55:10;DESKTOP-22AN8KV;31,7;83,8;9,81;95,2;83,0;89,0
2026-08-11 15:55:22;DESKTOP-22AN8KV;34,3;85,3;10,0;95,2;42,0;1292,0
2026-08-11 15:55:33;DESKTOP-22AN8KV;25,4;83,4;9,77;95,2;59,0;189,0
2026-08-11 15:55:45;DESKTOP-22AN8KV;29,5;83,2;9,75;95,2;63,0;1941,0
2026-08-11 15:55:56;DESKTOP-22AN8KV;22,7;83,3;9,76;95,2;33,0;429,0
2026-08-11 15:56:08;DESKTOP-22AN8KV;27,1;83,4;9,77;95,2;31,0;701,0
2026-08-11 15:56:19;DESKTOP-22AN8KV;31,3;83,6;9,79;95,2;53,0;204,0
2026-08-11 15:56:31;DESKTOP-22AN8KV;31,1;83,4;9,77;95,2;53,0;683,0
2026-08-11 15:56:42;DESKTOP-22AN8KV;31,5;82,9;9,71;95,2;33,0;212,0
2026-08-11 15:56:54;DESKTOP-22AN8KV;24,1;83,3;9,76;95,2;53,0;707,0
2026-08-11 15:57:05;DESKTOP-22AN8KV;27,2;83,3;9,76;95,2;47,0;239,0
2026-08-11 15:57:17;DESKTOP-22AN8KV;33,8;84,2;9,86;95,2;55,0;888,0
2026-08-11 15:57:28;DESKTOP-22AN8KV;26,0;83,7;9,8;95,2;46,0;90,0
2026-08-11 15:57:40;DESKTOP-22AN8KV;21,6;83,8;9,81;95,2;241,0;64,0
2026-08-11 15:57:51;DESKTOP-22AN8KV;20,8;83,4;9,77;95,2;29,0;24,0
2026-08-11 15:58:03;DESKTOP-22AN8KV;45,9;85,4;10,0;95,2;90,0;31,0
2026-08-11 15:58:15;DESKTOP-22AN8KV;36,6;84,4;9,89;95,2;45,0;26,0
2026-08-11 15:58:26;DESKTOP-22AN8KV;34,6;84,7;9,92;95,2;22,0;14,0
2026-08-11 15:58:38;DESKTOP-22AN8KV;39,3;83,4;9,77;95,2;195,0;14,0
2026-08-11 15:58:49;DESKTOP-22AN8KV;36,3;85,0;9,96;95,2;99,0;19,0
2026-08-11 15:59:01;DESKTOP-22AN8KV;40,0;85,4;10,01;95,2;63,0;24,0
2026-08-11 15:59:12;DESKTOP-22AN8KV;36,0;84,8;9,93;95,2;84,0;10,0
2026-08-11 15:59:24;DESKTOP-22AN8KV;36,6;84,6;9,91;95,2;27,0;7,0
2026-08-11 15:59:35;DESKTOP-22AN8KV;40,6;84,5;9,9;95,2;52,0;20,0
2026-08-11 15:59:47;DESKTOP-22AN8KV;37,6;84,4;9,88;95,2;31,0;16,0
2026-08-11 15:59:59;DESKTOP-22AN8KV;36,5;84,1;9,85;95,2;91,0;62,0
2026-08-11 16:00:10;DESKTOP-22AN8KV;30,9;84,0;9,84;95,2;86,0;43,0
2026-08-11 16:00:22;DESKTOP-22AN8KV;20,2;83,8;9,81;95,2;31,0;5,0
2026-08-11 16:00:33;DESKTOP-22AN8KV;28,9;83,2;9,74;95,2;65,0;56,0
2026-08-11 16:00:45;DESKTOP-22AN8KV;23,3;82,0;9,61;95,2;20,0;7,0
2026-08-11 16:00:56;DESKTOP-22AN8KV;21,4;82,1;9,62;95,2;264,0;18,0
2026-08-11 16:01:08;DESKTOP-22AN8KV;20,7;82,2;9,63;95,2;25,0;30,0
2026-08-11 16:01:19;DESKTOP-22AN8KV;25,1;82,6;9,68;95,2;120,0;691,0
2026-08-11 16:01:31;DESKTOP-22AN8KV;23,3;82,2;9,63;95,2;20,0;47,0
2026-08-11 16:01:42;DESKTOP-22AN8KV;25,7;82,6;9,67;95,2;32,0;171,0
2026-08-11 16:01:54;DESKTOP-22AN8KV;27,6;83,3;9,76;95,2;304,0;173,0
2026-08-11 16:02:05;DESKTOP-22AN8KV;19,4;82,9;9,71;95,2;40,0;56,0
2026-08-11 16:02:17;DESKTOP-22AN8KV;21,3;83,0;9,72;95,2;33,0;24,0
2026-08-11 16:02:28;DESKTOP-22AN8KV;18,5;82,4;9,66;95,2;22,0;22,0
2026-08-11 16:02:40;DESKTOP-22AN8KV;18,7;82,5;9,66;95,2;19,0;5,0
2026-08-11 16:02:52;DESKTOP-22AN8KV;30,4;82,4;9,65;95,2;41,0;699,0
2026-08-11 16:03:03;DESKTOP-22AN8KV;29,1;83,0;9,72;95,2;104,0;2609,0
2026-08-11 16:03:15;DESKTOP-22AN8KV;26,1;83,7;9,8;95,2;300,0;2481,0
2026-08-11 16:03:26;DESKTOP-22AN8KV;22,7;83,2;9,75;95,2;39,0;747,0
2026-08-11 16:03:38;DESKTOP-22AN8KV;20,7;82,2;9,64;95,2;31,0;69,0
2026-08-11 16:03:49;DESKTOP-22AN8KV;23,5;84,0;9,84;95,2;31,0;54,0
2026-08-11 16:04:01;DESKTOP-22AN8KV;66,6;82,7;9,69;95,2;83,0;48,0
2026-08-11 16:04:12;DESKTOP-22AN8KV;36,6;82,2;9,63;95,2;30,0;12,0
2026-08-11 16:04:24;DESKTOP-22AN8KV;22,2;86,7;10,15;95,1;1209,0;92,0
2026-08-11 16:04:35;DESKTOP-22AN8KV;44,4;89,0;10,42;95,1;1031,0;190,0
2026-08-11 16:04:47;DESKTOP-22AN8KV;23,4;88,5;10,37;95,0;528,0;17,0
2026-08-11 16:04:58;DESKTOP-22AN8KV;22,2;88,2;10,34;95,0;626,0;28,0
2026-08-11 16:05:10;DESKTOP-22AN8KV;25,3;87,9;10,3;95,0;134,0;61,0
2026-08-11 16:05:21;DESKTOP-22AN8KV;19,8;87,8;10,29;95,0;82,0;45,0
2026-08-11 16:05:33;DESKTOP-22AN8KV;21,4;82,9;9,72;95,0;85,0;23,0
2026-08-11 16:05:44;DESKTOP-22AN8KV;30,4;83,4;9,77;95,0;82,0;45,0
2026-08-11 16:05:56;DESKTOP-22AN8KV;28,4;83,2;9,75;95,0;1342,0;62,0
2026-08-11 16:06:08;DESKTOP-22AN8KV;32,8;83,7;9,81;95,1;2693,0;101,0
2026-08-11 16:06:19;DESKTOP-22AN8KV;24,2;83,8;9,81;95,1;143,0;31,0
2026-08-11 16:06:31;DESKTOP-22AN8KV;22,5;83,8;9,81;95,1;14,0;17,0
2026-08-11 16:06:42;DESKTOP-22AN8KV;27,1;83,7;9,81;95,1;82,0;34,0
2026-08-11 16:06:54;DESKTOP-22AN8KV;30,6;82,7;9,69;95,1;344,0;31,0
2026-08-11 16:07:05;DESKTOP-22AN8KV;32,9;83,8;9,82;95,1;153,0;1192,0
2026-08-11 16:07:17;DESKTOP-22AN8KV;30,2;84,2;9,86;95,1;45,0;50,0
2026-08-11 16:07:28;DESKTOP-22AN8KV;43,0;86,0;10,08;95,1;73,0;759,0
2026-08-11 16:07:40;DESKTOP-22AN8KV;48,4;88,5;10,37;95,1;247,0;38,0
2026-08-11 16:07:51;DESKTOP-22AN8KV;40,5;87,5;10,25;95,1;29,0;33,0
2026-08-11 16:08:03;DESKTOP-22AN8KV;44,4;86,7;10,16;95,1;17,0;22,0
2026-08-11 16:08:15;DESKTOP-22AN8KV;60,3;88,9;10,42;95,1;323,0;791,0
2026-08-11 16:08:27;DESKTOP-22AN8KV;59,2;88,1;10,32;95,1;215,0;40,0
2026-08-11 16:08:39;DESKTOP-22AN8KV;46,1;88,2;10,33;95,1;473,0;13,0
2026-08-11 16:08:51;DESKTOP-22AN8KV;39,3;88,1;10,32;95,1;29,0;16,0
2026-08-11 16:09:02;DESKTOP-22AN8KV;44,7;87,9;10,3;95,1;25,0;17,0
2026-08-11 16:09:14;DESKTOP-22AN8KV;46,9;88,9;10,42;95,1;459,0;19,0
2026-08-11 16:09:25;DESKTOP-22AN8KV;41,8;89,7;10,51;95,1;52,0;12,0
2026-08-11 16:09:37;DESKTOP-22AN8KV;44,1;90,0;10,54;95,1;466,0;20,0
2026-08-11 16:09:49;DESKTOP-22AN8KV;42,3;90,0;10,55;95,1;29,0;17,0
2026-08-11 16:10:00;DESKTOP-22AN8KV;39,7;89,4;10,48;95,1;18,0;12,0
2026-08-11 16:10:12;DESKTOP-22AN8KV;43,5;89,4;10,48;94,9;61,0;26,0
2026-08-11 16:10:23;DESKTOP-22AN8KV;50,8;89,3;10,46;94,9;30,0;19,0
2026-08-11 16:10:35;DESKTOP-22AN8KV;45,7;89,1;10,44;94,9;10,0;6,0
2026-08-11 16:10:46;DESKTOP-22AN8KV;44,9;89,2;10,45;94,9;14,0;7,0
2026-08-11 16:10:58;DESKTOP-22AN8KV;40,2;89,6;10,5;94,9;226,0;13,0
2026-08-11 16:11:10;DESKTOP-22AN8KV;43,8;90,7;10,62;95,0;77,0;22,0
2026-08-11 16:11:21;DESKTOP-22AN8KV;51,5;91,4;10,71;95,0;17,0;9,0
2026-08-11 16:11:33;DESKTOP-22AN8KV;46,3;92,5;10,84;95,0;28,0;23,0
2026-08-11 16:11:44;DESKTOP-22AN8KV;33,4;91,7;10,74;95,0;39,0;15,0
2026-08-11 16:11:56;DESKTOP-22AN8KV;31,2;91,7;10,74;95,0;15,0;6,0
2026-08-11 16:12:07;DESKTOP-22AN8KV;34,5;89,5;10,49;95,0;37,0;6,0
2026-08-11 16:12:19;DESKTOP-22AN8KV;34,0;90,2;10,57;95,0;75,0;58,0
2026-08-11 16:12:31;DESKTOP-22AN8KV;31,4;90,6;10,61;95,0;31,0;7,0
2026-08-11 16:12:42;DESKTOP-22AN8KV;30,7;90,0;10,54;95,0;50,0;25,0
2026-08-11 16:12:54;DESKTOP-22AN8KV;27,3;88,4;10,35;95,0;22,0;5,0
2026-08-11 16:13:05;DESKTOP-22AN8KV;26,5;88,1;10,32;95,0;15,0;3,0
2026-08-11 16:13:17;DESKTOP-22AN8KV;31,4;88,5;10,37;94,9;21,0;19,0
