sep=;
timestamp;hostname;cpu_percent;mem_percent;mem_used_gb;disk_percent;rx_kbps;tx_kbps
2026-08-10 07:19:10;DESKTOP-22AN8KV;0,0;74,8;8,76;99,7;0,0;0,0
2026-08-10 07:19:21;DESKTOP-22AN8KV;30,0;75,7;8,87;99,7;171,0;7364,0
2026-08-10 07:19:33;DESKTOP-22AN8KV;33,8;75,2;8,81;99,7;88,0;74,0
2026-08-10 07:19:44;DESKTOP-22AN8KV;31,7;75,8;8,88;99,7;139,0;5052,0
2026-08-10 07:19:56;DESKTOP-22AN8KV;30,5;76,3;8,94;99,6;600,0;36,0
2026-08-10 07:20:07;DESKTOP-22AN8KV;33,0;77,4;9,07;99,8;93,0;5092,0
2026-08-10 07:20:19;DESKTOP-22AN8KV;30,4;75,6;8,85;99,8;54,0;89,0
2026-08-10 07:20:31;DESKTOP-22AN8KV;25,7;75,4;8,83;99,8;69,0;9,0
2026-08-10 07:20:42;DESKTOP-22AN8KV;22,2;75,4;8,83;99,8;39,0;14,0
2026-08-10 07:20:54;DESKTOP-22AN8KV;23,8;75,1;8,8;99,8;58,0;19,0
2026-08-10 07:21:05;DESKTOP-22AN8KV;23,2;76,8;9,0;99,8;129,0;44,0
2026-08-10 07:21:17;DESKTOP-22AN8KV;21,6;75,8;8,88;99,8;42,0;12,0
2026-08-10 07:21:28;DESKTOP-22AN8KV;26,8;75,9;8,89;99,8;52,0;37,0
2026-08-10 07:21:40;DESKTOP-22AN8KV;22,1;74,5;8,73;99,8;26,0;9,0
2026-08-10 07:21:51;DESKTOP-22AN8KV;30,1;75,5;8,84;99,8;86,0;15,0
2026-08-10 07:22:03;DESKTOP-22AN8KV;23,4;76,7;8,99;99,8;282,0;126,0
2026-08-10 07:22:14;DESKTOP-22AN8KV;20,8;77,8;9,11;99,8;400,0;28,0
2026-08-10 07:22:26;DESKTOP-22AN8KV;29,4;78,4;9,18;99,8;54,0;35,0
2026-08-10 07:22:37;DESKTOP-22AN8KV;36,7;85,1;9,97;99,8;8930,0;333,0
2026-08-10 07:22:49;DESKTOP-22AN8KV;37,4;87,4;10,24;99,8;3018,0;144,0
2026-08-10 07:23:00;DESKTOP-22AN8KV;35,7;85,4;10,0;99,8;388,0;69,0
2026-08-10 07:23:12;DESKTOP-22AN8KV;35,2;91,4;10,71;99,8;141,0;21,0
2026-08-10 07:23:24;DESKTOP-22AN8KV;39,7;85,8;10,05;99,8;189,0;50,0
2026-08-10 07:23:35;DESKTOP-22AN8KV;36,0;85,5;10,02;99,8;208,0;56,0
2026-08-10 07:23:47;DESKTOP-22AN8KV;34,7;86,6;10,14;99,8;210,0;59,0
2026-08-10 07:23:58;DESKTOP-22AN8KV;39,0;84,7;9,92;99,8;216,0;97,0
2026-08-10 07:24:10;DESKTOP-22AN8KV;33,0;83,7;9,81;99,8;50,0;22,0
2026-08-10 07:24:21;DESKTOP-22AN8KV;33,8;84,9;9,94;99,8;173,0;5052,0
2026-08-10 07:24:33;DESKTOP-22AN8KV;39,1;85,9;10,07;99,8;191,0;112,0
2026-08-10 07:24:44;DESKTOP-22AN8KV;36,4;89,0;10,43;99,8;87,0;58,0
2026-08-10 07:24:56;DESKTOP-22AN8KV;41,7;95,4;11,18;99,8;133,0;5034,0
2026-08-10 07:25:07;DESKTOP-22AN8KV;43,9;87,7;10,28;99,8;78,0;71,0
2026-08-10 07:25:19;DESKTOP-22AN8KV;33,5;85,3;9,99;99,8;30,0;43,0
2026-08-10 07:25:30;DESKTOP-22AN8KV;24,4;84,3;9,88;99,8;91,0;5049,0
2026-08-10 07:25:42;DESKTOP-22AN8KV;26,2;83,2;9,75;99,8;95,0;54,0
2026-08-10 07:25:53;DESKTOP-22AN8KV;24,3;83,0;9,72;99,8;43,0;15,0
2026-08-10 07:26:05;DESKTOP-22AN8KV;18,9;82,3;9,64;99,8;42,0;30,0
2026-08-10 07:26:16;DESKTOP-22AN8KV;24,6;82,5;9,67;99,8;90,0;25,0
2026-08-10 07:26:28;DESKTOP-22AN8KV;17,9;82,4;9,65;99,8;58,0;14,0
2026-08-10 07:26:40;DESKTOP-22AN8KV;25,3;82,4;9,65;99,8;74,0;29,0
2026-08-10 07:26:51;DESKTOP-22AN8KV;33,6;83,7;9,8;99,8;101,0;37,0
2026-08-10 07:27:03;DESKTOP-22AN8KV;30,7;82,5;9,66;99,8;100,0;35,0
2026-08-10 07:27:14;DESKTOP-22AN8KV;29,4;87,6;10,26;99,8;735,0;82,0
2026-08-10 07:27:26;DESKTOP-22AN8KV;26,3;86,0;10,07;99,8;157,0;74,0
2026-08-10 07:27:37;DESKTOP-22AN8KV;22,8;84,8;9,94;99,8;123,0;29,0
2026-08-10 07:27:49;DESKTOP-22AN8KV;23,8;85,3;9,99;99,8;259,0;49,0
2026-08-10 07:28:00;DESKTOP-22AN8KV;22,8;84,9;9,95;99,8;112,0;39,0
2026-08-10 07:28:12;DESKTOP-22AN8KV;21,9;84,6;9,91;99,8;69,0;26,0
2026-08-10 07:28:23;DESKTOP-22AN8KV;26,7;80,8;9,46;99,8;89,0;67,0
2026-08-10 07:28:35;DESKTOP-22AN8KV;16,8;81,1;9,5;99,8;41,0;45,0
2026-08-10 07:28:46;DESKTOP-22AN8KV;19,8;80,9;9,48;99,8;137,0;39,0
2026-08-10 07:28:58;DESKTOP-22AN8KV;15,6;81,0;9,49;99,8;128,0;22,0
2026-08-10 07:29:10;DESKTOP-22AN8KV;17,5;80,9;9,48;99,8;87,0;22,0
2026-08-10 07:29:21;DESKTOP-22AN8KV;22,0;81,3;9,52;99,8;117,0;45,0
2026-08-10 07:29:33;DESKTOP-22AN8KV;22,6;81,3;9,53;99,8;68,0;27,0
2026-08-10 07:29:44;DESKTOP-22AN8KV;23,4;81,5;9,55;99,8;75,0;21,0
2026-08-10 07:29:56;DESKTOP-22AN8KV;22,8;81,5;9,55;99,8;27,0;17,0
2026-08-10 07:30:07;DESKTOP-22AN8KV;19,5;81,2;9,51;99,8;48,0;22,0
2026-08-10 07:30:19;DESKTOP-22AN8KV;24,7;81,3;9,52;99,8;43,0;23,0
2026-08-10 07:30:30;DESKTOP-22AN8KV;29,4;84,0;9,84;99,8;278,0;124,0
2026-08-10 07:30:42;DESKTOP-22AN8KV;24,5;82,8;9,7;99,8;111,0;47,0
2026-08-10 07:30:53;DESKTOP-22AN8KV;20,3;83,0;9,73;99,8;182,0;79,0
2026-08-10 07:31:05;DESKTOP-22AN8KV;25,5;83,9;9,82;99,8;821,0;69,0
2026-08-10 07:31:16;DESKTOP-22AN8KV;29,9;83,5;9,78;99,8;277,0;46,0
2026-08-10 07:31:28;DESKTOP-22AN8KV;18,8;82,9;9,71;99,8;193,0;24,0
2026-08-10 07:31:40;DESKTOP-22AN8KV;22,1;85,7;10,04;99,8;198,0;42,0
2026-08-10 07:31:51;DESKTOP-22AN8KV;26,8;86,4;10,12;99,8;128,0;7,0
2026-08-10 07:32:03;DESKTOP-22AN8KV;25,4;86,2;10,09;99,8;150,0;44,0
2026-08-10 07:32:14;DESKTOP-22AN8KV;28,4;86,6;10,14;99,8;153,0;32,0
2026-08-10 07:32:26;DESKTOP-22AN8KV;21,8;83,9;9,83;99,8;150,0;19,0
2026-08-10 07:32:37;DESKTOP-22AN8KV;26,3;81,7;9,58;99,8;164,0;44,0
2026-08-10 07:32:49;DESKTOP-22AN8KV;31,2;83,1;9,73;99,8;226,0;5319,0
2026-08-10 07:33:00;DESKTOP-22AN8KV;32,9;84,6;9,92;99,8;533,0;93,0
2026-08-10 07:33:12;DESKTOP-22AN8KV;30,9;84,7;9,92;99,8;100,0;61,0
2026-08-10 07:33:23;DESKTOP-22AN8KV;25,7;84,3;9,87;99,8;85,0;128,0
2026-08-10 07:33:35;DESKTOP-22AN8KV;33,4;86,8;10,17;99,8;219,0;215,0
2026-08-10 07:33:46;DESKTOP-22AN8KV;29,7;84,4;9,88;99,8;289,0;5483,0
2026-08-10 07:33:58;DESKTOP-22AN8KV;29,4;85,0;9,96;99,8;291,0;72,0
2026-08-10 07:34:10;DESKTOP-22AN8KV;26,1;84,1;9,85;99,8;149,0;24,0
2026-08-10 07:34:21;DESKTOP-22AN8KV;29,9;84,4;9,89;99,8;189,0;56,0
2026-08-10 07:34:33;DESKTOP-22AN8KV;29,1;85,2;9,99;99,8;183,0;50,0
2026-08-10 07:34:44;DESKTOP-22AN8KV;25,8;84,6;9,91;99,8;151,0;27,0
2026-08-10 07:34:56;DESKTOP-22AN8KV;28,8;85,3;10,0;99,8;172,0;47,0
2026-08-10 07:35:07;DESKTOP-22AN8KV;23,4;84,4;9,89;99,8;120,0;13,0
2026-08-10 07:35:19;DESKTOP-22AN8KV;21,5;83,5;9,78;99,8;116,0;23,0
2026-08-10 07:35:30;DESKTOP-22AN8KV;31,4;83,7;9,81;99,8;208,0;50,0
2026-08-10 07:35:42;DESKTOP-22AN8KV;23,6;83,8;9,81;99,8;105,0;12,0
2026-08-10 07:35:53;DESKTOP-22AN8KV;29,3;83,6;9,8;99,8;93,0;58,0
2026-08-10 07:36:05;DESKTOP-22AN8KV;24,1;83,5;9,78;99,8;29,0;5,0
2026-08-10 07:36:16;DESKTOP-22AN8KV;25,6;83,9;9,83;99,8;104,0;32,0
2026-08-10 07:36:28;DESKTOP-22AN8KV;28,1;83,3;9,76;99,8;77,0;14,0
2026-08-10 07:36:39;DESKTOP-22AN8KV;23,6;82,8;9,71;99,8;36,0;6,0
2026-08-10 07:36:51;DESKTOP-22AN8KV;22,7;83,1;9,74;99,8;40,0;15,0
2026-08-10 07:37:02;DESKTOP-22AN8KV;25,2;82,4;9,65;99,8;35,0;7,0
2026-08-10 07:37:14;DESKTOP-22AN8KV;21,3;82,1;9,62;99,8;38,0;8,0
2026-08-10 07:37:26;DESKTOP-22AN8KV;28,6;85,3;9,99;99,8;134,0;57,0
2026-08-10 07:37:37;DESKTOP-22AN8KV;27,3;84,7;9,92;99,8;67,0;34,0
2026-08-10 07:37:49;DESKTOP-22AN8KV;25,4;84,7;9,93;99,8;52,0;19,0
2026-08-10 07:38:00;DESKTOP-22AN8KV;30,4;83,8;9,82;99,8;88,0;35,0
2026-08-10 07:38:12;DESKTOP-22AN8KV;22,8;83,5;9,79;99,8;43,0;6,0
2026-08-10 07:38:23;DESKTOP-22AN8KV;26,9;84,4;9,89;99,8;129,0;42,0
2026-08-10 07:38:35;DESKTOP-22AN8KV;30,2;84,7;9,92;99,8;65,0;37,0
2026-08-10 07:38:46;DESKTOP-22AN8KV;28,4;86,3;10,11;99,8;80,0;22,0
2026-08-10 07:38:58;DESKTOP-22AN8KV;26,2;87,0;10,19;99,8;182,0;41,0
2026-08-10 07:39:09;DESKTOP-22AN8KV;22,5;83,6;9,79;99,8;152,0;19,0
2026-08-10 07:39:21;DESKTOP-22AN8KV;24,0;83,6;9,79;99,8;124,0;27,0
2026-08-10 07:39:33;DESKTOP-22AN8KV;29,2;81,3;9,52;99,8;148,0;28,0
2026-08-10 07:39:44;DESKTOP-22AN8KV;29,0;84,4;9,89;99,8;250,0;50,0
2026-08-10 07:39:56;DESKTOP-22AN8KV;31,8;85,2;9,98;99,8;427,0;48,0
2026-08-10 07:40:07;DESKTOP-22AN8KV;18,5;83,7;9,81;99,8;107,0;10,0
2026-08-10 07:40:19;DESKTOP-22AN8KV;27,1;83,3;9,76;99,8;175,0;23,0
2026-08-10 07:40:30;DESKTOP-22AN8KV;20,1;82,8;9,7;99,8;129,0;8,0
2026-08-10 07:40:42;DESKTOP-22AN8KV;26,7;80,4;9,41;99,8;154,0;20,0
2026-08-10 07:40:53;DESKTOP-22AN8KV;24,1;79,9;9,36;99,8;146,0;23,0
2026-08-10 07:41:05;DESKTOP-22AN8KV;26,8;80,4;9,42;99,8;235,0;57,0
2026-08-10 07:41:16;DESKTOP-22AN8KV;23,5;78,9;9,25;99,8;122,0;11,0
2026-08-10 07:41:28;DESKTOP-22AN8KV;26,2;79,2;9,27;99,8;134,0;30,0
2026-08-10 07:41:39;DESKTOP-22AN8KV;27,6;79,0;9,25;99,8;157,0;9,0
2026-08-10 07:41:51;DESKTOP-22AN8KV;25,3;80,3;9,41;99,8;138,0;31,0
2026-08-10 07:42:03;DESKTOP-22AN8KV;28,0;80,2;9,39;99,8;158,0;67,0
2026-08-10 07:42:14;DESKTOP-22AN8KV;34,3;80,4;9,42;99,8;194,0;46,0
2026-08-10 07:42:26;DESKTOP-22AN8KV;26,3;79,8;9,35;99,8;138,0;15,0
2026-08-10 07:42:37;DESKTOP-22AN8KV;25,1;79,4;9,3;99,8;118,0;28,0
2026-08-10 07:42:49;DESKTOP-22AN8KV;25,7;80,3;9,41;99,8;456,0;5857,0
2026-08-10 07:43:00;DESKTOP-22AN8KV;39,6;79,8;9,35;99,8;158,0;63,0
2026-08-10 07:43:12;DESKTOP-22AN8KV;33,6;81,1;9,5;99,9;331,0;171,0
2026-08-10 07:43:23;DESKTOP-22AN8KV;30,3;79,9;9,37;99,8;218,0;39,0
2026-08-10 07:43:35;DESKTOP-22AN8KV;23,9;78,3;9,17;99,8;167,0;44,0
2026-08-10 07:43:46;DESKTOP-22AN8KV;19,6;78,4;9,18;99,8;178,0;5294,0
2026-08-10 07:43:58;DESKTOP-22AN8KV;19,5;78,6;9,21;99,8;226,0;5329,0
2026-08-10 07:44:09;DESKTOP-22AN8KV;30,2;80,0;9,38;99,8;240,0;5315,0
2026-08-10 07:44:21;DESKTOP-22AN8KV;40,3;83,3;9,76;99,8;216,0;5335,0
2026-08-10 07:44:32;DESKTOP-22AN8KV;27,7;84,3;9,87;99,8;195,0;5293,0
2026-08-10 07:44:44;DESKTOP-22AN8KV;28,3;82,7;9,69;99,8;224,0;50,0
2026-08-10 07:44:56;DESKTOP-22AN8KV;33,7;84,0;9,84;99,8;187,0;400,0
2026-08-10 07:45:07;DESKTOP-22AN8KV;46,1;88,3;10,35;99,8;431,0;5778,0
2026-08-10 07:45:19;DESKTOP-22AN8KV;29,3;87,4;10,24;99,8;2880,0;5326,0
2026-08-10 07:45:30;DESKTOP-22AN8KV;25,5;87,0;10,2;99,8;877,0;66,0
2026-08-10 07:45:42;DESKTOP-22AN8KV;26,9;86,3;10,12;99,8;113,0;63,0
2026-08-10 07:45:53;DESKTOP-22AN8KV;33,9;92,2;10,81;99,8;259,0;5307,0
2026-08-10 07:46:05;DESKTOP-22AN8KV;42,4;93,8;10,98;99,8;111,0;48,0
2026-08-10 07:46:16;DESKTOP-22AN8KV;38,0;88,1;10,32;99,8;121,0;30,0
2026-08-10 07:46:28;DESKTOP-22AN8KV;31,1;85,4;10,0;99,8;111,0;33,0
2026-08-10 07:46:39;DESKTOP-22AN8KV;18,6;84,8;9,94;99,8;149,0;24,0
2026-08-10 07:46:51;DESKTOP-22AN8KV;22,9;85,0;9,96;99,8;144,0;42,0
2026-08-10 07:47:02;DESKTOP-22AN8KV;24,9;84,7;9,92;99,8;124,0;23,0
2026-08-10 07:47:14;DESKTOP-22AN8KV;23,6;85,1;9,97;99,8;156,0;11,0
2026-08-10 07:47:26;DESKTOP-22AN8KV;24,1;85,6;10,03;99,8;122,0;20,0
2026-08-10 07:47:37;DESKTOP-22AN8KV;24,1;85,3;10,0;99,8;128,0;49,0
2026-08-10 07:47:49;DESKTOP-22AN8KV;23,4;85,5;10,01;99,8;171,0;40,0
2026-08-10 07:48:00;DESKTOP-22AN8KV;21,5;85,3;9,99;99,8;135,0;33,0
2026-08-10 07:48:12;DESKTOP-22AN8KV;21,8;84,9;9,94;99,8;129,0;23,0
2026-08-10 07:48:23;DESKTOP-22AN8KV;21,8;84,5;9,9;99,8;119,0;13,0
2026-08-10 07:48:35;DESKTOP-22AN8KV;23,2;85,0;9,96;99,8;157,0;30,0
2026-08-10 07:48:46;DESKTOP-22AN8KV;23,9;85,3;9,99;99,8;167,0;37,0
2026-08-10 07:48:58;DESKTOP-22AN8KV;18,1;86,2;10,1;99,8;268,0;31,0
2026-08-10 07:49:09;DESKTOP-22AN8KV;27,5;84,4;9,89;99,8;179,0;28,0
2026-08-10 07:49:21;DESKTOP-22AN8KV;21,9;84,5;9,9;99,8;106,0;7,0
2026-08-10 07:49:32;DESKTOP-22AN8KV;23,4;84,5;9,89;99,8;82,0;22,0
2026-08-10 07:49:44;DESKTOP-22AN8KV;25,8;85,4;10,01;99,8;134,0;5297,0
2026-08-10 07:49:55;DESKTOP-22AN8KV;29,0;85,4;10,0;99,8;75,0;73,0
2026-08-10 07:50:07;DESKTOP-22AN8KV;30,9;85,0;9,96;99,8;60,0;27,0
2026-08-10 07:50:19;DESKTOP-22AN8KV;26,1;84,8;9,93;99,8;50,0;18,0
2026-08-10 07:50:30;DESKTOP-22AN8KV;27,3;84,8;9,94;99,8;88,0;8,0
2026-08-10 07:50:42;DESKTOP-22AN8KV;30,9;85,4;10,0;99,8;149,0;5291,0
2026-08-10 07:50:53;DESKTOP-22AN8KV;26,3;85,4;10,0;99,8;134,0;5364,0
2026-08-10 07:51:05;DESKTOP-22AN8KV;21,6;84,7;9,93;99,8;133,0;5361,0
2026-08-10 07:51:15;DESKTOP-22AN8KV;23,9;85,1;9,97;99,8;55,0;26,0
2026-08-10 07:51:25;DESKTOP-22AN8KV;37,0;89,1;10,44;99,8;277,0;132,0
2026-08-10 07:51:35;DESKTOP-22AN8KV;31,6;91,7;10,74;99,8;5023,0;575,0
2026-08-10 07:51:45;DESKTOP-22AN8KV;29,5;88,8;10,4;99,8;109,0;132,0
2026-08-10 07:51:55;DESKTOP-22AN8KV;28,5;85,8;10,05;99,8;279,0;6082,0
2026-08-10 07:52:05;DESKTOP-22AN8KV;23,3;85,6;10,02;99,8;187,0;121,0
2026-08-10 07:52:15;DESKTOP-22AN8KV;24,0;84,7;9,93;99,8;117,0;13,0
2026-08-10 07:52:25;DESKTOP-22AN8KV;22,7;86,1;10,09;99,8;283,0;34,0
2026-08-10 07:52:35;DESKTOP-22AN8KV;18,8;85,8;10,05;99,8;143,0;27,0
2026-08-10 07:52:45;DESKTOP-22AN8KV;25,3;86,0;10,07;99,8;124,0;12,0
2026-08-10 07:52:55;DESKTOP-22AN8KV;17,8;85,8;10,05;99,8;91,0;26,0
2026-08-10 07:53:05;DESKTOP-22AN8KV;18,4;85,7;10,04;99,8;46,0;22,0
2026-08-10 07:53:15;DESKTOP-22AN8KV;19,0;85,2;9,98;99,8;44,0;42,0
2026-08-10 07:53:25;DESKTOP-22AN8KV;22,8;88,9;10,42;99,8;333,0;53,0
2026-08-10 07:53:35;DESKTOP-22AN8KV;27,6;85,4;10,01;99,8;168,0;567,0
2026-08-10 07:53:45;DESKTOP-22AN8KV;15,9;84,1;9,85;99,8;42,0;9,0
2026-08-10 07:53:55;DESKTOP-22AN8KV;16,0;83,6;9,8;99,8;43,0;9,0
2026-08-10 07:54:05;DESKTOP-22AN8KV;19,7;83,7;9,8;99,8;97,0;27,0
2026-08-10 07:54:15;DESKTOP-22AN8KV;14,4;83,7;9,8;99,8;31,0;3,0
2026-08-10 07:54:25;DESKTOP-22AN8KV;23,8;85,0;9,95;99,8;108,0;59,0
2026-08-10 07:54:35;DESKTOP-22AN8KV;17,3;84,8;9,93;99,8;51,0;30,0
2026-08-10 07:54:45;DESKTOP-22AN8KV;15,3;85,1;9,97;99,8;59,0;12,0
2026-08-10 07:54:55;DESKTOP-22AN8KV;19,8;85,4;10,01;99,8;45,0;14,0
2026-08-10 07:55:05;DESKTOP-22AN8KV;20,0;84,8;9,93;99,8;32,0;25,0
2026-08-10 07:55:15;DESKTOP-22AN8KV;18,8;84,5;9,9;99,8;32,0;14,0
2026-08-10 07:55:25;DESKTOP-22AN8KV;19,7;85,1;9,97;99,8;95,0;19,0
2026-08-10 07:55:35;DESKTOP-22AN8KV;23,5;87,6;10,26;99,8;305,0;182,0
2026-08-10 07:55:45;DESKTOP-22AN8KV;21,3;87,8;10,29;99,8;51,0;459,0
2026-08-10 07:55:55;DESKTOP-22AN8KV;25,1;87,5;10,25;99,8;61,0;163,0
2026-08-10 07:56:05;DESKTOP-22AN8KV;23,4;87,6;10,26;99,8;74,0;192,0
2026-08-10 07:56:15;DESKTOP-22AN8KV;25,6;87,7;10,28;99,8;125,0;581,0
2026-08-10 07:56:26;DESKTOP-22AN8KV;15,7;87,0;10,19;99,8;139,0;102,0
2026-08-10 07:56:36;DESKTOP-22AN8KV;17,7;86,8;10,17;99,8;49,0;62,0
2026-08-10 07:56:46;DESKTOP-22AN8KV;16,4;86,6;10,15;99,8;45,0;41,0
2026-08-10 07:56:56;DESKTOP-22AN8KV;16,2;86,2;10,09;99,8;45,0;24,0
2026-08-10 07:57:06;DESKTOP-22AN8KV;16,9;86,1;10,09;99,8;49,0;20,0
2026-08-10 07:57:16;DESKTOP-22AN8KV;15,4;85,8;10,05;99,8;43,0;20,0
2026-08-10 07:57:26;DESKTOP-22AN8KV;30,0;90,7;10,62;99,8;252,0;483,0
2026-08-10 07:57:36;DESKTOP-22AN8KV;22,0;88,2;10,34;99,8;124,0;349,0
2026-08-10 07:57:46;DESKTOP-22AN8KV;20,5;87,8;10,29;99,8;53,0;56,0
2026-08-10 07:57:56;DESKTOP-22AN8KV;16,3;86,1;10,08;99,8;45,0;7,0
2026-08-10 07:58:06;DESKTOP-22AN8KV;19,2;86,9;10,18;99,8;36,0;53,0
2026-08-10 07:58:16;DESKTOP-22AN8KV;26,8;87,4;10,24;99,8;81,0;262,0
2026-08-10 07:58:26;DESKTOP-22AN8KV;19,9;86,9;10,18;99,8;101,0;63,0
2026-08-10 07:58:36;DESKTOP-22AN8KV;17,8;85,1;9,97;99,8;34,0;30,0
2026-08-10 07:58:46;DESKTOP-22AN8KV;17,5;85,0;9,95;99,8;41,0;10,0
2026-08-10 07:58:56;DESKTOP-22AN8KV;14,9;84,9;9,95;99,8;46,0;21,0
2026-08-10 07:59:06;DESKTOP-22AN8KV;16,8;84,8;9,94;99,8;48,0;15,0
2026-08-10 07:59:16;DESKTOP-22AN8KV;15,6;84,9;9,95;99,8;56,0;13,0
2026-08-10 07:59:26;DESKTOP-22AN8KV;16,9;85,0;9,95;99,8;89,0;9,0
2026-08-10 07:59:36;DESKTOP-22AN8KV;17,2;84,8;9,94;99,8;54,0;6,0
2026-08-10 07:59:46;DESKTOP-22AN8KV;18,1;84,9;9,95;99,8;56,0;19,0
2026-08-10 07:59:56;DESKTOP-22AN8KV;18,8;85,2;9,98;99,8;45,0;17,0
2026-08-10 08:00:06;DESKTOP-22AN8KV;17,2;86,1;10,08;99,8;55,0;25,0
2026-08-10 08:00:16;DESKTOP-22AN8KV;16,5;85,6;10,03;99,8;39,0;6,0
2026-08-10 08:00:26;DESKTOP-22AN8KV;12,4;85,6;10,02;99,8;102,0;16,0
2026-08-10 08:00:36;DESKTOP-22AN8KV;16,7;85,5;10,02;99,8;43,0;8,0
2026-08-10 08:00:46;DESKTOP-22AN8KV;15,4;85,2;9,99;99,8;32,0;6,0
2026-08-10 08:00:56;DESKTOP-22AN8KV;37,4;87,0;10,2;99,8;247,0;33,0
2026-08-10 08:01:06;DESKTOP-22AN8KV;26,0;87,0;10,19;99,8;182,0;27,0
2026-08-10 08:01:16;DESKTOP-22AN8KV;23,9;87,4;10,24;99,8;135,0;14,0
2026-08-10 08:01:26;DESKTOP-22AN8KV;24,4;88,1;10,32;99,8;170,0;21,0
2026-08-10 08:01:36;DESKTOP-22AN8KV;22,5;87,0;10,19;99,8;131,0;20,0
2026-08-10 08:01:46;DESKTOP-22AN8KV;21,0;86,7;10,16;99,8;137,0;23,0
2026-08-10 08:01:56;DESKTOP-22AN8KV;18,9;86,0;10,08;99,8;321,0;17,0
2026-08-10 08:02:06;DESKTOP-22AN8KV;16,9;86,0;10,08;99,8;207,0;32,0
2026-08-10 08:02:16;DESKTOP-22AN8KV;17,9;85,9;10,06;99,8;111,0;9,0
2026-08-10 08:02:27;DESKTOP-22AN8KV;29,1;87,5;10,25;99,8;73,0;13,0
2026-08-10 08:02:37;DESKTOP-22AN8KV;24,7;87,3;10,23;99,8;35,0;13,0
2026-08-10 08:02:47;DESKTOP-22AN8KV;19,3;87,3;10,23;99,8;33,0;3,0
2026-08-10 08:02:57;DESKTOP-22AN8KV;19,4;86,7;10,15;99,8;115,0;38,0
2026-08-10 08:03:07;DESKTOP-22AN8KV;17,1;86,5;10,14;99,8;55,0;22,0
2026-08-10 08:03:17;DESKTOP-22AN8KV;14,8;86,7;10,15;99,8;44,0;5,0
2026-08-10 08:03:27;DESKTOP-22AN8KV;19,9;86,9;10,18;99,8;80,0;16,0
2026-08-10 08:03:37;DESKTOP-22AN8KV;22,1;85,5;10,02;99,8;36,0;6,0
2026-08-10 08:03:47;DESKTOP-22AN8KV;16,3;85,1;9,97;99,8;30,0;3,0
2026-08-10 08:03:57;DESKTOP-22AN8KV;18,8;85,0;9,96;99,8;48,0;28,0
2026-08-10 08:04:07;DESKTOP-22AN8KV;15,7;84,9;9,94;99,8;36,0;7,0
2026-08-10 08:04:17;DESKTOP-22AN8KV;16,8;85,9;10,07;99,8;54,0;17,0
2026-08-10 08:04:27;DESKTOP-22AN8KV;16,9;87,6;10,26;99,8;93,0;15,0
2026-08-10 08:04:37;DESKTOP-22AN8KV;20,3;88,0;10,31;99,8;48,0;29,0
2026-08-10 08:04:47;DESKTOP-22AN8KV;20,6;86,5;10,13;99,8;55,0;25,0
2026-08-10 08:04:57;DESKTOP-22AN8KV;12,5;86,2;10,1;99,8;320,0;12,0
2026-08-10 08:05:07;DESKTOP-22AN8KV;24,4;87,6;10,26;99,8;47,0;24,0
2026-08-10 08:05:17;DESKTOP-22AN8KV;22,6;86,2;10,1;99,8;44,0;25,0
2026-08-10 08:05:27;DESKTOP-22AN8KV;26,3;86,4;10,12;99,8;89,0;4,0
2026-08-10 08:05:37;DESKTOP-22AN8KV;21,9;86,0;10,07;99,8;30,0;5,0
2026-08-10 08:05:47;DESKTOP-22AN8KV;24,0;86,5;10,13;99,8;50,0;27,0
2026-08-10 08:05:57;DESKTOP-22AN8KV;21,8;86,1;10,09;99,8;344,0;26,0
2026-08-10 08:06:07;DESKTOP-22AN8KV;26,5;86,0;10,08;99,8;43,0;6,0
2026-08-10 08:06:17;DESKTOP-22AN8KV;24,2;86,1;10,09;99,8;51,0;22,0
2026-08-10 08:06:27;DESKTOP-22AN8KV;24,4;85,8;10,05;99,8;97,0;18,0
2026-08-10 08:06:37;DESKTOP-22AN8KV;24,6;85,8;10,06;99,8;44,0;6,0
2026-08-10 08:06:47;DESKTOP-22AN8KV;20,6;85,9;10,06;99,8;47,0;15,0
2026-08-10 08:06:57;DESKTOP-22AN8KV;26,3;85,4;10,01;99,8;60,0;22,0
2026-08-10 08:07:07;DESKTOP-22AN8KV;21,9;85,4;10,01;99,8;35,0;6,0
2026-08-10 08:07:17;DESKTOP-22AN8KV;19,7;85,9;10,06;99,8;119,0;6091,0
2026-08-10 08:07:27;DESKTOP-22AN8KV;26,3;86,4;10,12;99,8;94,0;55,0
2026-08-10 08:07:37;DESKTOP-22AN8KV;29,2;86,2;10,09;99,8;72,0;45,0
2026-08-10 08:07:47;DESKTOP-22AN8KV;27,0;85,8;10,06;99,8;58,0;6,0
2026-08-10 08:07:57;DESKTOP-22AN8KV;32,2;85,7;10,04;99,8;129,0;49,0
2026-08-10 08:08:07;DESKTOP-22AN8KV;30,4;86,3;10,1;99,8;269,0;6169,0
2026-08-10 08:08:17;DESKTOP-22AN8KV;22,1;85,9;10,06;99,8;65,0;84,0
2026-08-10 08:08:27;DESKTOP-22AN8KV;27,7;86,1;10,08;99,8;87,0;27,0
2026-08-10 08:08:37;DESKTOP-22AN8KV;25,3;85,5;10,02;99,8;34,0;7,0
2026-08-10 08:08:47;DESKTOP-22AN8KV;25,3;85,1;9,97;99,8;45,0;10,0
2026-08-10 08:08:58;DESKTOP-22AN8KV;24,5;85,3;9,99;99,8;61,0;22,0
2026-08-10 08:09:08;DESKTOP-22AN8KV;25,4;85,1;9,97;99,8;44,0;10,0
2026-08-10 08:09:18;DESKTOP-22AN8KV;22,3;85,0;9,96;99,8;58,0;9,0
2026-08-10 08:09:28;DESKTOP-22AN8KV;25,6;85,4;10,0;99,8;93,0;17,0
2026-08-10 08:09:38;DESKTOP-22AN8KV;23,5;85,2;9,98;99,8;51,0;17,0
2026-08-10 08:09:48;DESKTOP-22AN8KV;22,3;85,9;10,07;99,8;62,0;46,0
2026-08-10 08:09:58;DESKTOP-22AN8KV;24,9;86,1;10,09;99,8;93,0;6094,0
2026-08-10 08:10:08;DESKTOP-22AN8KV;32,9;87,4;10,24;99,8;233,0;6277,0
2026-08-10 08:10:18;DESKTOP-22AN8KV;30,7;86,9;10,18;99,8;115,0;6190,0
2026-08-10 08:10:28;DESKTOP-22AN8KV;29,0;86,7;10,16;99,8;117,0;93,0
2026-08-10 08:10:38;DESKTOP-22AN8KV;26,3;86,2;10,1;99,8;75,0;6122,0
2026-08-10 08:10:48;DESKTOP-22AN8KV;25,0;86,3;10,11;99,8;44,0;84,0
2026-08-10 08:10:58;DESKTOP-22AN8KV;26,2;86,2;10,1;99,8;357,0;6138,0
2026-08-10 08:11:08;DESKTOP-22AN8KV;29,6;86,3;10,11;99,8;133,0;6241,0
2026-08-10 08:11:18;DESKTOP-22AN8KV;24,9;86,3;10,11;99,8;64,0;129,0
2026-08-10 08:11:33;DESKTOP-22AN8KV;0,0;86,9;10,18;99,8;0,0;0,0
2026-08-10 08:11:43;DESKTOP-22AN8KV;26,1;87,7;10,27;99,8;87,0;3747,0
2026-08-10 08:11:53;DESKTOP-22AN8KV;32,7;86,7;10,16;99,8;122,0;5330,0
2026-08-10 08:12:03;DESKTOP-22AN8KV;28,8;86,2;10,1;99,8;63,0;363,0
2026-08-10 08:12:13;DESKTOP-22AN8KV;26,2;86,4;10,12;99,8;108,0;78,0
2026-08-10 08:12:23;DESKTOP-22AN8KV;29,4;86,7;10,16;99,8;173,0;6111,0
2026-08-10 08:12:33;DESKTOP-22AN8KV;30,1;86,4;10,12;99,8;52,0;61,0
2026-08-10 08:12:43;DESKTOP-22AN8KV;33,2;87,9;10,29;99,8;114,0;43,0
2026-08-10 08:12:53;DESKTOP-22AN8KV;25,9;87,6;10,26;99,8;81,0;9,0
2026-08-10 08:13:03;DESKTOP-22AN8KV;26,9;88,6;10,37;99,8;146,0;6256,0
2026-08-10 08:13:13;DESKTOP-22AN8KV;27,3;87,7;10,27;99,8;100,0;198,0
2026-08-10 08:13:23;DESKTOP-22AN8KV;29,4;85,8;10,05;99,8;137,0;44,0
2026-08-10 08:13:33;DESKTOP-22AN8KV;29,4;85,8;10,05;99,8;38,0;4,0
2026-08-10 08:13:43;DESKTOP-22AN8KV;36,8;84,9;9,94;99,8;26,0;17,0
2026-08-10 08:13:53;DESKTOP-22AN8KV;26,9;84,7;9,93;99,8;38,0;3,0
2026-08-10 08:14:03;DESKTOP-22AN8KV;26,2;83,3;9,75;99,8;37,0;14,0
2026-08-10 08:14:13;DESKTOP-22AN8KV;22,2;83,3;9,76;99,8;43,0;19,0
2026-08-10 08:14:23;DESKTOP-22AN8KV;24,4;84,4;9,89;99,8;105,0;30,0
2026-08-10 08:14:33;DESKTOP-22AN8KV;23,9;84,1;9,85;99,8;32,0;3,0
2026-08-10 08:14:43;DESKTOP-22AN8KV;23,7;84,1;9,85;99,8;65,0;23,0
2026-08-10 08:14:53;DESKTOP-22AN8KV;23,4;83,6;9,79;99,8;63,0;11,0
2026-08-10 08:15:03;DESKTOP-22AN8KV;31,1;87,2;10,22;99,8;106,0;46,0
2026-08-10 08:15:13;DESKTOP-22AN8KV;23,6;88,6;10,38;99,8;42,0;2,0
2026-08-10 08:15:23;DESKTOP-22AN8KV;22,6;88,4;10,36;99,8;90,0;6,0
2026-08-10 08:15:33;DESKTOP-22AN8KV;26,6;84,1;9,85;99,8;57,0;6,0
2026-08-10 08:15:43;DESKTOP-22AN8KV;18,7;85,0;9,96;99,8;53,0;22,0
2026-08-10 08:15:53;DESKTOP-22AN8KV;23,4;86,2;10,1;99,8;82,0;29,0
2026-08-10 08:16:03;DESKTOP-22AN8KV;21,1;84,9;9,95;99,8;52,0;36,0
2026-08-10 08:16:13;DESKTOP-22AN8KV;19,1;86,0;10,08;99,8;80,0;32,0
2026-08-10 08:16:23;DESKTOP-22AN8KV;26,7;84,4;9,89;99,8;125,0;35,0
2026-08-10 08:16:33;DESKTOP-22AN8KV;26,7;84,2;9,86;99,8;60,0;40,0
2026-08-10 08:16:43;DESKTOP-22AN8KV;29,4;90,5;10,6;99,8;380,0;48,0
2026-08-10 08:16:53;DESKTOP-22AN8KV;24,6;86,7;10,16;99,8;72,0;10,0
2026-08-10 08:17:04;DESKTOP-22AN8KV;28,3;86,2;10,1;99,8;100,0;53,0
2026-08-10 08:17:14;DESKTOP-22AN8KV;26,3;85,4;10,01;99,8;77,0;19,0
2026-08-10 08:17:24;DESKTOP-22AN8KV;25,9;84,9;9,95;99,8;103,0;23,0
2026-08-10 08:17:34;DESKTOP-22AN8KV;21,0;84,9;9,95;99,8;50,0;4,0
2026-08-10 08:17:44;DESKTOP-22AN8KV;25,2;84,9;9,94;99,8;344,0;21,0
2026-08-10 08:17:54;DESKTOP-22AN8KV;21,8;83,3;9,76;99,8;62,0;10,0
2026-08-10 08:18:04;DESKTOP-22AN8KV;26,2;83,5;9,79;99,8;51,0;7,0
2026-08-10 08:18:14;DESKTOP-22AN8KV;38,3;85,6;10,03;99,8;295,0;79,0
2026-08-10 08:18:24;DESKTOP-22AN8KV;30,8;85,8;10,05;99,8;280,0;18,0
2026-08-10 08:18:34;DESKTOP-22AN8KV;28,4;85,2;9,98;99,8;38,0;21,0
2026-08-10 08:18:44;DESKTOP-22AN8KV;33,7;82,8;9,7;99,8;92,0;3411,0
2026-08-10 08:18:54;DESKTOP-22AN8KV;22,6;81,9;9,59;99,8;106,0;2846,0
2026-08-10 08:19:04;DESKTOP-22AN8KV;25,2;81,4;9,54;99,8;80,0;43,0
2026-08-10 08:19:14;DESKTOP-22AN8KV;21,9;81,1;9,5;99,8;96,0;56,0
2026-08-10 08:19:24;DESKTOP-22AN8KV;14,7;80,7;9,45;99,8;92,0;6,0
2026-08-10 08:19:34;DESKTOP-22AN8KV;23,6;80,6;9,44;99,8;57,0;34,0
2026-08-10 08:19:44;DESKTOP-22AN8KV;28,2;81,7;9,57;99,8;143,0;62,0
2026-08-10 08:19:54;DESKTOP-22AN8KV;31,6;83,8;9,81;99,8;783,0;254,0
2026-08-10 08:20:04;DESKTOP-22AN8KV;26,1;87,0;10,19;99,8;1913,0;210,0
2026-08-10 08:20:14;DESKTOP-22AN8KV;27,1;87,6;10,26;99,8;607,0;49,0
2026-08-10 08:20:24;DESKTOP-22AN8KV;25,5;86,3;10,11;99,8;857,0;70,0
2026-08-10 08:20:34;DESKTOP-22AN8KV;21,5;86,6;10,15;99,8;217,0;6211,0
2026-08-10 08:20:44;DESKTOP-22AN8KV;26,1;85,4;10,0;99,8;118,0;89,0
2026-08-10 08:20:54;DESKTOP-22AN8KV;30,3;84,3;9,87;99,8;300,0;12559,0
2026-08-10 08:21:04;DESKTOP-22AN8KV;28,4;84,0;9,84;99,8;54,0;41,0
2026-08-10 08:21:22;DESKTOP-22AN8KV;0,0;83,2;9,75;99,8;0,0;0,0
2026-08-10 08:21:32;DESKTOP-22AN8KV;31,9;84,8;9,94;99,8;158,0;4654,0
2026-08-10 08:21:42;DESKTOP-22AN8KV;24,9;84,6;9,91;99,8;147,0;6202,0
2026-08-10 08:21:52;DESKTOP-22AN8KV;20,1;84,1;9,86;99,8;72,0;370,0
2026-08-10 08:22:02;DESKTOP-22AN8KV;24,7;83,7;9,8;99,8;97,0;94,0
2026-08-10 08:22:12;DESKTOP-22AN8KV;23,4;85,4;10,01;99,8;104,0;49,0
2026-08-10 08:22:22;DESKTOP-22AN8KV;21,5;85,4;10,01;99,8;305,0;6269,0
2026-08-10 08:22:32;DESKTOP-22AN8KV;23,4;84,6;9,91;99,8;81,0;104,0
2026-08-10 08:22:42;DESKTOP-22AN8KV;22,8;84,5;9,9;99,8;324,0;12,0
2026-08-10 08:22:52;DESKTOP-22AN8KV;17,8;84,9;9,94;99,8;37,0;12,0
2026-08-10 08:23:02;DESKTOP-22AN8KV;29,0;87,5;10,26;99,8;448,0;110,0
2026-08-10 08:23:12;DESKTOP-22AN8KV;30,4;85,6;10,03;99,8;169,0;70,0
2026-08-10 08:23:22;DESKTOP-22AN8KV;23,4;84,5;9,9;99,8;134,0;44,0
2026-08-10 08:23:32;DESKTOP-22AN8KV;22,3;83,9;9,83;99,8;197,0;6204,0
2026-08-10 08:23:42;DESKTOP-22AN8KV;27,9;82,8;9,69;99,8;132,0;75,0
2026-08-10 08:23:52;DESKTOP-22AN8KV;28,3;82,2;9,63;99,8;104,0;6,0
2026-08-10 08:24:02;DESKTOP-22AN8KV;28,9;82,8;9,7;99,8;133,0;54,0
2026-08-10 08:24:12;DESKTOP-22AN8KV;28,0;83,3;9,76;99,8;78,0;44,0
2026-08-10 08:24:23;DESKTOP-22AN8KV;23,1;83,9;9,83;99,8;138,0;11,0
2026-08-10 08:24:33;DESKTOP-22AN8KV;26,8;83,9;9,83;99,8;55,0;98,0
2026-08-10 08:24:43;DESKTOP-22AN8KV;31,3;83,3;9,76;99,8;38,0;32,0
2026-08-10 08:24:53;DESKTOP-22AN8KV;32,9;87,7;10,27;99,8;43,0;15,0
2026-08-10 08:25:03;DESKTOP-22AN8KV;28,0;84,9;9,95;99,8;255,0;6221,0
2026-08-10 08:25:13;DESKTOP-22AN8KV;31,9;85,5;10,02;99,8;148,0;237,0
2026-08-10 08:25:24;DESKTOP-22AN8KV;25,1;84,2;9,86;99,8;226,0;5471,0
2026-08-10 08:25:36;DESKTOP-22AN8KV;14,8;82,9;9,71;99,8;121,0;23,0
2026-08-10 08:25:47;DESKTOP-22AN8KV;17,1;84,2;9,87;99,8;113,0;9,0
2026-08-10 08:25:59;DESKTOP-22AN8KV;28,7;83,5;9,78;99,8;227,0;5434,0
2026-08-10 08:26:09;DESKTOP-22AN8KV;29,9;84,3;9,88;99,8;616,0;6294,0
2026-08-10 08:26:19;DESKTOP-22AN8KV;19,8;84,6;9,92;99,8;484,0;1392,0
2026-08-10 08:26:29;DESKTOP-22AN8KV;23,6;83,9;9,83;99,8;244,0;5649,0
2026-08-10 08:26:39;DESKTOP-22AN8KV;17,2;83,3;9,76;99,8;119,0;33,0
2026-08-10 08:26:49;DESKTOP-22AN8KV;28,2;83,8;9,82;99,8;115,0;39,0
2026-08-10 08:26:59;DESKTOP-22AN8KV;22,7;83,7;9,81;99,8;128,0;692,0
2026-08-10 08:27:09;DESKTOP-22AN8KV;29,5;83,2;9,75;99,8;197,0;5577,0
2026-08-10 08:27:19;DESKTOP-22AN8KV;27,2;82,8;9,7;99,8;134,0;171,0
2026-08-10 08:27:29;DESKTOP-22AN8KV;24,4;83,2;9,75;99,8;195,0;6363,0
2026-08-10 08:27:39;DESKTOP-22AN8KV;24,5;82,9;9,71;99,8;48,0;42,0
2026-08-10 08:27:49;DESKTOP-22AN8KV;21,8;82,7;9,69;99,8;109,0;40,0
2026-08-10 08:27:59;DESKTOP-22AN8KV;24,3;83,9;9,82;99,8;182,0;67,0
2026-08-10 08:28:09;DESKTOP-22AN8KV;21,7;84,6;9,91;99,8;148,0;30,0
2026-08-10 08:28:19;DESKTOP-22AN8KV;27,2;83,6;9,79;99,8;124,0;25,0
2026-08-10 08:28:29;DESKTOP-22AN8KV;28,2;83,3;9,75;99,8;122,0;41,0
2026-08-10 08:28:39;DESKTOP-22AN8KV;21,8;83,6;9,8;99,8;126,0;40,0
2026-08-10 08:28:49;DESKTOP-22AN8KV;26,3;81,9;9,59;99,8;122,0;38,0
2026-08-10 08:28:59;DESKTOP-22AN8KV;27,3;83,7;9,81;99,8;470,0;6259,0
2026-08-10 08:29:09;DESKTOP-22AN8KV;22,1;83,7;9,81;99,8;69,0;70,0
2026-08-10 08:29:19;DESKTOP-22AN8KV;24,7;84,2;9,87;99,8;136,0;26,0
2026-08-10 08:29:29;DESKTOP-22AN8KV;15,3;82,9;9,71;99,8;130,0;31,0
2026-08-10 08:29:39;DESKTOP-22AN8KV;17,8;83,4;9,77;99,8;141,0;48,0
2026-08-10 08:29:49;DESKTOP-22AN8KV;28,0;82,2;9,63;99,8;133,0;217,0
2026-08-10 08:30:00;DESKTOP-22AN8KV;25,0;82,6;9,67;99,8;416,0;148,0
2026-08-10 08:30:10;DESKTOP-22AN8KV;22,0;82,5;9,67;99,8;134,0;104,0
2026-08-10 08:30:20;DESKTOP-22AN8KV;19,1;82,2;9,63;99,8;175,0;82,0
2026-08-10 08:30:30;DESKTOP-22AN8KV;24,1;82,3;9,64;99,8;149,0;15,0
2026-08-10 08:30:40;DESKTOP-22AN8KV;20,1;82,3;9,64;99,8;95,0;36,0
2026-08-10 08:30:50;DESKTOP-22AN8KV;21,9;82,2;9,63;99,8;52,0;16,0
2026-08-10 08:31:00;DESKTOP-22AN8KV;19,6;81,9;9,6;99,8;49,0;7,0
2026-08-10 08:31:10;DESKTOP-22AN8KV;31,3;83,4;9,77;99,8;116,0;26,0
2026-08-10 08:31:20;DESKTOP-22AN8KV;22,1;82,4;9,65;99,8;81,0;40,0
2026-08-10 08:31:30;DESKTOP-22AN8KV;19,7;82,3;9,65;99,8;85,0;6,0
2026-08-10 08:31:40;DESKTOP-22AN8KV;19,7;81,9;9,6;99,8;27,0;5,0
2026-08-10 08:31:50;DESKTOP-22AN8KV;22,9;81,8;9,58;99,8;36,0;17,0
2026-08-10 08:32:00;DESKTOP-22AN8KV;19,9;81,4;9,54;99,8;42,0;8,0
2026-08-10 08:32:10;DESKTOP-22AN8KV;18,5;81,3;9,52;99,8;31,0;3,0
2026-08-10 08:32:20;DESKTOP-22AN8KV;20,9;81,9;9,6;99,8;34,0;17,0
2026-08-10 08:32:30;DESKTOP-22AN8KV;30,5;80,8;9,47;99,8;343,0;96,0
2026-08-10 08:32:40;DESKTOP-22AN8KV;15,9;80,3;9,4;99,8;142,0;14,0
2026-08-10 08:32:50;DESKTOP-22AN8KV;23,8;80,5;9,43;99,8;134,0;36,0
2026-08-10 08:33:00;DESKTOP-22AN8KV;20,8;79,7;9,34;99,8;126,0;6,0
2026-08-10 08:33:10;DESKTOP-22AN8KV;20,4;79,2;9,27;99,8;160,0;4,0
2026-08-10 08:33:20;DESKTOP-22AN8KV;21,1;79,2;9,28;99,8;130,0;29,0
2026-08-10 08:33:30;DESKTOP-22AN8KV;19,5;79,2;9,28;99,8;186,0;26,0
2026-08-10 08:33:40;DESKTOP-22AN8KV;21,8;79,2;9,28;99,8;113,0;4,0
2026-08-10 08:33:50;DESKTOP-22AN8KV;22,5;78,7;9,22;99,8;75,0;18,0
2026-08-10 08:34:00;DESKTOP-22AN8KV;20,9;78,7;9,22;99,8;42,0;6,0
2026-08-10 08:34:10;DESKTOP-22AN8KV;19,1;78,7;9,22;99,8;62,0;5,0
2026-08-10 08:34:20;DESKTOP-22AN8KV;20,3;78,5;9,2;99,8;54,0;16,0
2026-08-10 08:34:30;DESKTOP-22AN8KV;27,1;80,7;9,45;99,8;200,0;43,0
2026-08-10 08:34:40;DESKTOP-22AN8KV;21,0;81,0;9,49;99,8;146,0;29,0
2026-08-10 08:34:50;DESKTOP-22AN8KV;20,9;81,7;9,57;99,8;182,0;44,0
2026-08-10 08:35:00;DESKTOP-22AN8KV;21,7;81,0;9,49;99,8;170,0;36,0
2026-08-10 08:35:10;DESKTOP-22AN8KV;21,7;81,0;9,49;99,8;128,0;5,0
2026-08-10 08:35:20;DESKTOP-22AN8KV;23,8;81,3;9,53;99,8;128,0;23,0
2026-08-10 08:35:30;DESKTOP-22AN8KV;22,4;81,2;9,51;99,8;171,0;17,0
2026-08-10 08:35:41;DESKTOP-22AN8KV;22,4;82,0;9,61;99,8;78,0;36,0
2026-08-10 08:35:51;DESKTOP-22AN8KV;20,8;80,8;9,47;99,8;31,0;20,0
2026-08-10 08:36:01;DESKTOP-22AN8KV;23,1;81,8;9,58;99,8;58,0;24,0
2026-08-10 08:36:11;DESKTOP-22AN8KV;22,2;81,0;9,48;99,8;96,0;104,0
2026-08-10 08:36:21;DESKTOP-22AN8KV;19,9;81,1;9,49;99,8;82,0;10,0
2026-08-10 08:36:31;DESKTOP-22AN8KV;20,5;81,1;9,5;99,8;55,0;16,0
2026-08-10 08:36:41;DESKTOP-22AN8KV;21,7;80,9;9,48;99,8;57,0;18,0
2026-08-10 08:36:51;DESKTOP-22AN8KV;21,2;80,3;9,41;99,8;44,0;21,0
2026-08-10 08:37:01;DESKTOP-22AN8KV;19,1;80,4;9,42;99,8;44,0;18,0
2026-08-10 08:37:11;DESKTOP-22AN8KV;18,9;80,5;9,43;99,8;56,0;9,0
2026-08-10 08:37:21;DESKTOP-22AN8KV;21,3;80,5;9,43;99,8;106,0;24,0
2026-08-10 08:37:31;DESKTOP-22AN8KV;23,3;81,4;9,53;99,8;59,0;14,0
2026-08-10 08:37:41;DESKTOP-22AN8KV;25,5;82,9;9,71;99,8;101,0;77,0
2026-08-10 08:37:51;DESKTOP-22AN8KV;20,6;81,5;9,55;99,8;36,0;2,0
2026-08-10 08:38:01;DESKTOP-22AN8KV;22,3;81,6;9,55;99,8;65,0;23,0
2026-08-10 08:38:11;DESKTOP-22AN8KV;22,7;81,4;9,53;99,8;62,0;24,0
2026-08-10 08:38:21;DESKTOP-22AN8KV;21,8;81,4;9,54;99,8;104,0;15,0
2026-08-10 08:38:31;DESKTOP-22AN8KV;20,6;81,6;9,56;99,8;109,0;29,0
2026-08-10 08:38:41;DESKTOP-22AN8KV;23,0;82,2;9,63;99,8;216,0;48,0
2026-08-10 08:38:51;DESKTOP-22AN8KV;16,4;81,9;9,6;99,8;34,0;6,0
2026-08-10 08:39:01;DESKTOP-22AN8KV;18,9;83,6;9,79;99,8;3217,0;86,0
2026-08-10 08:39:11;DESKTOP-22AN8KV;9,1;82,9;9,72;99,8;39,0;4,0
2026-08-10 08:39:21;DESKTOP-22AN8KV;10,3;82,7;9,68;99,8;66,0;11,0
2026-08-10 08:39:31;DESKTOP-22AN8KV;9,5;82,1;9,61;99,8;46,0;10,0
2026-08-10 08:39:41;DESKTOP-22AN8KV;9,4;81,9;9,59;99,8;33,0;16,0
2026-08-10 08:39:51;DESKTOP-22AN8KV;10,4;82,0;9,61;99,8;35,0;2,0
2026-08-10 08:40:01;DESKTOP-22AN8KV;15,8;82,7;9,68;99,8;52,0;18,0
2026-08-10 08:40:11;DESKTOP-22AN8KV;11,6;82,7;9,69;99,8;42,0;13,0
2026-08-10 08:40:21;DESKTOP-22AN8KV;15,7;83,0;9,72;99,8;73,0;6,0
2026-08-10 08:40:31;DESKTOP-22AN8KV;15,7;82,3;9,64;99,8;34,0;3,0
2026-08-10 08:40:42;DESKTOP-22AN8KV;11,9;82,2;9,63;99,8;34,0;9,0
2026-08-10 08:40:52;DESKTOP-22AN8KV;8,5;82,2;9,63;99,8;58,0;10,0
2026-08-10 08:41:02;DESKTOP-22AN8KV;18,6;82,6;9,67;99,8;38,0;5,0
2026-08-10 08:41:12;DESKTOP-22AN8KV;22,3;82,5;9,66;99,8;62,0;35,0
2026-08-10 08:41:22;DESKTOP-22AN8KV;25,0;82,3;9,65;99,8;106,0;31,0
2026-08-10 08:41:32;DESKTOP-22AN8KV;19,5;81,8;9,58;99,8;38,0;22,0
2026-08-10 08:41:42;DESKTOP-22AN8KV;20,3;82,8;9,7;99,8;42,0;21,0
2026-08-10 08:41:52;DESKTOP-22AN8KV;13,0;81,7;9,57;99,8;50,0;12,0
2026-08-10 08:42:02;DESKTOP-22AN8KV;24,5;82,9;9,71;99,8;51,0;28,0
2026-08-10 08:42:12;DESKTOP-22AN8KV;19,2;81,6;9,56;99,8;36,0;11,0
2026-08-10 08:42:22;DESKTOP-22AN8KV;21,1;81,3;9,52;99,8;74,0;14,0
2026-08-10 08:42:32;DESKTOP-22AN8KV;21,1;81,3;9,53;99,8;75,0;21,0
2026-08-10 08:42:42;DESKTOP-22AN8KV;19,3;81,2;9,52;99,8;40,0;2,0
2026-08-10 08:42:52;DESKTOP-22AN8KV;25,1;81,8;9,58;99,8;37,0;38,0
2026-08-10 08:43:02;DESKTOP-22AN8KV;23,2;83,2;9,75;99,8;292,0;47,0
2026-08-10 08:43:12;DESKTOP-22AN8KV;24,0;82,9;9,71;99,8;82,0;164,0
2026-08-10 08:43:22;DESKTOP-22AN8KV;20,9;82,5;9,67;99,8;97,0;17,0
2026-08-10 08:43:32;DESKTOP-22AN8KV;22,2;82,3;9,64;99,8;127,0;6292,0
2026-08-10 08:43:42;DESKTOP-22AN8KV;25,9;84,1;9,85;99,8;277,0;160,0
2026-08-10 08:43:52;DESKTOP-22AN8KV;28,9;85,9;10,06;99,8;2141,0;356,0
2026-08-10 08:44:02;DESKTOP-22AN8KV;22,3;84,0;9,84;99,8;351,0;66,0
2026-08-10 08:44:12;DESKTOP-22AN8KV;31,5;87,1;10,21;99,8;1516,0;281,0
2026-08-10 08:44:22;DESKTOP-22AN8KV;21,1;86,2;10,1;99,8;102,0;28,0
2026-08-10 08:44:32;DESKTOP-22AN8KV;20,8;86,6;10,14;99,8;83,0;6285,0
2026-08-10 08:44:42;DESKTOP-22AN8KV;25,1;86,6;10,15;99,8;65,0;79,0
2026-08-10 08:44:52;DESKTOP-22AN8KV;20,4;86,3;10,11;99,8;78,0;27,0
2026-08-10 08:45:02;DESKTOP-22AN8KV;19,4;88,1;10,32;99,8;340,0;19,0
2026-08-10 08:45:12;DESKTOP-22AN8KV;24,9;86,4;10,12;99,8;93,0;60,0
2026-08-10 08:45:22;DESKTOP-22AN8KV;26,3;86,0;10,07;99,8;63,0;8,0
2026-08-10 08:45:32;DESKTOP-22AN8KV;26,2;85,9;10,07;99,8;28,0;10,0
2026-08-10 08:45:42;DESKTOP-22AN8KV;22,9;86,0;10,08;99,8;85,0;55,0
2026-08-10 08:45:53;DESKTOP-22AN8KV;17,1;86,9;10,18;99,8;301,0;110,0
2026-08-10 08:46:03;DESKTOP-22AN8KV;40,3;86,0;10,07;99,8;1144,0;243,0
2026-08-10 08:46:13;DESKTOP-22AN8KV;42,1;89,6;10,49;99,8;905,0;146,0
2026-08-10 08:46:23;DESKTOP-22AN8KV;20,3;86,9;10,18;99,8;153,0;6319,0
2026-08-10 08:46:33;DESKTOP-22AN8KV;25,3;87,5;10,25;99,8;91,0;110,0
2026-08-10 08:46:43;DESKTOP-22AN8KV;24,6;87,2;10,21;99,8;49,0;28,0
2026-08-10 08:46:53;DESKTOP-22AN8KV;25,8;86,8;10,17;99,8;29,0;12,0
2026-08-10 08:47:03;DESKTOP-22AN8KV;23,2;86,0;10,07;99,8;61,0;33,0
2026-08-10 08:47:13;DESKTOP-22AN8KV;22,1;86,2;10,1;99,8;73,0;26,0
2026-08-10 08:47:23;DESKTOP-22AN8KV;24,4;86,3;10,11;99,8;99,0;15,0
2026-08-10 08:47:33;DESKTOP-22AN8KV;23,8;86,6;10,14;99,8;33,0;6,0
2026-08-10 08:47:43;DESKTOP-22AN8KV;23,9;85,9;10,06;99,8;40,0;5,0
2026-08-10 08:47:53;DESKTOP-22AN8KV;25,7;85,1;9,97;99,1;43,0;15,0
2026-08-10 08:48:03;DESKTOP-22AN8KV;25,7;85,3;9,99;99,1;31,0;7,0
2026-08-10 08:48:13;DESKTOP-22AN8KV;25,0;85,5;10,01;99,1;40,0;11,0
2026-08-10 08:48:23;DESKTOP-22AN8KV;34,4;86,3;10,11;99,1;136,0;67,0
2026-08-10 08:48:33;DESKTOP-22AN8KV;31,4;86,2;10,1;99,0;38,0;5,0
2026-08-10 08:48:43;DESKTOP-22AN8KV;28,2;86,3;10,11;99,0;74,0;56,0
2026-08-10 08:48:53;DESKTOP-22AN8KV;38,1;85,4;10,01;99,0;90,0;70,0
2026-08-10 08:49:03;DESKTOP-22AN8KV;33,6;85,5;10,02;99,0;28,0;35,0
2026-08-10 08:49:13;DESKTOP-22AN8KV;32,6;85,5;10,02;99,0;38,0;3,0
2026-08-10 08:49:23;DESKTOP-22AN8KV;26,9;85,8;10,05;99,0;78,0;14,0
2026-08-10 08:49:33;DESKTOP-22AN8KV;18,6;86,1;10,08;99,0;29,0;13,0
2026-08-10 08:49:43;DESKTOP-22AN8KV;24,8;86,7;10,15;99,0;68,0;28,0
2026-08-10 08:49:53;DESKTOP-22AN8KV;26,6;86,6;10,14;99,0;351,0;24,0
2026-08-10 08:50:03;DESKTOP-22AN8KV;24,3;86,8;10,16;99,0;65,0;16,0
2026-08-10 08:50:13;DESKTOP-22AN8KV;28,2;86,5;10,14;99,0;30,0;7,0
2026-08-10 08:50:23;DESKTOP-22AN8KV;22,6;86,8;10,17;99,0;121,0;36,0
2026-08-10 08:50:33;DESKTOP-22AN8KV;18,1;86,4;10,12;99,0;31,0;4,0
2026-08-10 08:50:43;DESKTOP-22AN8KV;21,9;86,5;10,13;99,0;25,0;2,0
2026-08-10 08:50:53;DESKTOP-22AN8KV;18,7;86,2;10,09;99,0;47,0;19,0
2026-08-10 08:51:04;DESKTOP-22AN8KV;19,3;85,9;10,06;99,0;37,0;7,0
2026-08-10 08:51:14;DESKTOP-22AN8KV;21,4;85,6;10,03;99,0;66,0;9,0
2026-08-10 08:51:24;DESKTOP-22AN8KV;22,6;87,7;10,28;99,0;153,0;53,0
2026-08-10 08:51:34;DESKTOP-22AN8KV;15,3;87,7;10,28;99,0;32,0;15,0
2026-08-10 08:51:44;DESKTOP-22AN8KV;22,8;87,9;10,29;99,0;72,0;35,0
2026-08-10 08:51:54;DESKTOP-22AN8KV;17,3;85,8;10,05;99,0;26,0;2,0
2026-08-10 08:52:04;DESKTOP-22AN8KV;18,3;85,5;10,02;99,0;27,0;6,0
2026-08-10 08:52:14;DESKTOP-22AN8KV;18,7;85,5;10,01;99,0;28,0;16,0
2026-08-10 08:52:24;DESKTOP-22AN8KV;24,0;86,1;10,08;99,0;121,0;26,0
2026-08-10 08:52:34;DESKTOP-22AN8KV;25,7;86,2;10,1;99,0;122,0;85,0
2026-08-10 08:52:44;DESKTOP-22AN8KV;25,2;86,3;10,1;99,0;56,0;59,0
2026-08-10 08:52:54;DESKTOP-22AN8KV;28,6;86,3;10,11;99,0;34,0;10,0
2026-08-10 08:53:04;DESKTOP-22AN8KV;23,0;86,1;10,08;99,0;51,0;5,0
2026-08-10 08:53:14;DESKTOP-22AN8KV;27,3;86,5;10,13;99,0;36,0;48,0
2026-08-10 08:53:24;DESKTOP-22AN8KV;25,3;87,8;10,28;99,0;80,0;11,0
2026-08-10 08:53:34;DESKTOP-22AN8KV;22,1;86,3;10,11;99,0;34,0;19,0
2026-08-10 08:53:44;DESKTOP-22AN8KV;24,1;85,7;10,04;99,0;27,0;14,0
2026-08-10 08:53:54;DESKTOP-22AN8KV;39,9;87,8;10,29;99,0;43,0;2,0
2026-08-10 08:54:04;DESKTOP-22AN8KV;37,2;89,0;10,42;99,1;103,0;4,0
2026-08-10 08:54:14;DESKTOP-22AN8KV;31,4;88,2;10,34;99,1;27,0;2,0
2026-08-10 08:54:24;DESKTOP-22AN8KV;36,6;88,8;10,41;99,2;67,0;4,0
2026-08-10 08:54:34;DESKTOP-22AN8KV;29,0;90,8;10,64;99,2;22,0;3,0
2026-08-10 08:54:44;DESKTOP-22AN8KV;29,1;88,0;10,31;99,2;32,0;2,0
2026-08-10 08:54:54;DESKTOP-22AN8KV;37,7;87,7;10,28;99,2;32,0;14,0
2026-08-10 08:55:04;DESKTOP-22AN8KV;29,6;88,2;10,33;99,2;47,0;17,0
2026-08-10 08:55:14;DESKTOP-22AN8KV;23,9;87,6;10,27;99,2;48,0;21,0
2026-08-10 08:55:24;DESKTOP-22AN8KV;27,8;87,4;10,24;99,6;85,0;12,0
2026-08-10 08:55:34;DESKTOP-22AN8KV;21,8;87,0;10,19;99,4;51,0;10,0
2026-08-10 08:55:44;DESKTOP-22AN8KV;19,6;87,7;10,28;99,3;29,0;2,0
2026-08-10 08:55:54;DESKTOP-22AN8KV;29,5;88,8;10,4;99,4;61,0;35,0
2026-08-10 08:56:04;DESKTOP-22AN8KV;21,7;92,8;10,87;99,4;44,0;15,0
2026-08-10 08:56:14;DESKTOP-22AN8KV;28,8;90,8;10,64;97,6;62,0;34,0
2026-08-10 08:56:24;DESKTOP-22AN8KV;27,9;91,2;10,68;97,6;148,0;40,0
2026-08-10 08:56:34;DESKTOP-22AN8KV;21,7;89,4;10,47;97,6;38,0;12,0
2026-08-10 08:56:44;DESKTOP-22AN8KV;20,4;89,9;10,53;97,6;19,0;17,0
2026-08-10 08:56:55;DESKTOP-22AN8KV;26,2;90,3;10,58;97,6;40,0;9,0
2026-08-10 08:57:05;DESKTOP-22AN8KV;25,0;90,2;10,57;97,6;65,0;49,0
2026-08-10 08:57:15;DESKTOP-22AN8KV;17,6;89,8;10,52;97,6;66,0;52,0
2026-08-10 08:57:25;DESKTOP-22AN8KV;24,7;90,7;10,63;97,6;85,0;38,0
2026-08-10 08:57:35;DESKTOP-22AN8KV;18,8;91,2;10,68;97,6;34,0;6,0
2026-08-10 08:57:45;DESKTOP-22AN8KV;20,0;91,3;10,7;97,6;36,0;9,0
2026-08-10 08:57:55;DESKTOP-22AN8KV;19,3;91,4;10,71;97,6;36,0;15,0
2026-08-10 08:58:05;DESKTOP-22AN8KV;24,7;92,0;10,78;97,6;56,0;25,0
2026-08-10 08:58:15;DESKTOP-22AN8KV;27,3;91,4;10,71;97,6;56,0;39,0
2026-08-10 08:58:25;DESKTOP-22AN8KV;17,9;88,2;10,33;97,3;76,0;24,0
2026-08-10 08:58:35;DESKTOP-22AN8KV;21,0;87,4;10,24;97,3;37,0;11,0
2026-08-10 08:58:45;DESKTOP-22AN8KV;16,7;87,6;10,26;97,3;26,0;13,0
2026-08-10 08:58:55;DESKTOP-22AN8KV;20,5;87,1;10,2;97,3;25,0;3,0
2026-08-10 08:59:05;DESKTOP-22AN8KV;13,2;87,0;10,19;97,3;32,0;4,0
2026-08-10 08:59:15;DESKTOP-22AN8KV;13,7;87,2;10,22;97,3;38,0;2,0
2026-08-10 08:59:25;DESKTOP-22AN8KV;13,9;87,4;10,24;97,3;70,0;10,0
2026-08-10 08:59:35;DESKTOP-22AN8KV;15,3;87,1;10,21;97,3;25,0;3,0
2026-08-10 08:59:45;DESKTOP-22AN8KV;13,0;87,5;10,25;97,3;28,0;6,0
2026-08-10 08:59:55;DESKTOP-22AN8KV;14,7;87,8;10,29;97,3;36,0;9,0
2026-08-10 09:00:05;DESKTOP-22AN8KV;15,2;87,7;10,27;97,3;33,0;3,0
2026-08-10 09:00:15;DESKTOP-22AN8KV;16,5;86,6;10,15;97,3;25,0;3,0
2026-08-10 09:00:25;DESKTOP-22AN8KV;11,9;86,7;10,15;97,3;72,0;5,0
2026-08-10 09:00:35;DESKTOP-22AN8KV;13,1;86,6;10,14;97,3;23,0;4,0
2026-08-10 09:00:45;DESKTOP-22AN8KV;13,9;86,6;10,15;97,3;32,0;8,0
2026-08-10 09:00:55;DESKTOP-22AN8KV;11,7;86,4;10,13;97,3;40,0;9,0
2026-08-10 09:01:05;DESKTOP-22AN8KV;16,0;86,9;10,18;75,0;44,0;44,0
2026-08-10 09:01:15;DESKTOP-22AN8KV;23,8;87,3;10,22;75,0;50,0;47,0
2026-08-10 09:01:26;DESKTOP-22AN8KV;28,3;88,2;10,33;75,0;234,0;79,0
2026-08-10 09:01:36;DESKTOP-22AN8KV;19,4;88,1;10,32;75,0;83,0;60,0
2026-08-10 09:01:46;DESKTOP-22AN8KV;14,9;87,7;10,28;75,0;24,0;2,0
2026-08-10 09:01:56;DESKTOP-22AN8KV;14,0;86,9;10,18;75,0;78,0;24,0
2026-08-10 09:02:06;DESKTOP-22AN8KV;15,8;86,0;10,08;75,0;317,0;34,0
2026-08-10 09:02:16;DESKTOP-22AN8KV;14,1;84,9;9,95;75,0;51,0;33,0
2026-08-10 09:02:26;DESKTOP-22AN8KV;21,5;86,1;10,09;75,0;170,0;54,0
2026-08-10 09:02:36;DESKTOP-22AN8KV;13,9;86,4;10,12;75,0;63,0;38,0
2026-08-10 09:02:46;DESKTOP-22AN8KV;13,0;87,5;10,25;75,0;63,0;14,0
2026-08-10 09:02:56;DESKTOP-22AN8KV;12,4;87,2;10,22;75,0;38,0;1,0
2026-08-10 09:03:06;DESKTOP-22AN8KV;11,0;87,0;10,19;75,0;90,0;13,0
2026-08-10 09:03:16;DESKTOP-22AN8KV;17,0;87,0;10,19;75,0;70,0;46,0
2026-08-10 09:03:26;DESKTOP-22AN8KV;16,9;86,9;10,18;75,0;347,0;7,0
2026-08-10 09:03:36;DESKTOP-22AN8KV;23,2;88,5;10,37;75,0;58,0;40,0
2026-08-10 09:03:46;DESKTOP-22AN8KV;15,2;88,6;10,38;75,0;68,0;43,0
2026-08-10 09:03:56;DESKTOP-22AN8KV;24,5;88,2;10,34;75,0;73,0;34,0
2026-08-10 09:04:06;DESKTOP-22AN8KV;16,9;87,8;10,28;75,0;94,0;29,0
2026-08-10 09:04:16;DESKTOP-22AN8KV;26,5;87,3;10,23;75,0;140,0;40,0
2026-08-10 09:04:26;DESKTOP-22AN8KV;22,9;86,8;10,17;75,0;144,0;19,0
2026-08-10 09:04:36;DESKTOP-22AN8KV;17,3;88,1;10,33;75,0;160,0;65,0
2026-08-10 09:04:46;DESKTOP-22AN8KV;22,2;88,1;10,33;75,0;419,0;78,0
2026-08-10 09:04:56;DESKTOP-22AN8KV;17,2;88,1;10,32;75,0;178,0;79,0
2026-08-10 09:05:06;DESKTOP-22AN8KV;24,0;88,0;10,31;75,0;2983,0;38,0
2026-08-10 09:05:16;DESKTOP-22AN8KV;11,2;87,7;10,28;75,0;39,0;3,0
2026-08-10 09:05:26;DESKTOP-22AN8KV;16,5;87,4;10,24;75,0;67,0;8,0
2026-08-10 09:05:36;DESKTOP-22AN8KV;11,7;86,9;10,17;75,0;26,0;6,0
2026-08-10 09:05:46;DESKTOP-22AN8KV;14,2;86,9;10,18;75,0;20,0;3,0
2026-08-10 09:05:56;DESKTOP-22AN8KV;11,5;86,7;10,16;75,0;47,0;29,0
2026-08-10 09:06:06;DESKTOP-22AN8KV;10,5;86,8;10,17;75,0;29,0;4,0
2026-08-10 09:06:17;DESKTOP-22AN8KV;15,7;87,0;10,2;75,0;56,0;12,0
2026-08-10 09:06:27;DESKTOP-22AN8KV;22,9;88,0;10,3;75,1;137744,0;4076,0
2026-08-10 09:06:37;DESKTOP-22AN8KV;23,3;88,0;10,3;75,1;25715,0;353,0
2026-08-10 09:06:47;DESKTOP-22AN8KV;21,6;87,9;10,3;75,1;41,0;2,0
2026-08-10 09:06:57;DESKTOP-22AN8KV;23,5;86,3;10,11;75,3;39,0;4,0
2026-08-10 09:07:07;DESKTOP-22AN8KV;28,2;88,4;10,36;75,5;30,0;4,0
2026-08-10 09:07:17;DESKTOP-22AN8KV;34,7;87,1;10,21;75,4;37129,0;623,0
2026-08-10 09:07:27;DESKTOP-22AN8KV;33,5;87,5;10,25;75,4;23274,0;523,0
2026-08-10 09:07:37;DESKTOP-22AN8KV;33,8;87,0;10,19;75,4;24,0;9,0
2026-08-10 09:07:47;DESKTOP-22AN8KV;27,0;87,5;10,25;75,4;31,0;4,0
2026-08-10 09:07:57;DESKTOP-22AN8KV;27,9;88,0;10,31;75,4;35,0;3,0
2026-08-10 09:08:07;DESKTOP-22AN8KV;32,9;89,6;10,5;75,3;59,0;6,0
2026-08-10 09:08:17;DESKTOP-22AN8KV;28,5;88,9;10,41;75,5;56,0;2,0
2026-08-10 09:08:27;DESKTOP-22AN8KV;42,4;88,6;10,38;75,5;91,0;10,0
2026-08-10 09:08:37;DESKTOP-22AN8KV;37,0;88,9;10,41;75,5;50,0;13,0
2026-08-10 09:08:47;DESKTOP-22AN8KV;28,2;85,8;10,05;75,4;38,0;4,0
2026-08-10 09:08:57;DESKTOP-22AN8KV;27,9;86,1;10,08;75,4;105,0;51,0
2026-08-10 09:09:07;DESKTOP-22AN8KV;30,5;86,4;10,12;75,4;82,0;57,0
2026-08-10 09:09:17;DESKTOP-22AN8KV;15,8;86,1;10,09;75,4;65,0;33,0
2026-08-10 09:09:27;DESKTOP-22AN8KV;15,6;85,0;9,96;75,4;357,0;30,0
2026-08-10 09:09:37;DESKTOP-22AN8KV;13,8;84,7;9,92;75,4;36,0;6,0
2026-08-10 09:09:47;DESKTOP-22AN8KV;12,4;84,7;9,92;75,4;35,0;5,0
2026-08-10 09:09:57;DESKTOP-22AN8KV;14,0;84,8;9,93;75,4;50,0;18,0
2026-08-10 09:10:07;DESKTOP-22AN8KV;11,2;84,9;9,95;75,4;27,0;3,0
2026-08-10 09:10:17;DESKTOP-22AN8KV;13,3;85,4;10,01;75,4;21,0;21,0
2026-08-10 09:10:27;DESKTOP-22AN8KV;21,9;85,2;9,98;75,4;137,0;39,0
2026-08-10 09:10:37;DESKTOP-22AN8KV;20,1;85,6;10,02;75,4;59,0;49,0
2026-08-10 09:10:47;DESKTOP-22AN8KV;15,6;84,7;9,92;75,4;58,0;4,0
2026-08-10 09:10:57;DESKTOP-22AN8KV;26,0;83,7;9,81;75,4;169,0;62,0
2026-08-10 09:11:07;DESKTOP-22AN8KV;17,5;82,6;9,68;75,4;143,0;25,0
2026-08-10 09:11:17;DESKTOP-22AN8KV;18,4;82,5;9,67;75,4;112,0;17,0
2026-08-10 09:11:27;DESKTOP-22AN8KV;21,2;82,1;9,61;75,4;134,0;26,0
2026-08-10 09:11:37;DESKTOP-22AN8KV;25,7;82,6;9,67;75,4;118,0;25,0
2026-08-10 09:11:47;DESKTOP-22AN8KV;44,3;85,1;9,97;75,4;301,0;6332,0
2026-08-10 09:11:58;DESKTOP-22AN8KV;26,1;85,9;10,06;75,4;94,0;154,0
2026-08-10 09:12:08;DESKTOP-22AN8KV;28,9;85,8;10,05;75,4;89,0;79,0
2026-08-10 09:12:18;DESKTOP-22AN8KV;26,6;85,8;10,05;75,4;35,0;37,0
2026-08-10 09:12:28;DESKTOP-22AN8KV;29,5;83,8;9,81;75,4;101,0;82,0
2026-08-10 09:12:38;DESKTOP-22AN8KV;25,3;84,7;9,92;75,4;47,0;165,0
2026-08-10 09:12:48;DESKTOP-22AN8KV;29,0;85,5;10,01;75,4;73,0;107,0
2026-08-10 09:12:58;DESKTOP-22AN8KV;36,1;82,8;9,7;75,4;56,0;54,0
2026-08-10 09:13:08;DESKTOP-22AN8KV;34,3;82,1;9,61;75,4;57,0;43,0
2026-08-10 09:13:18;DESKTOP-22AN8KV;33,4;88,3;10,35;75,4;115,0;169,0
2026-08-10 09:13:28;DESKTOP-22AN8KV;27,6;86,4;10,12;75,4;155,0;41,0
2026-08-10 09:13:38;DESKTOP-22AN8KV;22,2;86,4;10,12;75,4;203,0;100,0
2026-08-10 09:13:48;DESKTOP-22AN8KV;19,9;86,2;10,1;75,4;408,0;36,0
2026-08-10 09:13:58;DESKTOP-22AN8KV;30,4;86,6;10,15;75,4;137,0;48,0
2026-08-10 09:14:08;DESKTOP-22AN8KV;30,0;85,8;10,05;75,4;159,0;71,0
2026-08-10 09:14:18;DESKTOP-22AN8KV;30,9;84,2;9,87;75,4;247,0;6440,0
2026-08-10 09:14:28;DESKTOP-22AN8KV;36,1;87,3;10,22;75,4;284,0;93,0
2026-08-10 09:14:38;DESKTOP-22AN8KV;33,7;88,8;10,4;75,4;1334,0;542,0
2026-08-10 09:14:48;DESKTOP-22AN8KV;11,4;88,6;10,37;75,4;58,0;63,0
2026-08-10 09:14:58;DESKTOP-22AN8KV;24,5;90,3;10,58;75,4;111,0;58,0
2026-08-10 09:15:08;DESKTOP-22AN8KV;22,4;88,7;10,39;75,4;89,0;48,0
2026-08-10 09:15:18;DESKTOP-22AN8KV;17,4;89,9;10,53;75,4;50,0;23,0
2026-08-10 09:15:28;DESKTOP-22AN8KV;18,5;89,6;10,49;75,4;78,0;15,0
2026-08-10 09:15:38;DESKTOP-22AN8KV;17,7;89,8;10,52;75,4;54,0;25,0
2026-08-10 09:15:48;DESKTOP-22AN8KV;15,9;88,7;10,39;75,4;74,0;14,0
2026-08-10 09:15:58;DESKTOP-22AN8KV;26,9;89,1;10,44;75,4;150,0;73,0
2026-08-10 09:16:08;DESKTOP-22AN8KV;31,4;90,6;10,61;75,4;127,0;52,0
2026-08-10 09:16:18;DESKTOP-22AN8KV;32,4;91,0;10,66;75,4;119,0;60,0
2026-08-10 09:16:28;DESKTOP-22AN8KV;29,5;91,2;10,69;75,4;639,0;250,0
2026-08-10 09:16:38;DESKTOP-22AN8KV;24,1;90,6;10,61;75,4;133,0;60,0
2026-08-10 09:16:48;DESKTOP-22AN8KV;17,5;90,5;10,6;75,4;148,0;6329,0
2026-08-10 09:16:58;DESKTOP-22AN8KV;23,6;91,9;10,77;75,4;501,0;492,0
2026-08-10 09:17:08;DESKTOP-22AN8KV;16,7;91,4;10,71;75,4;121,0;30,0
2026-08-10 09:17:18;DESKTOP-22AN8KV;17,6;92,0;10,77;75,4;321,0;92,0
2026-08-10 09:17:29;DESKTOP-22AN8KV;25,4;88,1;10,32;75,4;2305,0;173,0
2026-08-10 09:17:39;DESKTOP-22AN8KV;15,9;87,3;10,23;75,4;141,0;39,0
2026-08-10 09:17:49;DESKTOP-22AN8KV;25,2;89,0;10,42;75,4;282,0;2128,0
2026-08-10 09:17:59;DESKTOP-22AN8KV;37,0;89,1;10,44;75,4;38231,0;5441,0
2026-08-10 09:18:09;DESKTOP-22AN8KV;31,2;88,8;10,4;75,5;97814,0;1706,0
2026-08-10 09:18:19;DESKTOP-22AN8KV;28,1;89,4;10,47;75,5;67257,0;1133,0
2026-08-10 09:18:29;DESKTOP-22AN8KV;23,4;89,5;10,48;75,6;32013,0;743,0
2026-08-10 09:18:39;DESKTOP-22AN8KV;29,6;89,6;10,5;75,9;6884,0;180,0
2026-08-10 09:18:49;DESKTOP-22AN8KV;30,8;90,4;10,6;75,9;121,0;66,0
2026-08-10 09:18:59;DESKTOP-22AN8KV;35,5;90,1;10,55;75,9;84,0;19,0
2026-08-10 09:19:09;DESKTOP-22AN8KV;33,9;89,1;10,44;75,9;38,0;23,0
2026-08-10 09:19:19;DESKTOP-22AN8KV;30,7;91,4;10,7;75,9;141,0;48,0
2026-08-10 09:19:29;DESKTOP-22AN8KV;33,9;92,1;10,79;75,9;197,0;15,0
2026-08-10 09:19:39;DESKTOP-22AN8KV;37,4;91,7;10,74;75,9;290,0;43,0
2026-08-10 09:19:49;DESKTOP-22AN8KV;30,4;91,5;10,71;75,9;117,0;12,0
2026-08-10 09:19:59;DESKTOP-22AN8KV;21,8;91,7;10,74;75,9;160,0;173,0
2026-08-10 09:20:09;DESKTOP-22AN8KV;25,1;92,0;10,78;75,9;126,0;23,0
2026-08-10 09:20:19;DESKTOP-22AN8KV;21,8;92,4;10,83;75,9;121,0;12,0
2026-08-10 09:20:29;DESKTOP-22AN8KV;19,0;92,0;10,78;75,9;124,0;17,0
2026-08-10 09:20:39;DESKTOP-22AN8KV;24,4;92,0;10,78;75,9;118,0;11,0
2026-08-10 09:20:49;DESKTOP-22AN8KV;25,8;92,2;10,8;75,9;114,0;9,0
2026-08-10 09:20:59;DESKTOP-22AN8KV;22,3;92,0;10,77;75,9;127,0;17,0
2026-08-10 09:21:09;DESKTOP-22AN8KV;27,5;90,4;10,59;75,9;182,0;52,0
2026-08-10 09:21:19;DESKTOP-22AN8KV;20,1;89,9;10,53;75,9;123,0;8,0
2026-08-10 09:21:29;DESKTOP-22AN8KV;26,1;90,3;10,58;75,9;135,0;38,0
2026-08-10 09:21:39;DESKTOP-22AN8KV;25,0;89,7;10,5;75,9;92,0;27,0
2026-08-10 09:21:49;DESKTOP-22AN8KV;23,8;90,2;10,57;75,9;39,0;34,0
2026-08-10 09:21:59;DESKTOP-22AN8KV;25,8;89,2;10,45;75,9;43,0;33,0
2026-08-10 09:22:10;DESKTOP-22AN8KV;26,9;88,9;10,42;75,9;32,0;54,0
2026-08-10 09:22:20;DESKTOP-22AN8KV;24,1;89,4;10,47;75,9;34,0;25,0
2026-08-10 09:22:30;DESKTOP-22AN8KV;27,2;89,9;10,53;75,9;59,0;57,0
2026-08-10 09:22:40;DESKTOP-22AN8KV;24,0;89,2;10,45;75,9;59,0;31,0
2026-08-10 09:22:50;DESKTOP-22AN8KV;26,6;89,8;10,52;75,9;144,0;6326,0
2026-08-10 09:23:00;DESKTOP-22AN8KV;30,4;90,1;10,55;75,9;100,0;90,0
2026-08-10 09:23:10;DESKTOP-22AN8KV;17,3;89,2;10,45;75,9;67,0;34,0
2026-08-10 09:23:20;DESKTOP-22AN8KV;18,1;89,7;10,5;75,9;96,0;77,0
2026-08-10 09:23:30;DESKTOP-22AN8KV;30,4;90,7;10,62;75,9;180,0;6335,0
2026-08-10 09:23:40;DESKTOP-22AN8KV;25,4;90,0;10,54;75,9;80,0;86,0
2026-08-10 09:23:50;DESKTOP-22AN8KV;26,1;89,8;10,52;75,9;41,0;35,0
2026-08-10 09:24:00;DESKTOP-22AN8KV;28,2;89,9;10,53;75,9;48,0;67,0
2026-08-10 09:24:10;DESKTOP-22AN8KV;32,9;89,8;10,51;75,9;69,0;82,0
2026-08-10 09:24:20;DESKTOP-22AN8KV;25,8;89,5;10,48;75,9;84,0;48,0
2026-08-10 09:24:30;DESKTOP-22AN8KV;23,3;89,2;10,45;75,9;63,0;15,0
2026-08-10 09:24:40;DESKTOP-22AN8KV;28,7;90,0;10,54;75,9;44,0;47,0
2026-08-10 09:24:50;DESKTOP-22AN8KV;28,8;89,4;10,47;75,9;73,0;36,0
2026-08-10 09:25:00;DESKTOP-22AN8KV;28,2;89,9;10,54;75,9;115,0;93,0
2026-08-10 09:25:10;DESKTOP-22AN8KV;30,6;89,9;10,53;75,9;91,0;45,0
2026-08-10 09:25:20;DESKTOP-22AN8KV;27,9;90,0;10,54;75,9;55,0;6,0
2026-08-10 09:25:30;DESKTOP-22AN8KV;27,3;90,1;10,55;75,9;49,0;9,0
2026-08-10 09:25:40;DESKTOP-22AN8KV;23,8;89,4;10,47;75,9;115,0;6439,0
2026-08-10 09:25:50;DESKTOP-22AN8KV;33,1;94,8;11,1;75,9;100,0;113,0
2026-08-10 09:26:00;DESKTOP-22AN8KV;31,4;94,0;11,02;75,9;76,0;41,0
2026-08-10 09:26:10;DESKTOP-22AN8KV;28,4;91,7;10,75;75,9;105,0;95,0
2026-08-10 09:26:20;DESKTOP-22AN8KV;29,6;92,3;10,82;75,9;79,0;23,0
2026-08-10 09:26:30;DESKTOP-22AN8KV;30,5;92,3;10,82;75,9;82,0;36,0
2026-08-10 09:26:40;DESKTOP-22AN8KV;33,3;92,0;10,78;75,9;89,0;57,0
2026-08-10 09:26:50;DESKTOP-22AN8KV;33,1;91,2;10,68;75,9;1473,0;100,0
2026-08-10 09:27:00;DESKTOP-22AN8KV;37,6;90,9;10,65;75,9;437,0;146,0
2026-08-10 09:27:10;DESKTOP-22AN8KV;40,9;93,0;10,89;75,9;465,0;250,0
2026-08-10 09:27:20;DESKTOP-22AN8KV;31,3;93,1;10,91;75,9;489,0;236,0
2026-08-10 09:27:30;DESKTOP-22AN8KV;23,0;92,1;10,79;75,9;103,0;27,0
2026-08-10 09:27:41;DESKTOP-22AN8KV;24,2;92,0;10,77;75,9;93,0;13,0
2026-08-10 09:27:51;DESKTOP-22AN8KV;24,2;91,6;10,73;75,9;95,0;17,0
2026-08-10 09:28:01;DESKTOP-22AN8KV;21,5;91,2;10,69;75,9;101,0;21,0
2026-08-10 09:28:11;DESKTOP-22AN8KV;21,1;91,3;10,69;75,9;84,0;21,0
2026-08-10 09:28:21;DESKTOP-22AN8KV;21,6;91,6;10,73;75,9;78,0;38,0
2026-08-10 09:28:31;DESKTOP-22AN8KV;35,7;92,9;10,88;76,0;115416,0;3372,0
2026-08-10 09:28:41;DESKTOP-22AN8KV;33,7;92,6;10,85;76,1;158377,0;3614,0
2026-08-10 09:28:51;DESKTOP-22AN8KV;41,3;93,5;10,95;76,2;179135,0;4686,0
2026-08-10 09:29:01;DESKTOP-22AN8KV;36,0;91,4;10,7;76,4;190213,0;5187,0
2026-08-10 09:29:11;DESKTOP-22AN8KV;34,2;92,0;10,77;76,5;171055,0;5073,0
2026-08-10 09:29:21;DESKTOP-22AN8KV;33,1;91,5;10,72;76,6;187489,0;2644,0
2026-08-10 09:29:31;DESKTOP-22AN8KV;26,2;90,9;10,65;76,7;181258,0;5191,0
2026-08-10 09:29:41;DESKTOP-22AN8KV;27,2;91,2;10,68;76,8;127039,0;4712,0
2026-08-10 09:29:51;DESKTOP-22AN8KV;38,4;91,6;10,74;76,9;153122,0;2794,0
2026-08-10 09:30:01;DESKTOP-22AN8KV;37,5;92,5;10,83;77,0;158429,0;2710,0
2026-08-10 09:30:11;DESKTOP-22AN8KV;31,9;92,5;10,83;77,1;55231,0;1497,0
2026-08-10 09:30:21;DESKTOP-22AN8KV;21,3;91,5;10,72;77,1;87,0;19,0
2026-08-10 09:30:31;DESKTOP-22AN8KV;18,5;91,6;10,73;77,1;29,0;6,0
2026-08-10 09:30:41;DESKTOP-22AN8KV;14,3;91,0;10,66;77,1;33,0;5,0
2026-08-10 09:30:51;DESKTOP-22AN8KV;14,1;90,9;10,65;77,1;157,0;18,0
2026-08-10 09:31:01;DESKTOP-22AN8KV;15,1;90,6;10,61;77,1;504,0;18,0
2026-08-10 09:31:11;DESKTOP-22AN8KV;13,0;90,7;10,62;77,1;35,0;11,0
2026-08-10 09:31:21;DESKTOP-22AN8KV;20,9;91,9;10,77;77,1;72,0;5,0
2026-08-10 09:31:31;DESKTOP-22AN8KV;23,9;94,2;11,04;77,1;108,0;57,0
2026-08-10 09:31:41;DESKTOP-22AN8KV;24,5;94,1;11,03;77,1;85,0;47,0
2026-08-10 09:31:51;DESKTOP-22AN8KV;26,5;93,5;10,96;77,1;522,0;36,0
2026-08-10 09:32:01;DESKTOP-22AN8KV;23,1;93,0;10,9;77,1;503,0;20,0
2026-08-10 09:32:11;DESKTOP-22AN8KV;21,9;92,9;10,88;77,1;50,0;19,0
2026-08-10 09:32:21;DESKTOP-22AN8KV;23,5;92,2;10,8;77,1;73,0;4,0
2026-08-10 09:32:31;DESKTOP-22AN8KV;20,2;92,0;10,78;77,1;34,0;41,0
2026-08-10 09:32:42;DESKTOP-22AN8KV;25,5;93,8;10,98;77,1;118,0;121,0
2026-08-10 09:32:52;DESKTOP-22AN8KV;24,0;95,4;11,17;77,1;67,0;57,0
2026-08-10 09:33:02;DESKTOP-22AN8KV;28,3;96,6;11,31;77,1;40,0;14,0
2026-08-10 09:33:12;DESKTOP-22AN8KV;22,9;96,4;11,3;77,1;206,0;56,0
2026-08-10 09:33:22;DESKTOP-22AN8KV;28,5;96,3;11,29;77,1;433,0;89,0
2026-08-10 09:33:32;DESKTOP-22AN8KV;22,1;94,5;11,07;77,1;39,0;31,0
2026-08-10 09:33:42;DESKTOP-22AN8KV;21,5;94,5;11,07;77,1;35,0;28,0
2026-08-10 09:33:52;DESKTOP-22AN8KV;21,8;94,3;11,05;77,1;72,0;50,0
2026-08-10 09:34:02;DESKTOP-22AN8KV;20,5;94,0;11,01;77,1;40,0;20,0
2026-08-10 09:34:12;DESKTOP-22AN8KV;21,0;94,1;11,03;77,1;30,0;24,0
2026-08-10 09:34:22;DESKTOP-22AN8KV;22,9;94,5;11,07;77,1;89,0;57,0
2026-08-10 09:34:32;DESKTOP-22AN8KV;19,6;94,2;11,04;77,1;28,0;23,0
2026-08-10 09:34:42;DESKTOP-22AN8KV;27,4;94,0;11,01;77,5;27,0;3,0
2026-08-10 09:34:52;DESKTOP-22AN8KV;25,9;94,4;11,06;78,2;25,0;2,0
2026-08-10 09:35:02;DESKTOP-22AN8KV;20,0;94,5;11,07;78,3;45,0;25,0
2026-08-10 09:35:12;DESKTOP-22AN8KV;13,8;94,1;11,02;78,3;62,0;17,0
2026-08-10 09:35:22;DESKTOP-22AN8KV;17,0;93,7;10,98;78,3;68,0;4,0
2026-08-10 09:35:32;DESKTOP-22AN8KV;14,1;93,0;10,89;78,3;25,0;9,0
2026-08-10 09:35:42;DESKTOP-22AN8KV;16,8;93,0;10,9;78,3;34,0;14,0
2026-08-10 09:35:52;DESKTOP-22AN8KV;19,4;92,5;10,83;78,3;63,0;18,0
2026-08-10 09:36:02;DESKTOP-22AN8KV;13,5;92,2;10,8;78,3;47,0;14,0
2026-08-10 09:36:12;DESKTOP-22AN8KV;12,4;92,3;10,81;78,3;47,0;4,0
2026-08-10 09:36:22;DESKTOP-22AN8KV;13,4;91,8;10,76;78,3;77,0;15,0
2026-08-10 09:36:32;DESKTOP-22AN8KV;14,0;91,8;10,75;78,3;27,0;5,0
2026-08-10 09:36:42;DESKTOP-22AN8KV;30,8;92,9;10,89;78,3;22,0;5,0
2026-08-10 09:36:52;DESKTOP-22AN8KV;19,3;92,8;10,87;78,3;656,0;20,0
2026-08-10 09:37:02;DESKTOP-22AN8KV;19,2;92,7;10,86;78,3;271,0;15,0
2026-08-10 09:37:12;DESKTOP-22AN8KV;15,8;92,5;10,83;78,3;73,0;5,0
2026-08-10 09:37:23;DESKTOP-22AN8KV;15,5;92,4;10,82;78,3;79,0;3,0
2026-08-10 09:37:33;DESKTOP-22AN8KV;11,2;91,8;10,75;78,3;33,0;8,0
2026-08-10 09:37:43;DESKTOP-22AN8KV;15,0;91,8;10,76;78,3;27,0;5,0
2026-08-10 09:37:53;DESKTOP-22AN8KV;13,9;91,6;10,73;78,3;31,0;2,0
2026-08-10 09:38:03;DESKTOP-22AN8KV;16,9;89,7;10,5;78,3;32,0;4,0
2026-08-10 09:38:13;DESKTOP-22AN8KV;16,6;90,6;10,62;78,3;60,0;38,0
2026-08-10 09:38:23;DESKTOP-22AN8KV;22,2;89,7;10,51;78,3;102,0;10,0
2026-08-10 09:38:33;DESKTOP-22AN8KV;17,8;89,5;10,49;78,3;22,0;4,0
2026-08-10 09:38:43;DESKTOP-22AN8KV;17,8;89,7;10,51;78,3;27,0;33,0
2026-08-10 09:38:53;DESKTOP-22AN8KV;22,7;91,6;10,74;78,3;55,0;25,0
2026-08-10 09:39:03;DESKTOP-22AN8KV;21,2;91,4;10,71;78,3;45,0;21,0
2026-08-10 09:39:13;DESKTOP-22AN8KV;16,6;90,4;10,59;78,3;52,0;14,0
2026-08-10 09:39:23;DESKTOP-22AN8KV;14,9;89,4;10,48;78,3;85,0;26,0
2026-08-10 09:39:33;DESKTOP-22AN8KV;13,0;89,4;10,48;78,3;20,0;5,0
2026-08-10 09:39:43;DESKTOP-22AN8KV;14,7;89,4;10,48;78,3;30,0;5,0
2026-08-10 09:39:53;DESKTOP-22AN8KV;11,6;89,3;10,46;78,3;48,0;28,0
2026-08-10 09:40:03;DESKTOP-22AN8KV;12,2;89,3;10,47;78,3;49,0;25,0
2026-08-10 09:40:13;DESKTOP-22AN8KV;13,4;88,7;10,39;78,3;29,0;2,0
2026-08-10 09:40:23;DESKTOP-22AN8KV;21,4;90,3;10,57;78,3;131,0;49,0
2026-08-10 09:40:33;DESKTOP-22AN8KV;18,6;90,4;10,6;78,3;51,0;22,0
2026-08-10 09:40:43;DESKTOP-22AN8KV;13,0;89,8;10,52;78,3;40,0;2,0
2026-08-10 09:40:53;DESKTOP-22AN8KV;15,1;89,9;10,53;78,3;31,0;3,0
2026-08-10 09:41:03;DESKTOP-22AN8KV;21,8;90,9;10,65;78,3;73,0;49,0
2026-08-10 09:41:13;DESKTOP-22AN8KV;22,2;91,1;10,67;78,3;120,0;43,0
2026-08-10 09:41:23;DESKTOP-22AN8KV;21,4;90,1;10,56;78,3;94,0;13,0
2026-08-10 09:41:33;DESKTOP-22AN8KV;25,6;93,0;10,89;78,3;86,0;8,0
2026-08-10 09:41:43;DESKTOP-22AN8KV;29,4;92,1;10,79;78,3;49,0;24,0
2026-08-10 09:41:53;DESKTOP-22AN8KV;21,3;93,7;10,98;78,3;366,0;26,0
2026-08-10 09:42:03;DESKTOP-22AN8KV;17,3;93,2;10,92;78,3;61,0;6,0
2026-08-10 09:42:13;DESKTOP-22AN8KV;17,5;92,7;10,86;78,3;72,0;15,0
2026-08-10 09:42:23;DESKTOP-22AN8KV;18,5;92,5;10,83;78,3;119,0;10,0
2026-08-10 09:42:33;DESKTOP-22AN8KV;14,6;92,3;10,82;78,3;54,0;22,0
2026-08-10 09:42:43;DESKTOP-22AN8KV;14,9;90,7;10,63;78,3;94,0;3,0
2026-08-10 09:42:54;DESKTOP-22AN8KV;18,6;91,9;10,76;78,3;27,0;3,0
2026-08-10 09:43:04;DESKTOP-22AN8KV;15,7;91,6;10,73;78,3;24,0;5,0
2026-08-10 09:43:14;DESKTOP-22AN8KV;15,5;91,4;10,71;78,3;64,0;136,0
2026-08-10 09:43:24;DESKTOP-22AN8KV;16,2;91,4;10,7;78,3;94,0;21,0
2026-08-10 09:43:34;DESKTOP-22AN8KV;18,0;90,9;10,65;78,3;47,0;9,0
2026-08-10 09:43:44;DESKTOP-22AN8KV;19,2;91,2;10,68;78,3;301,0;10,0
2026-08-10 09:43:54;DESKTOP-22AN8KV;19,0;90,2;10,57;78,3;40,0;10,0
2026-08-10 09:44:04;DESKTOP-22AN8KV;27,2;91,7;10,75;78,3;95,0;60,0
2026-08-10 09:44:14;DESKTOP-22AN8KV;22,2;89,8;10,52;78,3;54,0;43,0
2026-08-10 09:44:24;DESKTOP-22AN8KV;22,6;91,6;10,73;78,3;165,0;71,0
2026-08-10 09:44:34;DESKTOP-22AN8KV;18,1;90,6;10,61;78,3;36,0;5,0
2026-08-10 09:44:44;DESKTOP-22AN8KV;16,7;90,7;10,62;78,3;17,0;2,0
2026-08-10 09:44:54;DESKTOP-22AN8KV;20,9;91,6;10,73;78,3;44,0;34,0
2026-08-10 09:45:04;DESKTOP-22AN8KV;22,6;92,0;10,77;78,3;34,0;19,0
2026-08-10 09:45:14;DESKTOP-22AN8KV;22,8;91,6;10,73;78,3;41,0;8,0
2026-08-10 09:45:24;DESKTOP-22AN8KV;26,0;91,7;10,74;78,3;86,0;20,0
2026-08-10 09:45:34;DESKTOP-22AN8KV;18,1;91,1;10,67;78,3;49,0;20,0
2026-08-10 09:45:44;DESKTOP-22AN8KV;24,8;92,2;10,8;78,3;37,0;6,0
2026-08-10 09:45:54;DESKTOP-22AN8KV;20,8;92,2;10,81;78,3;48,0;75,0
2026-08-10 09:46:04;DESKTOP-22AN8KV;29,7;93,3;10,93;78,1;251,0;90,0
2026-08-10 09:46:14;DESKTOP-22AN8KV;22,9;92,4;10,82;78,1;328,0;40,0
2026-08-10 09:46:24;DESKTOP-22AN8KV;19,3;92,3;10,81;78,1;136,0;6,0
2026-08-10 09:46:34;DESKTOP-22AN8KV;24,2;92,0;10,77;78,1;119,0;17,0
2026-08-10 09:46:44;DESKTOP-22AN8KV;22,9;92,7;10,85;78,1;40,0;12,0
2026-08-10 09:46:54;DESKTOP-22AN8KV;20,5;91,6;10,73;78,1;63,0;9,0
2026-08-10 09:47:04;DESKTOP-22AN8KV;19,8;91,7;10,74;78,1;50,0;29,0
2026-08-10 09:47:14;DESKTOP-22AN8KV;14,7;91,7;10,74;78,1;50,0;3,0
2026-08-10 09:47:24;DESKTOP-22AN8KV;21,3;92,0;10,78;78,1;77,0;6,0
2026-08-10 09:47:34;DESKTOP-22AN8KV;21,8;92,7;10,86;78,1;58,0;20,0
2026-08-10 09:47:44;DESKTOP-22AN8KV;22,5;92,2;10,8;78,1;67,0;12,0
2026-08-10 09:47:54;DESKTOP-22AN8KV;24,8;89,0;10,43;78,1;33,0;4,0
2026-08-10 09:48:04;DESKTOP-22AN8KV;31,4;94,3;11,05;78,1;302,0;64,0
2026-08-10 09:48:15;DESKTOP-22AN8KV;19,7;91,6;10,73;78,1;157,0;50,0
2026-08-10 09:48:25;DESKTOP-22AN8KV;22,1;92,0;10,78;78,1;112,0;13,0
2026-08-10 09:48:35;DESKTOP-22AN8KV;22,0;88,7;10,39;78,1;110,0;6,0
2026-08-10 09:48:45;DESKTOP-22AN8KV;21,5;88,8;10,4;78,1;665,0;59,0
2026-08-10 09:48:55;DESKTOP-22AN8KV;18,6;88,7;10,39;78,1;225,0;32,0
2026-08-10 09:49:05;DESKTOP-22AN8KV;16,6;87,3;10,22;78,1;113,0;7,0
2026-08-10 09:49:15;DESKTOP-22AN8KV;18,8;86,2;10,1;78,1;143,0;19,0
2026-08-10 09:49:25;DESKTOP-22AN8KV;11,3;86,3;10,11;78,1;120,0;17,0
2026-08-10 09:49:35;DESKTOP-22AN8KV;14,2;86,2;10,1;78,1;65,0;4,0
2026-08-10 09:49:45;DESKTOP-22AN8KV;18,5;86,6;10,15;78,1;33,0;34,0
2026-08-10 09:49:55;DESKTOP-22AN8KV;22,3;87,2;10,22;78,1;167,0;61,0
2026-08-10 09:50:05;DESKTOP-22AN8KV;18,2;87,0;10,19;78,1;131,0;25,0
2026-08-10 09:50:15;DESKTOP-22AN8KV;18,7;87,4;10,23;78,1;121,0;32,0
2026-08-10 09:50:25;DESKTOP-22AN8KV;25,6;88,0;10,31;78,1;127,0;23,0
2026-08-10 09:50:35;DESKTOP-22AN8KV;25,5;90,0;10,54;78,1;176,0;54,0
2026-08-10 09:50:45;DESKTOP-22AN8KV;14,6;88,7;10,39;78,1;116,0;26,0
2026-08-10 09:50:55;DESKTOP-22AN8KV;13,7;88,1;10,32;78,1;116,0;26,0
2026-08-10 09:51:05;DESKTOP-22AN8KV;15,9;87,9;10,3;78,1;122,0;14,0
2026-08-10 09:51:15;DESKTOP-22AN8KV;19,2;87,9;10,3;78,1;113,0;4,0
2026-08-10 09:51:25;DESKTOP-22AN8KV;14,0;88,0;10,3;78,1;83,0;10,0
2026-08-10 09:51:35;DESKTOP-22AN8KV;15,9;88,0;10,31;78,1;174,0;13,0
2026-08-10 09:51:45;DESKTOP-22AN8KV;21,7;89,4;10,47;78,1;130,0;7,0
2026-08-10 09:51:55;DESKTOP-22AN8KV;22,5;89,6;10,49;78,1;52,0;15,0
2026-08-10 09:52:05;DESKTOP-22AN8KV;29,8;89,7;10,51;78,1;55,0;12,0
2026-08-10 09:52:15;DESKTOP-22AN8KV;21,0;90,3;10,57;78,1;42,0;11,0
2026-08-10 09:52:25;DESKTOP-22AN8KV;23,5;90,4;10,59;78,1;95,0;57,0
2026-08-10 09:52:35;DESKTOP-22AN8KV;21,7;91,1;10,67;78,1;191,0;9,0
2026-08-10 09:52:45;DESKTOP-22AN8KV;20,4;90,1;10,56;78,1;149,0;17,0
2026-08-10 09:52:55;DESKTOP-22AN8KV;13,0;89,1;10,43;78,1;24,0;4,0
2026-08-10 09:53:05;DESKTOP-22AN8KV;13,9;88,6;10,38;78,1;25,0;4,0
2026-08-10 09:53:15;DESKTOP-22AN8KV;14,6;88,7;10,39;78,1;61,0;17,0
2026-08-10 09:53:25;DESKTOP-22AN8KV;21,0;90,1;10,55;78,1;88,0;8,0
2026-08-10 09:53:35;DESKTOP-22AN8KV;13,3;89,2;10,45;78,1;28,0;5,0
2026-08-10 09:53:45;DESKTOP-22AN8KV;13,3;89,3;10,46;78,1;22,0;3,0
2026-08-10 09:53:56;DESKTOP-22AN8KV;13,5;89,4;10,48;78,1;40,0;13,0
2026-08-10 09:54:06;DESKTOP-22AN8KV;11,2;89,4;10,47;78,1;50,0;15,0
2026-08-10 09:54:16;DESKTOP-22AN8KV;19,3;89,4;10,47;78,1;35,0;5,0
2026-08-10 09:54:26;DESKTOP-22AN8KV;22,8;88,8;10,41;78,1;127,0;27,0
2026-08-10 09:54:36;DESKTOP-22AN8KV;14,4;88,9;10,41;78,1;59,0;5,0
2026-08-10 09:54:46;DESKTOP-22AN8KV;20,4;88,9;10,41;78,1;58,0;10,0
2026-08-10 09:54:56;DESKTOP-22AN8KV;18,5;89,0;10,43;78,1;72,0;13,0
2026-08-10 09:55:06;DESKTOP-22AN8KV;17,7;89,1;10,44;78,1;34,0;5,0
2026-08-10 09:55:16;DESKTOP-22AN8KV;13,5;89,1;10,44;78,1;43,0;4,0
2026-08-10 09:55:26;DESKTOP-22AN8KV;26,2;88,5;10,37;78,1;104,0;22,0
2026-08-10 09:55:36;DESKTOP-22AN8KV;19,1;89,1;10,43;78,1;45,0;48,0
2026-08-10 09:55:46;DESKTOP-22AN8KV;17,1;89,9;10,53;78,1;54,0;11,0
2026-08-10 09:55:56;DESKTOP-22AN8KV;14,9;88,4;10,35;78,1;36,0;21,0
2026-08-10 09:56:06;DESKTOP-22AN8KV;22,9;89,4;10,47;78,1;47,0;13,0
2026-08-10 09:56:16;DESKTOP-22AN8KV;18,9;89,9;10,53;78,1;89,0;33,0
2026-08-10 09:56:26;DESKTOP-22AN8KV;15,2;88,9;10,42;78,1;67,0;3,0
2026-08-10 09:56:36;DESKTOP-22AN8KV;15,8;88,5;10,37;78,1;30,0;16,0
2026-08-10 09:56:46;DESKTOP-22AN8KV;13,9;88,2;10,33;78,1;49,0;24,0
2026-08-10 09:56:56;DESKTOP-22AN8KV;20,7;89,0;10,43;78,1;47,0;24,0
2026-08-10 09:57:06;DESKTOP-22AN8KV;19,2;88,4;10,35;78,1;41,0;5,0
2026-08-10 09:57:16;DESKTOP-22AN8KV;23,9;91,1;10,67;78,1;142,0;34,0
2026-08-10 09:57:26;DESKTOP-22AN8KV;18,0;89,5;10,49;78,1;197,0;71,0
2026-08-10 09:57:36;DESKTOP-22AN8KV;18,0;89,2;10,45;78,1;321,0;32,0
2026-08-10 09:57:46;DESKTOP-22AN8KV;19,1;88,6;10,38;78,1;479,0;8,0
2026-08-10 09:57:56;DESKTOP-22AN8KV;22,1;88,8;10,4;78,1;122,0;25,0
2026-08-10 09:58:06;DESKTOP-22AN8KV;16,1;88,8;10,41;78,1;128,0;10,0
2026-08-10 09:58:16;DESKTOP-22AN8KV;15,3;88,9;10,42;78,1;93,0;5,0
2026-08-10 09:58:26;DESKTOP-22AN8KV;22,0;88,7;10,39;78,1;91,0;57,0
2026-08-10 09:58:36;DESKTOP-22AN8KV;17,7;89,8;10,52;78,1;72,0;25,0
2026-08-10 09:58:46;DESKTOP-22AN8KV;34,3;90,2;10,57;78,1;38,0;53,0
2026-08-10 09:58:57;DESKTOP-22AN8KV;28,8;89,9;10,53;78,1;37,0;50,0
2026-08-10 09:59:07;DESKTOP-22AN8KV;20,5;89,7;10,51;78,1;40,0;28,0
2026-08-10 09:59:17;DESKTOP-22AN8KV;20,6;88,7;10,39;78,1;50,0;12,0
2026-08-10 09:59:27;DESKTOP-22AN8KV;21,8;89,3;10,47;78,1;74,0;36,0
2026-08-10 09:59:37;DESKTOP-22AN8KV;31,0;90,1;10,55;78,1;122,0;79,0
2026-08-10 09:59:47;DESKTOP-22AN8KV;27,8;89,6;10,5;78,1;137,0;64,0
2026-08-10 09:59:57;DESKTOP-22AN8KV;26,5;90,3;10,58;78,1;45,0;33,0
2026-08-10 10:00:07;DESKTOP-22AN8KV;29,5;90,5;10,6;78,1;60,0;20,0
2026-08-10 10:00:17;DESKTOP-22AN8KV;22,4;89,9;10,54;78,1;41,0;24,0
2026-08-10 10:00:27;DESKTOP-22AN8KV;22,9;90,0;10,54;78,1;90,0;4,0
2026-08-10 10:00:37;DESKTOP-22AN8KV;21,1;90,0;10,54;78,1;51,0;4,0
2026-08-10 10:00:47;DESKTOP-22AN8KV;24,2;90,2;10,56;78,1;23,0;19,0
2026-08-10 10:00:57;DESKTOP-22AN8KV;20,8;88,4;10,36;78,1;36,0;28,0
2026-08-10 10:01:07;DESKTOP-22AN8KV;23,4;89,2;10,44;78,1;30,0;7,0
2026-08-10 10:01:17;DESKTOP-22AN8KV;29,2;89,0;10,43;78,1;40,0;41,0
2026-08-10 10:01:27;DESKTOP-22AN8KV;26,5;89,6;10,49;78,1;62,0;19,0
2026-08-10 10:01:37;DESKTOP-22AN8KV;26,7;89,5;10,48;78,1;33,0;10,0
2026-08-10 10:01:47;DESKTOP-22AN8KV;26,5;89,1;10,44;78,4;33,0;11,0
2026-08-10 10:01:57;DESKTOP-22AN8KV;26,6;89,9;10,53;78,6;46,0;10,0
2026-08-10 10:02:07;DESKTOP-22AN8KV;33,8;94,4;11,06;79,0;152,0;32,0
2026-08-10 10:02:17;DESKTOP-22AN8KV;37,8;90,4;10,59;79,2;160,0;18,0
2026-08-10 10:02:27;DESKTOP-22AN8KV;24,6;90,3;10,57;79,3;109,0;4,0
2026-08-10 10:02:37;DESKTOP-22AN8KV;22,7;89,8;10,52;79,5;110,0;6,0
2026-08-10 10:02:47;DESKTOP-22AN8KV;21,7;89,6;10,49;79,8;109,0;4,0
2026-08-10 10:02:57;DESKTOP-22AN8KV;22,1;89,4;10,48;79,9;107,0;7,0
2026-08-10 10:03:07;DESKTOP-22AN8KV;23,8;88,4;10,36;80,1;126,0;19,0
2026-08-10 10:03:17;DESKTOP-22AN8KV;24,0;88,4;10,36;80,2;108,0;12,0
2026-08-10 10:03:27;DESKTOP-22AN8KV;31,2;87,1;10,2;80,3;95,0;38,0
2026-08-10 10:03:37;DESKTOP-22AN8KV;24,8;86,9;10,18;80,4;65,0;13,0
2026-08-10 10:03:47;DESKTOP-22AN8KV;25,6;86,7;10,16;80,5;36,0;16,0
2026-08-10 10:03:57;DESKTOP-22AN8KV;27,7;86,9;10,18;80,5;31,0;2,0
2026-08-10 10:04:08;DESKTOP-22AN8KV;27,2;87,2;10,22;80,5;49,0;5,0
2026-08-10 10:04:18;DESKTOP-22AN8KV;26,2;86,3;10,11;80,5;42,0;3,0
2026-08-10 10:04:28;DESKTOP-22AN8KV;28,6;86,9;10,18;80,6;86,0;12,0
2026-08-10 10:04:38;DESKTOP-22AN8KV;25,8;86,9;10,18;80,7;75,0;10,0
2026-08-10 10:04:48;DESKTOP-22AN8KV;22,6;87,1;10,21;80,9;54,0;16,0
2026-08-10 10:04:58;DESKTOP-22AN8KV;26,6;87,6;10,26;80,9;36,0;9,0
2026-08-10 10:05:08;DESKTOP-22AN8KV;25,5;88,3;10,34;80,9;37,0;7,0
2026-08-10 10:05:18;DESKTOP-22AN8KV;24,8;88,9;10,42;80,9;56,0;26,0
2026-08-10 10:05:28;DESKTOP-22AN8KV;22,9;88,6;10,38;80,9;78,0;50,0
2026-08-10 10:05:38;DESKTOP-22AN8KV;25,1;88,6;10,38;80,9;58,0;11,0
2026-08-10 10:05:48;DESKTOP-22AN8KV;34,0;89,1;10,44;80,9;47,0;6,0
2026-08-10 10:05:58;DESKTOP-22AN8KV;30,2;88,6;10,38;80,9;45,0;41,0
2026-08-10 10:06:08;DESKTOP-22AN8KV;27,9;88,6;10,38;80,9;51,0;5,0
2026-08-10 10:06:18;DESKTOP-22AN8KV;26,6;90,2;10,57;80,9;54,0;11,0
2026-08-10 10:06:28;DESKTOP-22AN8KV;31,6;90,5;10,61;80,9;84,0;10,0
2026-08-10 10:06:38;DESKTOP-22AN8KV;25,4;90,8;10,64;80,9;48,0;3,0
2026-08-10 10:06:48;DESKTOP-22AN8KV;31,2;90,6;10,62;80,9;34,0;18,0
2026-08-10 10:06:58;DESKTOP-22AN8KV;27,1;90,3;10,58;80,9;29,0;1,0
2026-08-10 10:07:08;DESKTOP-22AN8KV;27,2;90,3;10,58;80,9;23,0;5,0
2026-08-10 10:07:18;DESKTOP-22AN8KV;34,3;91,3;10,69;80,9;41,0;11,0
2026-08-10 10:07:28;DESKTOP-22AN8KV;33,4;91,7;10,74;80,9;76,0;17,0
2026-08-10 10:07:38;DESKTOP-22AN8KV;29,5;91,5;10,72;80,9;25,0;5,0
2026-08-10 10:07:48;DESKTOP-22AN8KV;33,4;87,3;10,22;80,9;33,0;10,0
2026-08-10 10:07:58;DESKTOP-22AN8KV;21,5;87,0;10,19;80,9;26,0;3,0
2026-08-10 10:08:08;DESKTOP-22AN8KV;24,2;86,4;10,13;80,9;34,0;8,0
2026-08-10 10:08:18;DESKTOP-22AN8KV;18,1;86,4;10,12;80,9;316,0;25,0
2026-08-10 10:08:28;DESKTOP-22AN8KV;31,8;88,6;10,38;80,9;81,0;3,0
2026-08-10 10:08:38;DESKTOP-22AN8KV;30,9;88,7;10,39;80,9;27,0;3,0
2026-08-10 10:08:48;DESKTOP-22AN8KV;19,7;88,7;10,39;80,9;70,0;2,0
2026-08-10 10:08:58;DESKTOP-22AN8KV;21,2;88,2;10,34;80,9;44,0;2,0
2026-08-10 10:09:08;DESKTOP-22AN8KV;18,5;88,0;10,31;80,9;43,0;21,0
2026-08-10 10:09:18;DESKTOP-22AN8KV;20,5;87,5;10,25;80,9;75,0;3,0
2026-08-10 10:09:28;DESKTOP-22AN8KV;21,3;87,9;10,3;80,9;76,0;7,0
2026-08-10 10:09:39;DESKTOP-22AN8KV;21,4;88,2;10,34;80,9;37,0;13,0
2026-08-10 10:09:49;DESKTOP-22AN8KV;18,1;88,0;10,31;80,9;26,0;3,0
2026-08-10 10:09:59;DESKTOP-22AN8KV;19,4;88,3;10,35;80,9;31,0;10,0
2026-08-10 10:10:09;DESKTOP-22AN8KV;27,4;88,6;10,38;80,9;86,0;16,0
2026-08-10 10:10:19;DESKTOP-22AN8KV;19,9;88,2;10,33;80,9;50,0;11,0
2026-08-10 10:10:29;DESKTOP-22AN8KV;19,2;88,1;10,32;80,9;89,0;3,0
2026-08-10 10:10:39;DESKTOP-22AN8KV;18,8;87,5;10,24;80,9;45,0;12,0
2026-08-10 10:10:49;DESKTOP-22AN8KV;19,5;87,5;10,25;80,9;42,0;10,0
2026-08-10 10:10:59;DESKTOP-22AN8KV;18,9;87,4;10,24;80,9;44,0;10,0
2026-08-10 10:11:09;DESKTOP-22AN8KV;20,9;87,3;10,23;80,9;42,0;6,0
2026-08-10 10:11:19;DESKTOP-22AN8KV;18,6;87,1;10,21;80,9;43,0;3,0
2026-08-10 10:11:29;DESKTOP-22AN8KV;20,0;87,3;10,22;80,9;92,0;17,0
2026-08-10 10:11:39;DESKTOP-22AN8KV;25,9;88,1;10,32;80,9;30,0;4,0
2026-08-10 10:11:49;DESKTOP-22AN8KV;36,9;89,4;10,47;80,9;222,0;25,0
2026-08-10 10:11:59;DESKTOP-22AN8KV;25,5;89,3;10,47;81,0;27,0;2,0
2026-08-10 10:12:09;DESKTOP-22AN8KV;28,7;90,7;10,62;81,0;57,0;25,0
2026-08-10 10:12:19;DESKTOP-22AN8KV;30,0;90,7;10,63;81,0;51,0;2,0
2026-08-10 10:12:29;DESKTOP-22AN8KV;31,8;98,5;11,54;81,0;196,0;12,0
2026-08-10 10:12:39;DESKTOP-22AN8KV;32,3;97,0;11,36;81,6;57,0;14,0
2026-08-10 10:12:49;DESKTOP-22AN8KV;35,0;96,7;11,32;81,6;344,0;83,0
2026-08-10 10:12:59;DESKTOP-22AN8KV;34,5;96,6;11,32;81,6;208,0;12,0
2026-08-10 10:13:09;DESKTOP-22AN8KV;33,9;96,6;11,31;81,6;205,0;39,0
2026-08-10 10:13:19;DESKTOP-22AN8KV;34,4;96,2;11,27;81,6;504,0;115,0
2026-08-10 10:13:29;DESKTOP-22AN8KV;35,3;96,3;11,28;81,6;441,0;16,0
2026-08-10 10:13:39;DESKTOP-22AN8KV;35,2;96,0;11,25;81,6;169,0;37,0
2026-08-10 10:13:49;DESKTOP-22AN8KV;33,3;96,1;11,26;81,6;121,0;13,0
2026-08-10 10:13:59;DESKTOP-22AN8KV;34,9;96,4;11,29;81,6;170,0;26,0
2026-08-10 10:14:09;DESKTOP-22AN8KV;34,9;96,3;11,28;81,6;188,0;19,0
2026-08-10 10:14:19;DESKTOP-22AN8KV;36,1;96,9;11,35;81,6;522,0;21,0
2026-08-10 10:14:29;DESKTOP-22AN8KV;30,4;96,1;11,26;81,9;196,0;21,0
2026-08-10 10:14:39;DESKTOP-22AN8KV;33,6;96,4;11,29;81,9;266,0;13,0
2026-08-10 10:14:50;DESKTOP-22AN8KV;27,7;96,5;11,31;81,9;46,0;1,0
2026-08-10 10:15:00;DESKTOP-22AN8KV;32,8;96,4;11,29;81,9;94,0;29,0
2026-08-10 10:15:10;DESKTOP-22AN8KV;30,6;96,0;11,24;81,9;245,0;46,0
2026-08-10 10:15:20;DESKTOP-22AN8KV;31,1;83,5;9,78;81,9;268,0;16,0
2026-08-10 10:15:30;DESKTOP-22AN8KV;29,1;86,4;10,12;81,9;28,0;2,0
2026-08-10 10:15:40;DESKTOP-22AN8KV;30,2;96,1;11,26;82,0;68,0;18,0
2026-08-10 10:15:50;DESKTOP-22AN8KV;31,1;96,0;11,25;82,3;37,0;3,0
2026-08-10 10:16:00;DESKTOP-22AN8KV;42,3;97,0;11,36;82,3;267,0;47,0
2026-08-10 10:16:10;DESKTOP-22AN8KV;32,5;97,4;11,41;82,3;61,0;14,0
2026-08-10 10:16:20;DESKTOP-22AN8KV;36,7;96,4;11,29;82,3;335,0;44,0
2026-08-10 10:16:30;DESKTOP-22AN8KV;30,1;95,5;11,19;82,5;31,0;8,0
2026-08-10 10:16:40;DESKTOP-22AN8KV;34,3;96,6;11,32;82,7;381,0;25,0
2026-08-10 10:16:50;DESKTOP-22AN8KV;31,2;96,4;11,3;82,7;30,0;3,0
2026-08-10 10:17:00;DESKTOP-22AN8KV;32,0;96,5;11,31;82,8;102,0;21,0
2026-08-10 10:17:10;DESKTOP-22AN8KV;33,5;95,7;11,21;82,8;303,0;17,0
2026-08-10 10:17:20;DESKTOP-22AN8KV;29,4;95,6;11,2;82,8;227,0;32,0
2026-08-10 10:17:30;DESKTOP-22AN8KV;29,6;96,2;11,27;82,8;367,0;35,0
2026-08-10 10:17:40;DESKTOP-22AN8KV;21,8;96,0;11,25;82,8;21,0;4,0
2026-08-10 10:17:50;DESKTOP-22AN8KV;22,5;96,1;11,25;82,8;23,0;7,0
2026-08-10 10:18:00;DESKTOP-22AN8KV;26,0;96,6;11,32;82,8;53,0;9,0
2026-08-10 10:18:10;DESKTOP-22AN8KV;24,3;96,5;11,31;82,8;88,0;27,0
2026-08-10 10:18:20;DESKTOP-22AN8KV;26,6;96,5;11,3;82,8;73,0;34,0
2026-08-10 10:18:30;DESKTOP-22AN8KV;22,5;96,2;11,26;82,8;59,0;2,0
2026-08-10 10:18:40;DESKTOP-22AN8KV;22,5;96,1;11,26;82,8;29,0;3,0
2026-08-10 10:18:50;DESKTOP-22AN8KV;27,4;95,8;11,23;82,8;44,0;5,0
2026-08-10 10:19:00;DESKTOP-22AN8KV;23,7;81,7;9,57;82,8;26,0;19,0
2026-08-10 10:19:10;DESKTOP-22AN8KV;18,1;84,5;9,89;82,8;39,0;12,0
2026-08-10 10:19:20;DESKTOP-22AN8KV;25,3;84,7;9,93;82,8;46,0;15,0
2026-08-10 10:19:30;DESKTOP-22AN8KV;29,4;95,1;11,14;82,8;48,0;1,0
2026-08-10 10:19:40;DESKTOP-22AN8KV;27,4;95,1;11,14;82,8;16,0;3,0
2026-08-10 10:19:50;DESKTOP-22AN8KV;30,5;95,3;11,16;82,8;20,0;4,0
2026-08-10 10:20:00;DESKTOP-22AN8KV;35,1;96,5;11,31;82,9;239,0;56,0
2026-08-10 10:20:10;DESKTOP-22AN8KV;33,7;96,1;11,26;82,9;219,0;48,0
2026-08-10 10:20:20;DESKTOP-22AN8KV;34,9;96,2;11,27;83,0;130,0;10,0
2026-08-10 10:20:30;DESKTOP-22AN8KV;37,7;96,2;11,27;83,0;288,0;24,0
2026-08-10 10:20:41;DESKTOP-22AN8KV;29,7;96,6;11,31;83,1;23,0;4,0
2026-08-10 10:20:51;DESKTOP-22AN8KV;33,3;96,3;11,28;83,1;55,0;4,0
2026-08-10 10:21:01;DESKTOP-22AN8KV;38,4;96,2;11,26;83,1;74,0;5,0
2026-08-10 10:21:11;DESKTOP-22AN8KV;42,0;97,1;11,38;83,1;46,0;15,0
2026-08-10 10:21:21;DESKTOP-22AN8KV;41,1;97,2;11,38;83,1;184,0;52,0
2026-08-10 10:21:31;DESKTOP-22AN8KV;43,6;97,0;11,37;83,1;29,0;1,0
2026-08-10 10:21:41;DESKTOP-22AN8KV;40,7;97,2;11,39;83,1;35,0;3,0
2026-08-10 10:21:51;DESKTOP-22AN8KV;37,4;96,2;11,27;83,1;164,0;26,0
2026-08-10 10:22:01;DESKTOP-22AN8KV;35,3;95,9;11,24;83,2;130,0;10,0
2026-08-10 10:22:11;DESKTOP-22AN8KV;36,4;96,0;11,25;83,2;140,0;19,0
2026-08-10 10:22:21;DESKTOP-22AN8KV;37,9;96,6;11,32;83,2;173,0;18,0
2026-08-10 10:22:31;DESKTOP-22AN8KV;36,7;96,7;11,33;83,2;201,0;31,0
2026-08-10 10:22:41;DESKTOP-22AN8KV;39,1;97,5;11,43;83,2;87,0;20,0
2026-08-10 10:22:51;DESKTOP-22AN8KV;36,3;97,9;11,47;83,2;118,0;32,0
2026-08-10 10:23:01;DESKTOP-22AN8KV;34,0;97,6;11,43;83,2;18,0;1,0
2026-08-10 10:23:11;DESKTOP-22AN8KV;32,5;97,9;11,47;83,2;26,0;8,0
2026-08-10 10:23:21;DESKTOP-22AN8KV;28,8;97,6;11,43;83,2;20,0;16,0
2026-08-10 10:23:31;DESKTOP-22AN8KV;31,3;97,6;11,44;83,2;28,0;9,0
2026-08-10 10:23:41;DESKTOP-22AN8KV;37,8;96,9;11,35;83,2;99,0;77,0
2026-08-10 10:23:51;DESKTOP-22AN8KV;33,3;97,5;11,42;83,2;217,0;49,0
2026-08-10 10:24:01;DESKTOP-22AN8KV;34,5;98,4;11,53;83,2;84,0;2,0
2026-08-10 10:24:11;DESKTOP-22AN8KV;33,8;99,2;11,62;83,2;113,0;25,0
2026-08-10 10:24:21;DESKTOP-22AN8KV;30,2;99,5;11,66;83,2;45,0;2,0
2026-08-10 10:24:31;DESKTOP-22AN8KV;28,5;99,1;11,61;83,2;43,0;1,0
2026-08-10 10:24:41;DESKTOP-22AN8KV;30,7;98,1;11,5;83,2;46,0;28,0
2026-08-10 10:24:51;DESKTOP-22AN8KV;39,8;96,8;11,34;83,2;50,0;14,0
2026-08-10 10:25:01;DESKTOP-22AN8KV;37,4;95,6;11,19;83,2;435,0;68,0
2026-08-10 10:25:11;DESKTOP-22AN8KV;31,5;95,3;11,16;83,2;223,0;34,0
2026-08-10 10:25:21;DESKTOP-22AN8KV;33,7;95,7;11,21;83,2;56,0;3,0
2026-08-10 10:25:31;DESKTOP-22AN8KV;32,3;95,7;11,21;83,2;316,0;24,0
2026-08-10 10:25:41;DESKTOP-22AN8KV;44,8;79,6;9,32;83,2;63,0;15,0
2026-08-10 10:25:51;DESKTOP-22AN8KV;34,0;82,8;9,7;83,2;15894,0;202,0
2026-08-10 10:26:01;DESKTOP-22AN8KV;27,4;85,3;9,99;83,2;701,0;224,0
2026-08-10 10:26:12;DESKTOP-22AN8KV;26,3;85,3;10,0;83,2;155,0;10,0
2026-08-10 10:26:22;DESKTOP-22AN8KV;35,1;94,7;11,09;83,2;147,0;11,0
2026-08-10 10:26:32;DESKTOP-22AN8KV;42,8;96,9;11,35;83,2;130,0;13,0
2026-08-10 10:26:42;DESKTOP-22AN8KV;36,1;95,9;11,24;83,6;113,0;7,0
2026-08-10 10:26:52;DESKTOP-22AN8KV;32,9;95,0;11,13;83,6;145,0;5,0
2026-08-10 10:27:02;DESKTOP-22AN8KV;40,7;94,2;11,04;83,6;162,0;27,0
2026-08-10 10:27:12;DESKTOP-22AN8KV;34,7;91,4;10,71;83,7;84,0;18,0
2026-08-10 10:27:22;DESKTOP-22AN8KV;29,4;91,5;10,71;83,7;82,0;25,0
2026-08-10 10:27:32;DESKTOP-22AN8KV;28,4;91,9;10,77;83,7;33,0;10,0
2026-08-10 10:27:42;DESKTOP-22AN8KV;24,8;92,2;10,8;83,7;45,0;13,0
2026-08-10 10:27:52;DESKTOP-22AN8KV;26,4;92,1;10,78;83,7;42,0;2,0
2026-08-10 10:28:02;DESKTOP-22AN8KV;30,7;92,3;10,81;83,7;86,0;31,0
2026-08-10 10:28:12;DESKTOP-22AN8KV;38,0;91,5;10,72;83,7;215,0;75,0
2026-08-10 10:28:22;DESKTOP-22AN8KV;38,1;92,8;10,88;83,7;228,0;141,0
2026-08-10 10:28:32;DESKTOP-22AN8KV;31,9;92,6;10,84;83,7;137,0;25,0
2026-08-10 10:28:42;DESKTOP-22AN8KV;33,0;92,0;10,77;83,7;123,0;22,0
2026-08-10 10:28:52;DESKTOP-22AN8KV;27,4;92,6;10,85;83,7;144,0;45,0
2026-08-10 10:29:02;DESKTOP-22AN8KV;29,2;93,1;10,9;83,7;149,0;48,0
2026-08-10 10:29:12;DESKTOP-22AN8KV;22,2;92,0;10,77;83,7;74,0;41,0
2026-08-10 10:29:22;DESKTOP-22AN8KV;26,5;90,4;10,59;83,7;94,0;16,0
2026-08-10 10:29:32;DESKTOP-22AN8KV;20,2;88,8;10,4;83,7;65,0;31,0
2026-08-10 10:29:42;DESKTOP-22AN8KV;22,5;89,0;10,43;83,7;65,0;26,0
2026-08-10 10:29:52;DESKTOP-22AN8KV;26,7;89,6;10,5;83,7;53,0;6,0
2026-08-10 10:30:02;DESKTOP-22AN8KV;32,4;92,1;10,78;83,7;259,0;130,0
2026-08-10 10:30:12;DESKTOP-22AN8KV;28,7;92,2;10,81;83,7;163,0;46,0
2026-08-10 10:30:22;DESKTOP-22AN8KV;28,9;92,2;10,8;83,7;165,0;63,0
2026-08-10 10:30:32;DESKTOP-22AN8KV;23,8;91,5;10,71;83,7;154,0;45,0
2026-08-10 10:30:42;DESKTOP-22AN8KV;23,6;90,3;10,58;83,7;131,0;37,0
2026-08-10 10:30:52;DESKTOP-22AN8KV;25,5;91,9;10,77;83,7;213,0;6400,0
2026-08-10 10:31:02;DESKTOP-22AN8KV;22,4;91,8;10,76;83,7;140,0;81,0
2026-08-10 10:31:13;DESKTOP-22AN8KV;27,7;91,6;10,73;83,7;136,0;49,0
2026-08-10 10:31:23;DESKTOP-22AN8KV;27,6;91,7;10,74;83,7;162,0;33,0
2026-08-10 10:31:33;DESKTOP-22AN8KV;27,7;91,6;10,73;83,7;45,0;29,0
2026-08-10 10:31:43;DESKTOP-22AN8KV;27,7;91,5;10,72;83,7;31,0;23,0
2026-08-10 10:31:53;DESKTOP-22AN8KV;31,4;91,7;10,74;83,7;79,0;93,0
2026-08-10 10:32:03;DESKTOP-22AN8KV;27,3;89,5;10,49;83,7;36,0;25,0
2026-08-10 10:32:13;DESKTOP-22AN8KV;30,7;91,1;10,67;83,7;90,0;6513,0
2026-08-10 10:32:23;DESKTOP-22AN8KV;40,6;92,4;10,82;83,7;331,0;6697,0
2026-08-10 10:32:33;DESKTOP-22AN8KV;32,9;92,5;10,84;83,7;72,0;432,0
2026-08-10 10:32:43;DESKTOP-22AN8KV;38,3;92,5;10,83;83,7;187,0;13191,0
2026-08-10 10:32:53;DESKTOP-22AN8KV;33,8;92,2;10,8;83,7;48,0;195,0
2026-08-10 10:33:03;DESKTOP-22AN8KV;33,9;92,7;10,86;83,7;102,0;6544,0
2026-08-10 10:33:13;DESKTOP-22AN8KV;34,0;94,6;11,08;83,7;77,0;162,0
2026-08-10 10:33:23;DESKTOP-22AN8KV;28,0;93,2;10,92;83,7;171,0;49,0
2026-08-10 10:33:33;DESKTOP-22AN8KV;26,4;94,2;11,03;83,7;288,0;81,0
2026-08-10 10:33:43;DESKTOP-22AN8KV;28,6;95,5;11,19;83,7;2216,0;210,0
2026-08-10 10:33:53;DESKTOP-22AN8KV;25,7;95,6;11,2;83,7;250,0;66,0
2026-08-10 10:34:03;DESKTOP-22AN8KV;28,5;92,7;10,85;83,7;147,0;16,0
2026-08-10 10:34:13;DESKTOP-22AN8KV;31,1;94,5;11,08;83,7;545,0;167,0
2026-08-10 10:34:23;DESKTOP-22AN8KV;38,0;96,4;11,29;83,7;4451,0;348,0
2026-08-10 10:34:33;DESKTOP-22AN8KV;34,4;96,3;11,28;83,7;2467,0;244,0
2026-08-10 10:34:43;DESKTOP-22AN8KV;19,7;95,8;11,23;83,7;133,0;10,0
2026-08-10 10:34:53;DESKTOP-22AN8KV;28,2;95,8;11,23;83,7;168,0;94,0
2026-08-10 10:35:03;DESKTOP-22AN8KV;29,4;95,7;11,21;83,7;2642,0;87,0
2026-08-10 10:35:13;DESKTOP-22AN8KV;35,6;95,9;11,23;83,7;32566,0;811,0
2026-08-10 10:35:23;DESKTOP-22AN8KV;20,8;94,0;11,01;83,7;139,0;36,0
2026-08-10 10:35:33;DESKTOP-22AN8KV;21,2;93,9;11,01;83,7;34,0;14,0
2026-08-10 10:35:43;DESKTOP-22AN8KV;24,2;93,2;10,92;83,7;29,0;25,0
2026-08-10 10:35:53;DESKTOP-22AN8KV;31,0;93,6;10,97;83,7;2192,0;287,0
2026-08-10 10:36:03;DESKTOP-22AN8KV;25,4;94,7;11,09;83,7;616,0;354,0
2026-08-10 10:36:13;DESKTOP-22AN8KV;42,7;95,8;11,23;83,7;4349,0;284,0
2026-08-10 10:36:24;DESKTOP-22AN8KV;38,3;94,7;11,09;83,7;5303,0;103,0
2026-08-10 10:36:34;DESKTOP-22AN8KV;22,8;90,5;10,6;83,7;107,0;27,0
2026-08-10 10:36:44;DESKTOP-22AN8KV;31,3;86,7;10,16;83,7;188,0;86,0
2026-08-10 10:36:54;DESKTOP-22AN8KV;22,4;85,8;10,05;83,7;145,0;52,0
2026-08-10 10:37:04;DESKTOP-22AN8KV;22,1;85,5;10,02;83,7;243,0;36,0
2026-08-10 10:37:14;DESKTOP-22AN8KV;21,8;85,9;10,06;83,7;231,0;6586,0
2026-08-10 10:37:24;DESKTOP-22AN8KV;31,1;88,5;10,37;83,7;196,0;127,0
2026-08-10 10:37:34;DESKTOP-22AN8KV;28,9;87,9;10,29;83,7;264,0;6579,0
2026-08-10 10:37:44;DESKTOP-22AN8KV;25,6;87,4;10,23;83,7;133,0;37,0
2026-08-10 10:37:54;DESKTOP-22AN8KV;27,9;86,9;10,18;83,7;201,0;6650,0
2026-08-10 10:38:04;DESKTOP-22AN8KV;24,4;86,8;10,17;83,7;114,0;76,0
2026-08-10 10:38:14;DESKTOP-22AN8KV;22,4;87,4;10,23;83,7;136,0;59,0
2026-08-10 10:38:24;DESKTOP-22AN8KV;27,0;87,0;10,19;83,7;141,0;22,0
2026-08-10 10:38:34;DESKTOP-22AN8KV;24,4;87,2;10,22;83,7;62,0;41,0
2026-08-10 10:38:44;DESKTOP-22AN8KV;27,4;87,8;10,29;83,7;143,0;6668,0
2026-08-10 10:38:54;DESKTOP-22AN8KV;29,8;87,5;10,25;83,7;89,0;121,0
2026-08-10 10:39:04;DESKTOP-22AN8KV;27,7;91,2;10,68;83,7;793,0;6846,0
2026-08-10 10:39:14;DESKTOP-22AN8KV;26,1;91,1;10,67;83,7;147,0;6955,0
2026-08-10 10:39:24;DESKTOP-22AN8KV;19,5;85,9;10,06;83,7;182,0;6986,0
2026-08-10 10:39:34;DESKTOP-22AN8KV;20,1;86,2;10,1;83,7;67,0;124,0
2026-08-10 10:39:44;DESKTOP-22AN8KV;31,4;86,1;10,09;83,7;134,0;6767,0
2026-08-10 10:39:54;DESKTOP-22AN8KV;20,1;86,0;10,07;83,7;29,0;51,0
2026-08-10 10:40:04;DESKTOP-22AN8KV;27,8;85,8;10,05;83,7;60,0;52,0
2026-08-10 10:40:14;DESKTOP-22AN8KV;29,0;84,5;9,9;83,7;39,0;41,0
2026-08-10 10:40:24;DESKTOP-22AN8KV;20,9;84,4;9,89;83,7;88,0;33,0
2026-08-10 10:40:34;DESKTOP-22AN8KV;21,9;84,8;9,93;83,7;27,0;58,0
2026-08-10 10:40:44;DESKTOP-22AN8KV;20,9;84,2;9,86;83,7;58,0;48,0
2026-08-10 10:40:54;DESKTOP-22AN8KV;20,0;84,0;9,84;83,7;44,0;28,0
2026-08-10 10:41:04;DESKTOP-22AN8KV;22,9;84,4;9,89;83,7;49,0;61,0
2026-08-10 10:41:14;DESKTOP-22AN8KV;20,3;83,5;9,78;83,7;39,0;24,0
2026-08-10 10:41:24;DESKTOP-22AN8KV;29,0;84,1;9,85;83,7;898,0;299,0
2026-08-10 10:41:34;DESKTOP-22AN8KV;30,3;83,6;9,8;83,7;60,0;69,0
2026-08-10 10:41:44;DESKTOP-22AN8KV;38,5;86,9;10,18;83,7;163,0;150,0
2026-08-10 10:41:54;DESKTOP-22AN8KV;30,5;86,4;10,12;83,7;564,0;121,0
2026-08-10 10:42:05;DESKTOP-22AN8KV;28,7;87,8;10,28;83,7;157,0;106,0
2026-08-10 10:42:15;DESKTOP-22AN8KV;16,0;87,1;10,2;83,7;81,0;26,0
2026-08-10 10:42:25;DESKTOP-22AN8KV;32,2;87,6;10,26;83,7;112,0;35,0
2026-08-10 10:42:35;DESKTOP-22AN8KV;26,6;85,7;10,04;83,7;135,0;106,0
2026-08-10 10:42:45;DESKTOP-22AN8KV;24,9;86,7;10,16;83,7;396,0;38,0
2026-08-10 10:42:55;DESKTOP-22AN8KV;23,0;85,9;10,07;83,7;433,0;8,0
2026-08-10 10:43:05;DESKTOP-22AN8KV;13,3;85,4;10,01;83,7;123,0;40,0
2026-08-10 10:43:15;DESKTOP-22AN8KV;26,7;87,8;10,28;83,7;808,0;497,0
2026-08-10 10:43:25;DESKTOP-22AN8KV;23,7;87,5;10,25;83,7;151,0;47,0
2026-08-10 10:43:35;DESKTOP-22AN8KV;19,4;87,5;10,25;83,7;145,0;36,0
2026-08-10 10:43:45;DESKTOP-22AN8KV;14,2;86,8;10,17;83,7;107,0;7,0
2026-08-10 10:43:55;DESKTOP-22AN8KV;13,2;86,6;10,15;83,7;104,0;6,0
2026-08-10 10:44:05;DESKTOP-22AN8KV;35,4;91,2;10,68;83,7;729,0;122,0
2026-08-10 10:44:15;DESKTOP-22AN8KV;22,0;87,6;10,26;83,7;155,0;20,0
2026-08-10 10:44:25;DESKTOP-22AN8KV;25,2;84,1;9,86;83,7;137,0;27,0
2026-08-10 10:44:35;DESKTOP-22AN8KV;27,0;84,8;9,94;83,7;40913,0;104,0
2026-08-10 10:44:45;DESKTOP-22AN8KV;32,1;86,2;10,1;83,8;175920,0;3113,0
2026-08-10 10:44:55;DESKTOP-22AN8KV;29,3;86,3;10,11;83,9;154963,0;3384,0
2026-08-10 10:45:05;DESKTOP-22AN8KV;30,6;84,9;9,94;84,0;50524,0;1040,0
2026-08-10 10:45:15;DESKTOP-22AN8KV;29,1;84,5;9,9;84,0;41,0;4,0
2026-08-10 10:45:25;DESKTOP-22AN8KV;34,1;85,3;10,0;84,0;102,0;21,0
2026-08-10 10:45:35;DESKTOP-22AN8KV;46,2;86,5;10,13;84,0;36,0;6,0
2026-08-10 10:45:45;DESKTOP-22AN8KV;47,9;86,5;10,13;84,0;23,0;3,0
2026-08-10 10:45:55;DESKTOP-22AN8KV;31,0;85,9;10,06;84,0;35,0;11,0
2026-08-10 10:46:05;DESKTOP-22AN8KV;26,2;85,9;10,06;84,0;54,0;11,0
2026-08-10 10:46:15;DESKTOP-22AN8KV;25,1;85,8;10,05;84,0;51,0;15,0
2026-08-10 10:46:25;DESKTOP-22AN8KV;26,5;86,1;10,09;84,0;111,0;61,0
2026-08-10 10:46:35;DESKTOP-22AN8KV;22,0;85,9;10,06;84,0;20,0;6,0
2026-08-10 10:46:45;DESKTOP-22AN8KV;24,5;86,0;10,07;84,0;34,0;12,0
2026-08-10 10:46:55;DESKTOP-22AN8KV;21,3;85,6;10,03;84,0;49,0;24,0
2026-08-10 10:47:05;DESKTOP-22AN8KV;33,7;88,5;10,37;84,0;37,0;6,0
2026-08-10 10:47:15;DESKTOP-22AN8KV;15,9;87,8;10,29;84,0;39,0;4,0
2026-08-10 10:47:25;DESKTOP-22AN8KV;16,8;88,2;10,33;84,0;137,0;27,0
2026-08-10 10:47:36;DESKTOP-22AN8KV;15,3;88,1;10,32;84,0;38,0;4,0
2026-08-10 10:47:46;DESKTOP-22AN8KV;14,0;88,0;10,31;84,0;38,0;3,0
2026-08-10 10:47:56;DESKTOP-22AN8KV;15,4;89,5;10,49;84,0;50,0;2,0
2026-08-10 10:48:06;DESKTOP-22AN8KV;30,3;88,0;10,31;84,0;88,0;89,0
2026-08-10 10:48:16;DESKTOP-22AN8KV;22,7;87,7;10,27;84,0;112,0;7028,0
2026-08-10 10:48:26;DESKTOP-22AN8KV;40,4;92,3;10,82;84,0;83,0;217,0
2026-08-10 10:48:36;DESKTOP-22AN8KV;51,9;94,7;11,09;84,0;107,0;7078,0
2026-08-10 10:48:46;DESKTOP-22AN8KV;23,4;94,7;11,09;84,0;109,0;98,0
2026-08-10 10:48:56;DESKTOP-22AN8KV;21,6;93,9;11,0;84,0;68,0;74,0
2026-08-10 10:49:06;DESKTOP-22AN8KV;14,6;93,8;10,99;84,0;352,0;58,0
2026-08-10 10:49:16;DESKTOP-22AN8KV;22,5;94,1;11,02;84,0;39,0;34,0
2026-08-10 10:49:26;DESKTOP-22AN8KV;24,4;93,8;10,99;84,0;105,0;69,0
2026-08-10 10:49:36;DESKTOP-22AN8KV;21,3;90,6;10,61;84,0;37,0;14,0
2026-08-10 10:49:46;DESKTOP-22AN8KV;21,8;90,5;10,6;84,0;70,0;23,0
2026-08-10 10:49:56;DESKTOP-22AN8KV;22,2;91,7;10,74;84,0;65,0;54,0
2026-08-10 10:50:06;DESKTOP-22AN8KV;17,3;91,0;10,66;84,0;42,0;19,0
2026-08-10 10:50:16;DESKTOP-22AN8KV;19,7;91,2;10,68;84,0;37,0;63,0
2026-08-10 10:50:26;DESKTOP-22AN8KV;20,0;90,4;10,59;84,0;109,0;29,0
2026-08-10 10:50:36;DESKTOP-22AN8KV;24,8;90,5;10,6;84,0;48,0;42,0
2026-08-10 10:50:46;DESKTOP-22AN8KV;20,1;90,4;10,59;84,0;34,0;3,0
2026-08-10 10:50:56;DESKTOP-22AN8KV;19,8;90,6;10,62;84,0;42,0;46,0
2026-08-10 10:51:06;DESKTOP-22AN8KV;19,4;90,1;10,55;84,0;25,0;4,0
2026-08-10 10:51:16;DESKTOP-22AN8KV;15,1;90,2;10,57;84,0;41,0;4,0
2026-08-10 10:51:26;DESKTOP-22AN8KV;23,1;91,4;10,71;84,0;114,0;58,0
2026-08-10 10:51:36;DESKTOP-22AN8KV;17,2;90,7;10,63;84,0;34,0;16,0
2026-08-10 10:51:46;DESKTOP-22AN8KV;19,4;90,6;10,61;84,0;24,0;4,0
2026-08-10 10:51:56;DESKTOP-22AN8KV;15,4;90,2;10,56;84,0;29,0;3,0
2026-08-10 10:52:06;DESKTOP-22AN8KV;12,7;90,3;10,58;84,0;39,0;10,0
2026-08-10 10:52:16;DESKTOP-22AN8KV;16,0;90,3;10,58;84,0;35,0;4,0
2026-08-10 10:52:26;DESKTOP-22AN8KV;19,6;90,8;10,63;84,0;75,0;5,0
2026-08-10 10:52:36;DESKTOP-22AN8KV;17,9;90,9;10,65;84,0;31,0;6,0
2026-08-10 10:52:46;DESKTOP-22AN8KV;16,0;90,9;10,65;84,0;23,0;2,0
2026-08-10 10:52:56;DESKTOP-22AN8KV;29,0;92,2;10,81;84,0;43,0;44,0
2026-08-10 10:53:07;DESKTOP-22AN8KV;20,2;91,7;10,75;84,0;44,0;23,0
2026-08-10 10:53:17;DESKTOP-22AN8KV;23,9;92,6;10,85;84,0;47,0;57,0
2026-08-10 10:53:27;DESKTOP-22AN8KV;27,2;92,7;10,86;84,0;205,0;7379,0
2026-08-10 10:53:37;DESKTOP-22AN8KV;18,3;91,8;10,76;84,0;43,0;50,0
2026-08-10 10:53:47;DESKTOP-22AN8KV;19,2;91,9;10,76;84,0;56,0;30,0
2026-08-10 10:53:57;DESKTOP-22AN8KV;25,2;92,4;10,82;84,0;185,0;7403,0
2026-08-10 10:54:07;DESKTOP-22AN8KV;22,8;91,8;10,75;84,0;66,0;77,0
2026-08-10 10:54:17;DESKTOP-22AN8KV;18,9;91,4;10,7;84,0;57,0;67,0
2026-08-10 10:54:27;DESKTOP-22AN8KV;22,4;92,2;10,81;84,0;122,0;34,0
2026-08-10 10:54:37;DESKTOP-22AN8KV;21,7;91,3;10,69;84,0;43,0;42,0
2026-08-10 10:54:47;DESKTOP-22AN8KV;20,0;91,1;10,67;84,0;39,0;9,0
2026-08-10 10:54:57;DESKTOP-22AN8KV;14,7;91,1;10,67;84,0;50,0;49,0
2026-08-10 10:55:07;DESKTOP-22AN8KV;21,9;92,0;10,78;84,0;116,0;7476,0
2026-08-10 10:55:17;DESKTOP-22AN8KV;23,8;91,1;10,67;84,0;32,0;93,0
2026-08-10 10:55:27;DESKTOP-22AN8KV;27,8;91,1;10,68;84,0;67,0;25,0
2026-08-10 10:55:37;DESKTOP-22AN8KV;26,5;91,2;10,68;84,0;46,0;62,0
2026-08-10 10:55:47;DESKTOP-22AN8KV;25,7;91,2;10,69;84,0;39,0;139,0
2026-08-10 10:55:57;DESKTOP-22AN8KV;32,0;91,6;10,73;84,0;154,0;7569,0
2026-08-10 10:56:07;DESKTOP-22AN8KV;20,5;90,8;10,64;84,0;63,0;142,0
2026-08-10 10:56:17;DESKTOP-22AN8KV;17,9;90,8;10,64;84,0;35,0;29,0
2026-08-10 10:56:27;DESKTOP-22AN8KV;24,0;91,7;10,74;84,0;86,0;44,0
2026-08-10 10:56:37;DESKTOP-22AN8KV;23,1;91,4;10,71;84,0;45,0;19,0
2026-08-10 10:56:47;DESKTOP-22AN8KV;17,0;92,2;10,8;84,0;29,0;43,0
2026-08-10 10:56:57;DESKTOP-22AN8KV;26,0;91,8;10,75;84,0;136,0;7632,0
2026-08-10 10:57:07;DESKTOP-22AN8KV;25,3;91,3;10,69;84,0;40,0;114,0
2026-08-10 10:57:17;DESKTOP-22AN8KV;20,7;91,2;10,69;84,0;42,0;9,0
2026-08-10 10:57:27;DESKTOP-22AN8KV;32,2;91,9;10,77;84,0;94,0;55,0
2026-08-10 10:57:38;DESKTOP-22AN8KV;34,8;91,8;10,75;84,0;53,0;14,0
2026-08-10 10:57:48;DESKTOP-22AN8KV;29,7;91,6;10,73;84,0;35,0;26,0
2026-08-10 10:57:58;DESKTOP-22AN8KV;28,7;91,1;10,67;84,0;125,0;55,0
2026-08-10 10:58:08;DESKTOP-22AN8KV;27,4;91,1;10,67;84,0;278,0;138,0
2026-08-10 10:58:18;DESKTOP-22AN8KV;27,2;91,8;10,75;84,0;104,0;7815,0
2026-08-10 10:58:28;DESKTOP-22AN8KV;25,6;92,0;10,77;84,0;80,0;129,0
2026-08-10 10:58:38;DESKTOP-22AN8KV;19,5;91,9;10,77;84,0;84,0;81,0
2026-08-10 10:58:48;DESKTOP-22AN8KV;17,6;91,3;10,7;84,0;22,0;24,0
2026-08-10 10:58:58;DESKTOP-22AN8KV;19,3;91,4;10,71;84,0;122,0;16,0
2026-08-10 10:59:08;DESKTOP-22AN8KV;20,6;92,7;10,86;84,0;248,0;35,0
2026-08-10 10:59:18;DESKTOP-22AN8KV;27,2;93,2;10,91;84,0;113,0;7782,0
2026-08-10 10:59:28;DESKTOP-22AN8KV;27,3;92,9;10,88;84,0;95,0;83,0
2026-08-10 10:59:38;DESKTOP-22AN8KV;28,0;92,8;10,87;84,0;37,0;52,0
2026-08-10 10:59:48;DESKTOP-22AN8KV;31,5;92,9;10,88;84,0;47,0;38,0
2026-08-10 10:59:58;DESKTOP-22AN8KV;30,2;92,9;10,88;84,0;46,0;19,0
2026-08-10 11:00:08;DESKTOP-22AN8KV;31,8;92,8;10,87;84,0;38,0;52,0
2026-08-10 11:00:18;DESKTOP-22AN8KV;28,8;92,9;10,88;84,0;63,0;64,0
2026-08-10 11:00:28;DESKTOP-22AN8KV;27,9;93,2;10,92;84,0;95,0;132,0
2026-08-10 11:00:38;DESKTOP-22AN8KV;24,8;94,1;11,02;84,0;111,0;7795,0
2026-08-10 11:00:48;DESKTOP-22AN8KV;22,9;93,5;10,95;84,0;35,0;74,0
2026-08-10 11:00:58;DESKTOP-22AN8KV;25,9;93,6;10,96;84,0;87,0;64,0
2026-08-10 11:01:08;DESKTOP-22AN8KV;23,1;93,3;10,93;84,0;31,0;35,0
2026-08-10 11:01:18;DESKTOP-22AN8KV;21,6;93,4;10,94;84,0;53,0;73,0
2026-08-10 11:01:28;DESKTOP-22AN8KV;18,7;92,9;10,88;84,0;70,0;28,0
2026-08-10 11:01:38;DESKTOP-22AN8KV;22,2;92,8;10,88;84,0;32,0;45,0
2026-08-10 11:01:48;DESKTOP-22AN8KV;24,9;93,1;10,91;84,0;40,0;41,0
2026-08-10 11:01:58;DESKTOP-22AN8KV;20,4;92,7;10,86;84,0;51,0;49,0
2026-08-10 11:02:08;DESKTOP-22AN8KV;24,5;92,7;10,86;84,0;48,0;58,0
2026-08-10 11:02:18;DESKTOP-22AN8KV;22,5;91,7;10,74;84,0;42,0;28,0
2026-08-10 11:02:28;DESKTOP-22AN8KV;20,9;91,1;10,67;84,0;87,0;38,0
2026-08-10 11:02:38;DESKTOP-22AN8KV;21,4;91,4;10,7;84,0;49,0;24,0
2026-08-10 11:02:48;DESKTOP-22AN8KV;22,9;90,8;10,64;84,0;28,0;33,0
2026-08-10 11:02:58;DESKTOP-22AN8KV;30,6;91,4;10,7;84,0;187,0;7770,0
2026-08-10 11:03:08;DESKTOP-22AN8KV;21,4;91,4;10,71;84,0;55,0;84,0
2026-08-10 11:03:19;DESKTOP-22AN8KV;32,4;91,6;10,73;84,0;55,0;104,0
2026-08-10 11:03:29;DESKTOP-22AN8KV;33,9;92,4;10,83;84,0;4061,0;169,0
2026-08-10 11:03:39;DESKTOP-22AN8KV;37,3;92,9;10,88;84,0;1701,0;820,0
2026-08-10 11:03:49;DESKTOP-22AN8KV;24,9;92,9;10,89;84,0;132,0;7071,0
2026-08-10 11:03:59;DESKTOP-22AN8KV;31,0;92,6;10,85;84,0;169,0;7814,0
2026-08-10 11:04:09;DESKTOP-22AN8KV;31,6;92,5;10,83;84,0;38,0;96,0
2026-08-10 11:04:19;DESKTOP-22AN8KV;24,5;92,2;10,8;84,0;137,0;7806,0
2026-08-10 11:04:29;DESKTOP-22AN8KV;29,4;92,8;10,87;84,0;100,0;48,0
2026-08-10 11:04:39;DESKTOP-22AN8KV;28,3;92,1;10,79;84,0;50,0;33,0
2026-08-10 11:04:49;DESKTOP-22AN8KV;26,8;92,1;10,79;84,0;68,0;18,0
2026-08-10 11:04:59;DESKTOP-22AN8KV;27,7;92,5;10,84;84,0;47,0;204,0
2026-08-10 11:05:09;DESKTOP-22AN8KV;24,4;92,1;10,79;84,0;119,0;7821,0
2026-08-10 11:05:19;DESKTOP-22AN8KV;22,0;92,4;10,82;84,0;53,0;115,0
2026-08-10 11:05:29;DESKTOP-22AN8KV;21,2;92,1;10,79;84,0;69,0;37,0
2026-08-10 11:05:39;DESKTOP-22AN8KV;22,5;91,9;10,76;84,0;35,0;37,0
2026-08-10 11:05:49;DESKTOP-22AN8KV;20,4;91,8;10,76;84,0;35,0;7,0
2026-08-10 11:05:59;DESKTOP-22AN8KV;21,0;91,3;10,7;84,0;55,0;56,0
2026-08-10 11:06:09;DESKTOP-22AN8KV;20,0;91,3;10,7;84,0;30,0;9,0
2026-08-10 11:06:19;DESKTOP-22AN8KV;19,3;91,1;10,68;84,0;35,0;7,0
2026-08-10 11:06:29;DESKTOP-22AN8KV;22,3;91,5;10,72;84,0;61,0;24,0
2026-08-10 11:06:39;DESKTOP-22AN8KV;20,8;91,3;10,69;84,0;42,0;31,0
2026-08-10 11:06:49;DESKTOP-22AN8KV;22,4;92,0;10,77;84,0;35,0;447,0
2026-08-10 11:06:59;DESKTOP-22AN8KV;23,4;91,6;10,73;84,0;149,0;7394,0
2026-08-10 11:07:09;DESKTOP-22AN8KV;24,9;91,2;10,69;84,0;46,0;56,0
2026-08-10 11:07:19;DESKTOP-22AN8KV;25,6;91,3;10,7;84,0;39,0;7,0
2026-08-10 11:07:29;DESKTOP-22AN8KV;31,0;91,5;10,72;84,0;67,0;31,0
2026-08-10 11:07:39;DESKTOP-22AN8KV;27,8;91,7;10,75;84,0;36,0;71,0
2026-08-10 11:07:49;DESKTOP-22AN8KV;30,2;92,6;10,85;84,0;181,0;7857,0
2026-08-10 11:07:59;DESKTOP-22AN8KV;23,9;91,7;10,74;84,0;114,0;7780,0
2026-08-10 11:08:09;DESKTOP-22AN8KV;27,2;91,9;10,77;84,0;31,0;82,0
2026-08-10 11:08:19;DESKTOP-22AN8KV;28,2;92,0;10,77;84,0;51,0;70,0
2026-08-10 11:08:29;DESKTOP-22AN8KV;28,9;92,2;10,8;84,0;243,0;29,0
2026-08-10 11:08:39;DESKTOP-22AN8KV;30,2;92,4;10,82;84,0;64,0;43,0
2026-08-10 11:08:49;DESKTOP-22AN8KV;29,5;92,5;10,84;84,0;125,0;7728,0
2026-08-10 11:08:59;DESKTOP-22AN8KV;29,2;91,8;10,75;84,1;133,0;9372,0
2026-08-10 11:09:10;DESKTOP-22AN8KV;30,2;91,3;10,7;84,1;101,0;6429,0
2026-08-10 11:09:20;DESKTOP-22AN8KV;31,8;91,6;10,73;84,0;101,0;7778,0
2026-08-10 11:09:30;DESKTOP-22AN8KV;30,1;92,1;10,79;84,0;122,0;189,0
2026-08-10 11:09:50;DESKTOP-22AN8KV;0,0;90,2;10,57;84,0;0,0;0,0
2026-08-10 11:10:00;DESKTOP-22AN8KV;31,8;90,5;10,6;84,0;84,0;3034,0
2026-08-10 11:10:10;DESKTOP-22AN8KV;30,2;90,5;10,6;84,0;46,0;78,0
2026-08-10 11:10:20;DESKTOP-22AN8KV;31,3;90,6;10,61;84,0;32,0;45,0
2026-08-10 11:10:30;DESKTOP-22AN8KV;32,9;90,6;10,61;84,0;155,0;7842,0
2026-08-10 11:10:40;DESKTOP-22AN8KV;32,9;91,5;10,72;84,0;41,0;108,0
2026-08-10 11:10:50;DESKTOP-22AN8KV;28,2;91,5;10,72;84,0;37,0;195,0
2026-08-10 11:11:00;DESKTOP-22AN8KV;30,1;91,3;10,69;84,0;123,0;7854,0
2026-08-10 11:11:10;DESKTOP-22AN8KV;24,5;90,2;10,57;84,0;49,0;125,0
2026-08-10 11:11:20;DESKTOP-22AN8KV;19,0;90,0;10,55;84,0;45,0;27,0
2026-08-10 11:11:30;DESKTOP-22AN8KV;22,8;90,7;10,62;84,0;65,0;4,0
2026-08-10 11:11:40;DESKTOP-22AN8KV;27,0;92,1;10,79;84,0;31,0;7,0
2026-08-10 11:11:50;DESKTOP-22AN8KV;30,8;94,1;11,03;84,1;239,0;28,0
2026-08-10 11:12:01;DESKTOP-22AN8KV;31,0;95,6;11,2;84,0;98,0;66,0
2026-08-10 11:12:11;DESKTOP-22AN8KV;28,1;95,0;11,13;84,0;173,0;72,0
2026-08-10 11:12:21;DESKTOP-22AN8KV;21,9;94,6;11,09;84,0;168,0;46,0
2026-08-10 11:12:31;DESKTOP-22AN8KV;21,1;95,7;11,21;84,0;82,0;11,0
2026-08-10 11:12:41;DESKTOP-22AN8KV;37,1;95,5;11,19;84,1;198,0;56,0
2026-08-10 11:12:51;DESKTOP-22AN8KV;31,8;95,1;11,14;84,1;390,0;8,0
2026-08-10 11:13:01;DESKTOP-22AN8KV;31,4;95,2;11,15;84,1;113,0;10,0
2026-08-10 11:13:11;DESKTOP-22AN8KV;18,8;94,9;11,12;84,1;51,0;138,0
2026-08-10 11:13:21;DESKTOP-22AN8KV;24,6;93,9;11,0;84,1;82,0;61,0
2026-08-10 11:13:31;DESKTOP-22AN8KV;23,7;93,9;11,0;84,1;19,0;2,0
2026-08-10 11:13:41;DESKTOP-22AN8KV;23,4;93,7;10,98;84,1;43,0;27,0
2026-08-10 11:13:51;DESKTOP-22AN8KV;23,7;93,8;10,99;84,1;144,0;74,0
2026-08-10 11:14:01;DESKTOP-22AN8KV;30,0;94,1;11,02;84,1;38,0;50,0
2026-08-10 11:14:11;DESKTOP-22AN8KV;25,7;94,8;11,1;84,1;135,0;8331,0
2026-08-10 11:14:21;DESKTOP-22AN8KV;27,5;94,4;11,06;84,1;101,0;64,0
2026-08-10 11:14:31;DESKTOP-22AN8KV;28,9;94,8;11,1;84,1;124,0;8267,0
2026-08-10 11:14:41;DESKTOP-22AN8KV;34,7;90,6;10,61;84,1;42,0;141,0
2026-08-10 11:14:51;DESKTOP-22AN8KV;25,5;90,3;10,58;84,1;34,0;40,0
2026-08-10 11:15:01;DESKTOP-22AN8KV;24,0;90,9;10,64;84,1;65,0;46,0
2026-08-10 11:15:11;DESKTOP-22AN8KV;27,0;90,8;10,64;84,1;44,0;29,0
2026-08-10 11:15:21;DESKTOP-22AN8KV;25,9;90,7;10,62;84,1;103,0;70,0
2026-08-10 11:15:31;DESKTOP-22AN8KV;19,2;90,8;10,63;84,1;36,0;9,0
2026-08-10 11:15:41;DESKTOP-22AN8KV;16,4;90,4;10,59;84,1;29,0;4,0
2026-08-10 11:15:51;DESKTOP-22AN8KV;14,0;91,4;10,71;84,1;31,0;5,0
2026-08-10 11:16:01;DESKTOP-22AN8KV;23,0;91,0;10,66;84,1;61,0;57,0
2026-08-10 11:16:11;DESKTOP-22AN8KV;26,2;91,3;10,69;84,1;128,0;8761,0
2026-08-10 11:16:21;DESKTOP-22AN8KV;28,2;91,3;10,69;84,1;114,0;159,0
2026-08-10 11:16:31;DESKTOP-22AN8KV;31,2;92,4;10,83;84,1;137,0;8912,0
2026-08-10 11:16:42;DESKTOP-22AN8KV;29,7;92,4;10,82;84,1;46,0;82,0
2026-08-10 11:16:52;DESKTOP-22AN8KV;32,0;92,0;10,77;84,1;117,0;83,0
2026-08-10 11:17:02;DESKTOP-22AN8KV;28,9;90,5;10,61;84,1;99,0;62,0
2026-08-10 11:17:12;DESKTOP-22AN8KV;24,3;90,6;10,61;84,1;22,0;3,0
2026-08-10 11:17:22;DESKTOP-22AN8KV;26,0;90,8;10,64;84,1;75,0;16,0
2026-08-10 11:17:32;DESKTOP-22AN8KV;24,4;90,5;10,6;84,1;32,0;12,0
2026-08-10 11:17:42;DESKTOP-22AN8KV;23,8;90,3;10,58;84,1;267,0;9,0
2026-08-10 11:17:52;DESKTOP-22AN8KV;24,2;90,4;10,59;84,1;40,0;5,0
2026-08-10 11:18:02;DESKTOP-22AN8KV;23,9;89,7;10,51;84,1;24,0;11,0
2026-08-10 11:18:12;DESKTOP-22AN8KV;21,3;89,6;10,5;84,1;36,0;20,0
2026-08-10 11:18:22;DESKTOP-22AN8KV;15,0;90,0;10,54;84,1;83,0;14,0
2026-08-10 11:18:32;DESKTOP-22AN8KV;14,5;90,0;10,54;84,1;32,0;2,0
2026-08-10 11:18:42;DESKTOP-22AN8KV;13,5;92,1;10,79;84,1;262,0;7,0
2026-08-10 11:18:52;DESKTOP-22AN8KV;33,6;92,1;10,79;84,1;396,0;9338,0
2026-08-10 11:19:02;DESKTOP-22AN8KV;30,3;91,4;10,71;84,1;59,0;56,0
2026-08-10 11:19:12;DESKTOP-22AN8KV;33,2;92,3;10,81;84,1;52,0;136,0
2026-08-10 11:19:22;DESKTOP-22AN8KV;29,7;93,0;10,89;84,1;193,0;9333,0
2026-08-10 11:19:32;DESKTOP-22AN8KV;20,7;92,7;10,86;84,1;23,0;88,0
2026-08-10 11:19:42;DESKTOP-22AN8KV;22,8;89,5;10,48;84,1;44,0;18,0
2026-08-10 11:19:52;DESKTOP-22AN8KV;16,8;89,6;10,49;84,1;42,0;38,0
2026-08-10 11:20:02;DESKTOP-22AN8KV;22,7;89,3;10,46;84,1;90,0;196,0
2026-08-10 11:20:12;DESKTOP-22AN8KV;23,5;89,7;10,5;84,1;142,0;9319,0
2026-08-10 11:20:22;DESKTOP-22AN8KV;24,1;89,5;10,49;84,1;126,0;69,0
2026-08-10 11:20:32;DESKTOP-22AN8KV;25,3;89,6;10,5;84,1;85,0;111,0
2026-08-10 11:20:42;DESKTOP-22AN8KV;23,1;89,7;10,51;84,1;125,0;9268,0
2026-08-10 11:20:52;DESKTOP-22AN8KV;25,1;90,6;10,61;84,1;51,0;102,0
2026-08-10 11:21:02;DESKTOP-22AN8KV;23,3;89,8;10,52;84,1;37,0;27,0
2026-08-10 11:21:12;DESKTOP-22AN8KV;24,0;89,5;10,49;84,1;72,0;36,0
2026-08-10 11:21:22;DESKTOP-22AN8KV;18,1;89,1;10,44;84,1;89,0;34,0
2026-08-10 11:21:32;DESKTOP-22AN8KV;14,9;88,6;10,37;84,1;48,0;31,0
2026-08-10 11:21:42;DESKTOP-22AN8KV;19,6;88,9;10,42;84,1;43,0;18,0
2026-08-10 11:21:52;DESKTOP-22AN8KV;22,6;88,9;10,41;84,1;36,0;26,0
2026-08-10 11:22:02;DESKTOP-22AN8KV;17,4;88,2;10,33;84,1;38,0;6,0
2026-08-10 11:22:12;DESKTOP-22AN8KV;20,7;88,3;10,34;84,1;74,0;8,0
2026-08-10 11:22:23;DESKTOP-22AN8KV;19,5;88,2;10,34;84,1;140,0;57,0
2026-08-10 11:22:33;DESKTOP-22AN8KV;20,9;88,6;10,38;84,1;60,0;31,0
2026-08-10 11:22:43;DESKTOP-22AN8KV;17,4;87,9;10,3;84,1;49,0;27,0
2026-08-10 11:22:53;DESKTOP-22AN8KV;15,9;87,9;10,3;84,1;45,0;14,0
2026-08-10 11:23:03;DESKTOP-22AN8KV;19,0;88,6;10,37;84,1;51,0;13,0
2026-08-10 11:23:13;DESKTOP-22AN8KV;18,8;88,2;10,34;84,1;60,0;25,0
2026-08-10 11:23:23;DESKTOP-22AN8KV;17,7;89,1;10,44;84,1;266,0;16,0
2026-08-10 11:23:33;DESKTOP-22AN8KV;15,4;88,8;10,41;84,1;70,0;6,0
2026-08-10 11:23:43;DESKTOP-22AN8KV;24,5;89,0;10,43;84,1;302,0;12,0
2026-08-10 11:23:53;DESKTOP-22AN8KV;17,4;88,6;10,38;84,1;35,0;4,0
2026-08-10 11:24:03;DESKTOP-22AN8KV;22,7;88,7;10,39;84,1;83,0;37,0
2026-08-10 11:24:13;DESKTOP-22AN8KV;17,5;88,4;10,35;84,1;43,0;3,0
2026-08-10 11:24:23;DESKTOP-22AN8KV;17,7;88,8;10,4;84,1;86,0;6,0
2026-08-10 11:24:33;DESKTOP-22AN8KV;19,8;88,8;10,41;84,1;26,0;18,0
2026-08-10 11:24:43;DESKTOP-22AN8KV;19,5;87,1;10,2;84,1;16,0;2,0
2026-08-10 11:24:53;DESKTOP-22AN8KV;17,5;86,5;10,13;84,1;20,0;5,0
2026-08-10 11:25:03;DESKTOP-22AN8KV;19,3;87,4;10,24;84,1;107,0;34,0
2026-08-10 11:25:13;DESKTOP-22AN8KV;15,6;87,4;10,24;84,1;15,0;7,0
2026-08-10 11:25:23;DESKTOP-22AN8KV;25,2;87,3;10,23;84,1;105,0;43,0
2026-08-10 11:25:33;DESKTOP-22AN8KV;17,0;86,9;10,17;84,1;38,0;27,0
2026-08-10 11:25:43;DESKTOP-22AN8KV;23,5;87,2;10,22;84,1;21,0;19,0
2026-08-10 11:25:53;DESKTOP-22AN8KV;20,7;89,0;10,43;84,1;35,0;15,0
2026-08-10 11:26:03;DESKTOP-22AN8KV;20,8;90,9;10,65;84,1;36,0;14,0
2026-08-10 11:26:13;DESKTOP-22AN8KV;18,6;91,1;10,67;84,1;29,0;2,0
2026-08-10 11:26:23;DESKTOP-22AN8KV;25,4;91,7;10,74;84,1;142,0;38,0
2026-08-10 11:26:33;DESKTOP-22AN8KV;23,1;92,0;10,77;84,1;169,0;9308,0
2026-08-10 11:26:43;DESKTOP-22AN8KV;18,5;87,3;10,22;84,1;34,0;48,0
2026-08-10 11:26:53;DESKTOP-22AN8KV;21,1;87,9;10,3;84,1;37,0;127,0
2026-08-10 11:27:03;DESKTOP-22AN8KV;27,6;88,5;10,36;84,1;69,0;9363,0
2026-08-10 11:27:13;DESKTOP-22AN8KV;19,7;88,0;10,31;84,1;28,0;76,0
2026-08-10 11:27:23;DESKTOP-22AN8KV;27,0;86,5;10,14;84,1;74,0;24,0
2026-08-10 11:27:33;DESKTOP-22AN8KV;25,7;87,7;10,27;84,1;63,0;10,0
2026-08-10 11:27:43;DESKTOP-22AN8KV;20,5;87,7;10,28;84,1;22,0;3,0
2026-08-10 11:27:54;DESKTOP-22AN8KV;15,6;87,8;10,28;84,1;24,0;20,0
2026-08-10 11:28:04;DESKTOP-22AN8KV;25,8;91,3;10,69;84,1;47,0;16,0
2026-08-10 11:28:14;DESKTOP-22AN8KV;23,1;90,1;10,55;84,1;63,0;13,0
2026-08-10 11:28:24;DESKTOP-22AN8KV;22,6;90,3;10,58;84,1;89,0;18,0
2026-08-10 11:28:34;DESKTOP-22AN8KV;18,9;90,2;10,57;84,1;33,0;11,0
2026-08-10 11:28:44;DESKTOP-22AN8KV;23,2;90,7;10,63;84,1;33,0;76,0
2026-08-10 11:28:54;DESKTOP-22AN8KV;18,2;86,6;10,14;84,1;19,0;4,0
2026-08-10 11:29:04;DESKTOP-22AN8KV;13,3;86,0;10,08;84,1;14,0;11,0
2026-08-10 11:29:14;DESKTOP-22AN8KV;16,5;86,8;10,17;84,1;17,0;7,0
2026-08-10 11:29:24;DESKTOP-22AN8KV;24,8;88,8;10,4;84,1;102,0;52,0
2026-08-10 11:29:34;DESKTOP-22AN8KV;26,7;88,5;10,37;84,1;32,0;2,0
2026-08-10 11:29:44;DESKTOP-22AN8KV;23,4;87,7;10,28;84,1;31,0;10,0
2026-08-10 11:29:54;DESKTOP-22AN8KV;26,8;88,5;10,37;84,1;100,0;35,0
2026-08-10 11:30:04;DESKTOP-22AN8KV;23,2;89,0;10,42;84,1;52,0;44,0
2026-08-10 11:30:14;DESKTOP-22AN8KV;24,9;88,7;10,39;84,1;21,0;17,0
2026-08-10 11:30:24;DESKTOP-22AN8KV;23,3;88,4;10,36;84,1;78,0;32,0
2026-08-10 11:30:34;DESKTOP-22AN8KV;22,0;88,0;10,31;84,1;41,0;24,0
2026-08-10 11:30:44;DESKTOP-22AN8KV;23,8;88,0;10,31;84,1;103,0;9294,0
2026-08-10 11:30:54;DESKTOP-22AN8KV;25,0;87,9;10,29;84,1;39,0;65,0
2026-08-10 11:31:04;DESKTOP-22AN8KV;31,9;87,9;10,3;84,1;69,0;50,0
2026-08-10 11:31:14;DESKTOP-22AN8KV;29,0;87,8;10,28;84,1;38,0;38,0
2026-08-10 11:31:24;DESKTOP-22AN8KV;31,0;87,8;10,29;84,1;81,0;174,0
2026-08-10 11:31:34;DESKTOP-22AN8KV;25,7;88,3;10,35;84,1;88,0;4892,0
2026-08-10 11:31:44;DESKTOP-22AN8KV;24,6;88,2;10,33;84,1;61,0;4685,0
2026-08-10 11:31:54;DESKTOP-22AN8KV;25,1;88,1;10,32;84,1;46,0;59,0
2026-08-10 11:32:04;DESKTOP-22AN8KV;26,4;88,0;10,31;84,1;41,0;15,0
2026-08-10 11:32:14;DESKTOP-22AN8KV;24,9;88,0;10,31;84,1;36,0;28,0
2026-08-10 11:32:24;DESKTOP-22AN8KV;27,8;87,9;10,3;84,1;92,0;8,0
2026-08-10 11:32:34;DESKTOP-22AN8KV;20,9;87,7;10,28;84,1;28,0;3,0
2026-08-10 11:32:44;DESKTOP-22AN8KV;19,3;88,0;10,3;84,1;20,0;15,0
2026-08-10 11:32:54;DESKTOP-22AN8KV;20,6;87,7;10,27;84,1;26,0;9,0
2026-08-10 11:33:04;DESKTOP-22AN8KV;35,9;87,3;10,23;84,1;199,0;546,0
2026-08-10 11:33:14;DESKTOP-22AN8KV;25,2;90,5;10,6;84,1;290,0;85,0
2026-08-10 11:33:24;DESKTOP-22AN8KV;29,1;90,6;10,61;84,1;93,0;283,0
2026-08-10 11:33:35;DESKTOP-22AN8KV;22,2;89,3;10,46;84,1;64,0;136,0
2026-08-10 11:33:45;DESKTOP-22AN8KV;16,1;89,1;10,44;84,1;53,0;17,0
2026-08-10 11:33:55;DESKTOP-22AN8KV;22,2;90,0;10,55;84,1;113,0;27,0
2026-08-10 11:34:05;DESKTOP-22AN8KV;25,4;90,2;10,57;84,1;54,0;82,0
2026-08-10 11:34:15;DESKTOP-22AN8KV;28,1;92,1;10,79;84,1;62,0;29,0
2026-08-10 11:34:25;DESKTOP-22AN8KV;23,4;92,3;10,82;84,1;370,0;26,0
2026-08-10 11:34:35;DESKTOP-22AN8KV;21,8;92,6;10,84;84,1;75,0;28,0
2026-08-10 11:34:45;DESKTOP-22AN8KV;22,9;91,1;10,68;84,1;33,0;10,0
2026-08-10 11:34:55;DESKTOP-22AN8KV;20,4;90,9;10,65;84,1;54,0;23,0
2026-08-10 11:35:05;DESKTOP-22AN8KV;24,1;90,6;10,61;84,1;95,0;89,0
2026-08-10 11:35:15;DESKTOP-22AN8KV;24,6;90,3;10,57;84,1;121,0;45,0
2026-08-10 11:35:25;DESKTOP-22AN8KV;18,9;90,2;10,57;84,1;349,0;9,0
2026-08-10 11:35:35;DESKTOP-22AN8KV;20,2;90,1;10,56;84,1;79,0;19,0
2026-08-10 11:35:45;DESKTOP-22AN8KV;22,2;90,8;10,64;84,1;131,0;9300,0
2026-08-10 11:35:55;DESKTOP-22AN8KV;17,9;89,6;10,5;84,1;62,0;47,0
2026-08-10 11:36:05;DESKTOP-22AN8KV;29,9;92,3;10,81;84,1;169,0;65,0
2026-08-10 11:36:15;DESKTOP-22AN8KV;24,2;90,7;10,62;84,1;181,0;30,0
2026-08-10 11:36:25;DESKTOP-22AN8KV;24,4;91,0;10,67;84,1;137,0;10,0
2026-08-10 11:36:35;DESKTOP-22AN8KV;22,7;90,4;10,59;84,1;139,0;89,0
2026-08-10 11:36:45;DESKTOP-22AN8KV;24,3;90,4;10,59;84,1;121,0;19,0
2026-08-10 11:36:55;DESKTOP-22AN8KV;30,3;91,5;10,72;84,1;131,0;17,0
2026-08-10 11:37:05;DESKTOP-22AN8KV;24,6;91,1;10,67;84,1;94,0;55,0
2026-08-10 11:37:15;DESKTOP-22AN8KV;21,7;90,7;10,63;84,1;89,0;66,0
2026-08-10 13:08:22;DESKTOP-22AN8KV;0,0;83,8;9,82;86,2;0,0;0,0
2026-08-10 13:08:32;DESKTOP-22AN8KV;31,9;83,5;9,79;86,3;175687,0;2238,0
2026-08-10 13:08:42;DESKTOP-22AN8KV;34,4;85,5;10,01;86,5;181069,0;1765,0
2026-08-10 13:21:56;DESKTOP-22AN8KV;0,0;78,8;9,23;86,6;0,0;0,0
2026-08-10 13:22:06;DESKTOP-22AN8KV;27,9;82,1;9,61;86,6;625,0;95,0
2026-08-10 13:22:17;DESKTOP-22AN8KV;13,4;81,6;9,56;86,6;282,0;57,0
2026-08-10 13:22:27;DESKTOP-22AN8KV;15,1;82,2;9,63;86,6;82,0;16,0
2026-08-10 13:22:37;DESKTOP-22AN8KV;20,1;82,9;9,71;86,6;48,0;5,0
2026-08-10 13:22:47;DESKTOP-22AN8KV;21,2;83,3;9,76;86,6;80,0;21,0
2026-08-10 13:22:57;DESKTOP-22AN8KV;22,4;82,8;9,71;86,6;64,0;32,0
2026-08-10 13:23:07;DESKTOP-22AN8KV;27,1;83,4;9,77;86,6;76,0;45,0
2026-08-10 13:23:17;DESKTOP-22AN8KV;25,2;83,4;9,77;86,6;77,0;1970,0
2026-08-10 13:23:27;DESKTOP-22AN8KV;24,6;83,7;9,81;86,6;249,0;8603,0
2026-08-10 13:23:37;DESKTOP-22AN8KV;26,1;85,8;10,05;86,6;97,0;40,0
2026-08-10 13:23:47;DESKTOP-22AN8KV;27,5;86,2;10,1;86,6;89,0;122,0
2026-08-10 13:23:57;DESKTOP-22AN8KV;24,9;84,7;9,92;86,6;106,0;200,0
2026-08-10 13:24:07;DESKTOP-22AN8KV;24,6;84,2;9,87;86,6;216,0;10504,0
2026-08-10 13:24:17;DESKTOP-22AN8KV;21,0;84,1;9,86;86,6;27,0;59,0
2026-08-10 13:24:27;DESKTOP-22AN8KV;16,9;84,3;9,87;86,6;25,0;4,0
2026-08-10 13:24:37;DESKTOP-22AN8KV;26,7;84,4;9,89;86,6;57,0;19,0
2026-08-10 13:24:47;DESKTOP-22AN8KV;17,5;84,7;9,92;86,6;46,0;20,0
2026-08-10 13:24:57;DESKTOP-22AN8KV;17,5;85,0;9,96;86,6;59,0;37,0
2026-08-10 13:25:07;DESKTOP-22AN8KV;21,3;86,7;10,15;86,6;251,0;93,0
2026-08-10 13:25:17;DESKTOP-22AN8KV;20,5;85,3;9,99;86,6;31,0;22,0
2026-08-10 13:25:27;DESKTOP-22AN8KV;23,3;84,9;9,95;86,6;34,0;20,0
2026-08-10 13:25:37;DESKTOP-22AN8KV;19,9;84,5;9,9;86,6;79,0;20,0
2026-08-10 13:25:47;DESKTOP-22AN8KV;21,3;86,1;10,09;86,6;33,0;25,0
2026-08-10 13:25:57;DESKTOP-22AN8KV;23,2;86,2;10,1;86,6;82,0;22,0
2026-08-10 13:26:07;DESKTOP-22AN8KV;25,4;86,6;10,14;86,6;181,0;6224,0
2026-08-10 13:26:17;DESKTOP-22AN8KV;25,5;85,7;10,04;86,6;161,0;5569,0
2026-08-10 13:26:27;DESKTOP-22AN8KV;25,9;85,0;9,95;86,6;184,0;9420,0
2026-08-10 13:26:37;DESKTOP-22AN8KV;26,4;85,1;9,97;86,6;375,0;10645,0
2026-08-10 13:26:47;DESKTOP-22AN8KV;26,3;86,0;10,08;86,6;178,0;116,0
2026-08-10 13:26:58;DESKTOP-22AN8KV;22,7;86,0;10,07;86,6;36,0;49,0
2026-08-10 13:27:08;DESKTOP-22AN8KV;21,6;85,9;10,07;86,6;51,0;76,0
2026-08-10 13:27:18;DESKTOP-22AN8KV;22,2;84,9;9,95;86,6;58,0;9,0
2026-08-10 13:27:28;DESKTOP-22AN8KV;19,6;84,9;9,94;86,6;38,0;28,0
2026-08-10 13:27:38;DESKTOP-22AN8KV;22,8;85,3;9,99;86,6;123,0;44,0
2026-08-10 13:27:48;DESKTOP-22AN8KV;18,1;84,7;9,92;86,6;276,0;14,0
2026-08-10 13:27:58;DESKTOP-22AN8KV;25,6;85,2;9,98;86,6;141,0;5883,0
2026-08-10 13:28:08;DESKTOP-22AN8KV;28,7;85,5;10,02;86,6;140,0;4706,0
2026-08-10 13:28:18;DESKTOP-22AN8KV;24,5;85,8;10,05;86,6;108,0;4839,0
2026-08-10 13:28:28;DESKTOP-22AN8KV;20,3;85,5;10,02;86,6;134,0;5788,0
2026-08-10 13:28:38;DESKTOP-22AN8KV;25,4;85,5;10,02;86,6;176,0;6466,0
2026-08-10 13:28:48;DESKTOP-22AN8KV;20,4;87,6;10,26;86,6;465,0;4272,0
2026-08-10 13:28:58;DESKTOP-22AN8KV;21,6;87,7;10,27;86,6;90,0;54,0
2026-08-10 13:29:08;DESKTOP-22AN8KV;25,9;86,7;10,15;86,6;90,0;55,0
2026-08-10 13:29:18;DESKTOP-22AN8KV;21,4;86,0;10,08;86,6;31,0;21,0
2026-08-10 13:29:28;DESKTOP-22AN8KV;19,2;85,4;10,0;86,6;34,0;7,0
2026-08-10 13:29:38;DESKTOP-22AN8KV;21,7;85,4;10,0;86,6;50,0;54,0
2026-08-10 13:29:48;DESKTOP-22AN8KV;25,0;87,2;10,22;86,6;48,0;45,0
2026-08-10 13:29:58;DESKTOP-22AN8KV;17,7;86,9;10,17;86,6;59,0;31,0
2026-08-10 13:30:08;DESKTOP-22AN8KV;25,9;86,4;10,12;86,6;86,0;39,0
2026-08-10 13:30:18;DESKTOP-22AN8KV;23,3;85,3;9,99;86,6;25,0;29,0
2026-08-10 13:30:28;DESKTOP-22AN8KV;14,8;84,8;9,93;86,6;27,0;10,0
2026-08-10 13:30:38;DESKTOP-22AN8KV;14,8;84,4;9,89;86,6;31,0;3,0
2026-08-10 13:30:48;DESKTOP-22AN8KV;13,3;84,9;9,94;86,6;42,0;27,0
2026-08-10 13:30:58;DESKTOP-22AN8KV;13,2;83,8;9,82;86,6;46,0;23,0
2026-08-10 13:31:08;DESKTOP-22AN8KV;18,4;84,3;9,87;86,6;64,0;62,0
2026-08-10 13:31:19;DESKTOP-22AN8KV;16,7;84,7;9,92;86,6;72,0;7,0
2026-08-10 13:31:29;DESKTOP-22AN8KV;25,4;85,0;9,96;86,6;83,0;41,0
2026-08-10 13:31:39;DESKTOP-22AN8KV;22,2;84,6;9,92;86,6;35,0;43,0
2026-08-10 13:31:49;DESKTOP-22AN8KV;17,7;83,8;9,81;86,6;37,0;25,0
2026-08-10 13:31:59;DESKTOP-22AN8KV;17,3;83,7;9,8;86,6;23,0;6,0
2026-08-10 13:32:09;DESKTOP-22AN8KV;17,3;83,4;9,77;86,6;24,0;42,0
2026-08-10 13:32:19;DESKTOP-22AN8KV;16,2;83,4;9,77;86,6;25,0;2,0
2026-08-10 13:32:29;DESKTOP-22AN8KV;18,1;83,2;9,75;86,6;34,0;21,0
2026-08-10 13:32:39;DESKTOP-22AN8KV;20,3;83,3;9,75;86,6;23,0;23,0
2026-08-10 13:32:49;DESKTOP-22AN8KV;21,2;83,9;9,82;86,6;212,0;10539,0
2026-08-10 13:32:59;DESKTOP-22AN8KV;22,0;83,1;9,74;86,6;31,0;53,0
2026-08-10 13:33:09;DESKTOP-22AN8KV;22,7;83,3;9,76;86,6;47,0;26,0
2026-08-10 13:33:19;DESKTOP-22AN8KV;23,1;83,4;9,77;86,6;30,0;16,0
2026-08-10 13:33:29;DESKTOP-22AN8KV;25,7;83,7;9,81;86,6;47,0;117,0
2026-08-10 13:33:39;DESKTOP-22AN8KV;29,1;84,2;9,86;86,6;102,0;171,0
2026-08-10 13:33:49;DESKTOP-22AN8KV;23,3;84,7;9,92;86,6;418,0;7216,0
2026-08-10 13:33:59;DESKTOP-22AN8KV;22,5;83,9;9,83;86,6;127,0;3586,0
2026-08-10 13:34:09;DESKTOP-22AN8KV;16,7;83,9;9,83;86,6;173,0;58,0
2026-08-10 13:34:19;DESKTOP-22AN8KV;16,8;83,8;9,82;86,6;35,0;3,0
2026-08-10 13:34:29;DESKTOP-22AN8KV;16,9;84,0;9,84;86,6;47,0;19,0
2026-08-10 13:34:40;DESKTOP-22AN8KV;17,4;83,9;9,83;86,6;22,0;22,0
2026-08-10 13:34:50;DESKTOP-22AN8KV;24,6;84,8;9,93;86,6;88,0;51,0
2026-08-10 13:35:00;DESKTOP-22AN8KV;24,0;85,8;10,05;86,6;390,0;63,0
2026-08-10 13:35:10;DESKTOP-22AN8KV;17,8;83,3;9,76;86,6;30,0;4,0
2026-08-10 13:35:20;DESKTOP-22AN8KV;15,1;83,2;9,75;86,6;26,0;2,0
2026-08-10 13:35:30;DESKTOP-22AN8KV;22,3;84,9;9,95;86,6;625,0;42,0
2026-08-10 13:35:40;DESKTOP-22AN8KV;25,0;82,9;9,71;86,6;64,0;2,0
2026-08-10 13:35:50;DESKTOP-22AN8KV;22,9;83,3;9,76;86,6;38,0;23,0
2026-08-10 13:36:00;DESKTOP-22AN8KV;27,5;86,9;10,18;86,6;118,0;51,0
2026-08-10 13:36:10;DESKTOP-22AN8KV;22,6;86,6;10,15;86,6;66,0;9,0
2026-08-10 13:36:20;DESKTOP-22AN8KV;20,8;86,9;10,18;86,6;31,0;76,0
2026-08-10 13:36:30;DESKTOP-22AN8KV;25,6;84,3;9,88;86,6;353,0;21,0
2026-08-10 13:36:40;DESKTOP-22AN8KV;24,9;84,1;9,85;86,6;97,0;68,0
2026-08-10 13:36:50;DESKTOP-22AN8KV;20,2;83,7;9,8;86,6;30,0;19,0
2026-08-10 13:37:00;DESKTOP-22AN8KV;20,6;83,2;9,75;86,6;28,0;24,0
2026-08-10 13:37:10;DESKTOP-22AN8KV;19,5;83,1;9,74;86,6;26,0;4,0
2026-08-10 13:37:22;DESKTOP-22AN8KV;15,6;82,8;9,69;86,6;30,0;6,0
2026-08-10 13:37:33;DESKTOP-22AN8KV;14,7;82,9;9,71;86,6;42,0;34,0
2026-08-10 13:37:45;DESKTOP-22AN8KV;15,0;82,9;9,71;86,6;47,0;5,0
2026-08-10 13:37:56;DESKTOP-22AN8KV;31,0;88,3;10,35;86,6;25,0;4,0
2026-08-10 13:38:08;DESKTOP-22AN8KV;39,1;86,4;10,12;86,6;61,0;24,0
2026-08-10 13:38:19;DESKTOP-22AN8KV;23,2;86,4;10,12;86,6;72,0;37,0
2026-08-10 13:38:31;DESKTOP-22AN8KV;23,2;86,6;10,14;86,6;25,0;22,0
2026-08-10 13:38:42;DESKTOP-22AN8KV;19,7;86,6;10,15;86,7;39,0;3,0
2026-08-10 13:38:54;DESKTOP-22AN8KV;24,8;86,9;10,19;86,6;67,0;33,0
2026-08-10 13:39:05;DESKTOP-22AN8KV;24,5;88,3;10,35;86,6;42,0;25,0
2026-08-10 13:39:17;DESKTOP-22AN8KV;18,9;89,0;10,42;86,6;67,0;29,0
2026-08-10 13:39:28;DESKTOP-22AN8KV;18,2;89,4;10,47;86,7;93,0;18,0
2026-08-10 13:39:40;DESKTOP-22AN8KV;19,8;89,3;10,47;86,7;31,0;14,0
2026-08-10 13:39:52;DESKTOP-22AN8KV;22,4;88,9;10,42;86,7;59,0;28,0
2026-08-10 13:40:03;DESKTOP-22AN8KV;22,4;86,6;10,15;86,7;68,0;30,0
2026-08-10 13:40:15;DESKTOP-22AN8KV;22,1;86,7;10,15;86,7;35,0;9,0
2026-08-10 13:40:26;DESKTOP-22AN8KV;19,4;88,0;10,31;86,7;20,0;9,0
2026-08-10 13:40:38;DESKTOP-22AN8KV;17,1;88,4;10,35;86,7;24,0;14,0
2026-08-10 13:40:49;DESKTOP-22AN8KV;16,2;88,3;10,34;86,7;39,0;12,0
2026-08-10 13:41:01;DESKTOP-22AN8KV;20,2;87,0;10,19;86,7;44,0;15,0
2026-08-10 13:41:12;DESKTOP-22AN8KV;17,5;87,3;10,22;86,7;38,0;10,0
2026-08-10 13:41:24;DESKTOP-22AN8KV;22,8;87,2;10,22;86,7;170,0;5,0
2026-08-10 13:41:35;DESKTOP-22AN8KV;16,4;87,0;10,19;86,7;144,0;6,0
2026-08-10 13:41:47;DESKTOP-22AN8KV;18,8;86,8;10,17;86,7;61,0;1431,0
2026-08-10 13:41:58;DESKTOP-22AN8KV;21,0;87,9;10,3;86,7;288,0;35,0
2026-08-10 13:42:10;DESKTOP-22AN8KV;23,9;90,9;10,65;86,7;77,0;37,0
2026-08-10 13:42:21;DESKTOP-22AN8KV;24,1;90,9;10,64;86,7;51,0;4,0
2026-08-10 13:42:33;DESKTOP-22AN8KV;24,5;86,1;10,09;86,7;44,0;18,0
2026-08-10 13:44:40;DESKTOP-22AN8KV;0,0;88,5;10,37;86,7;0,0;0,0
2026-08-10 13:44:51;DESKTOP-22AN8KV;22,1;89,2;10,45;86,7;71,0;23,0
2026-08-10 13:45:03;DESKTOP-22AN8KV;28,3;88,8;10,4;86,7;82,0;20,0
2026-08-10 13:45:14;DESKTOP-22AN8KV;24,1;89,2;10,45;86,7;51,0;5,0
2026-08-10 13:45:26;DESKTOP-22AN8KV;25,7;89,3;10,46;86,7;64,0;42,0
2026-08-10 13:45:37;DESKTOP-22AN8KV;16,8;88,6;10,37;86,7;34,0;4,0
2026-08-10 13:45:49;DESKTOP-22AN8KV;19,2;88,8;10,4;86,7;54,0;23,0
2026-08-10 13:46:00;DESKTOP-22AN8KV;17,1;88,5;10,36;86,7;47,0;17,0
2026-08-10 13:46:12;DESKTOP-22AN8KV;35,8;90,2;10,57;86,7;473,0;79,0
2026-08-10 13:46:24;DESKTOP-22AN8KV;18,9;90,2;10,57;86,7;36,0;12,0
2026-08-10 13:46:35;DESKTOP-22AN8KV;22,3;89,3;10,46;86,7;71,0;15,0
2026-08-10 13:46:47;DESKTOP-22AN8KV;28,0;89,7;10,51;86,7;31,0;2,0
2026-08-10 13:46:58;DESKTOP-22AN8KV;25,3;89,7;10,51;86,7;60,0;21,0
2026-08-10 13:47:10;DESKTOP-22AN8KV;23,3;89,7;10,51;86,7;294,0;26,0
2026-08-10 13:47:21;DESKTOP-22AN8KV;23,9;88,3;10,35;86,7;34,0;5,0
2026-08-10 13:47:33;DESKTOP-22AN8KV;21,5;89,4;10,47;86,7;57,0;27,0
2026-08-10 13:47:44;DESKTOP-22AN8KV;12,0;88,3;10,34;86,7;60,0;10,0
2026-08-10 13:47:56;DESKTOP-22AN8KV;24,3;89,4;10,47;86,7;118,0;20,0
2026-08-10 13:48:07;DESKTOP-22AN8KV;28,0;89,1;10,44;86,7;497,0;66,0
2026-08-10 13:48:19;DESKTOP-22AN8KV;28,8;88,8;10,4;86,7;57,0;20,0
2026-08-10 13:48:30;DESKTOP-22AN8KV;23,6;88,5;10,37;86,7;64,0;53,0
2026-08-10 13:48:42;DESKTOP-22AN8KV;23,1;88,2;10,34;86,7;24,0;4,0
2026-08-10 13:48:52;DESKTOP-22AN8KV;24,1;89,9;10,53;86,7;52,0;25,0
2026-08-10 13:49:02;DESKTOP-22AN8KV;24,8;89,1;10,43;86,7;62,0;29,0
2026-08-10 13:49:14;DESKTOP-22AN8KV;24,2;89,1;10,43;86,7;124,0;32,0
2026-08-10 13:49:25;DESKTOP-22AN8KV;26,8;90,0;10,54;86,7;203,0;8883,0
2026-08-10 13:49:37;DESKTOP-22AN8KV;23,1;90,7;10,62;86,7;72,0;465,0
2026-08-10 13:49:48;DESKTOP-22AN8KV;20,9;90,0;10,54;86,7;78,0;34,0
2026-08-10 13:50:00;DESKTOP-22AN8KV;26,1;90,7;10,62;86,7;51,0;40,0
2026-08-10 13:50:11;DESKTOP-22AN8KV;32,4;90,1;10,55;86,7;146,0;3888,0
2026-08-10 13:50:23;DESKTOP-22AN8KV;23,9;90,4;10,59;86,7;129,0;5474,0
2026-08-10 13:50:34;DESKTOP-22AN8KV;28,9;91,1;10,68;86,7;73,0;34,0
2026-08-10 13:50:46;DESKTOP-22AN8KV;33,5;90,8;10,64;86,7;45,0;79,0
2026-08-10 13:50:57;DESKTOP-22AN8KV;29,0;90,4;10,59;86,7;115,0;3984,0
2026-08-10 13:51:09;DESKTOP-22AN8KV;23,8;89,9;10,53;86,7;138,0;5458,0
2026-08-10 13:51:21;DESKTOP-22AN8KV;27,9;91,0;10,66;86,7;50,0;68,0
2026-08-10 13:51:32;DESKTOP-22AN8KV;15,4;88,8;10,4;86,7;38,0;31,0
2026-08-10 13:51:44;DESKTOP-22AN8KV;15,5;88,8;10,41;86,7;32,0;3,0
2026-08-10 13:51:55;DESKTOP-22AN8KV;27,4;90,4;10,6;86,7;39,0;25,0
2026-08-10 13:52:05;DESKTOP-22AN8KV;28,6;90,5;10,6;86,7;28,0;19,0
2026-08-10 13:52:15;DESKTOP-22AN8KV;21,4;89,7;10,51;86,7;26,0;8,0
2026-08-10 13:52:27;DESKTOP-22AN8KV;22,7;89,6;10,5;86,7;48,0;12,0
2026-08-10 13:52:37;DESKTOP-22AN8KV;22,4;89,6;10,5;86,7;53,0;35,0
2026-08-10 13:52:47;DESKTOP-22AN8KV;23,8;88,8;10,41;86,7;36,0;13,0
2026-08-10 13:52:57;DESKTOP-22AN8KV;22,6;89,2;10,44;86,7;50,0;470,0
2026-08-10 13:53:07;DESKTOP-22AN8KV;23,3;88,6;10,39;86,7;407,0;10145,0
2026-08-10 13:53:17;DESKTOP-22AN8KV;25,9;88,3;10,35;86,7;119,0;12,0
2026-08-10 13:53:27;DESKTOP-22AN8KV;27,9;88,5;10,36;86,7;40,0;34,0
2026-08-10 13:53:37;DESKTOP-22AN8KV;20,3;88,2;10,33;86,7;27,0;29,0
2026-08-10 13:53:47;DESKTOP-22AN8KV;27,6;88,8;10,4;86,7;247,0;10653,0
2026-08-10 13:53:58;DESKTOP-22AN8KV;20,3;88,4;10,35;86,7;42,0;86,0
2026-08-10 13:54:08;DESKTOP-22AN8KV;19,9;88,5;10,37;86,7;59,0;43,0
2026-08-10 13:54:18;DESKTOP-22AN8KV;25,8;88,0;10,31;86,7;35,0;12,0
2026-08-10 13:54:28;DESKTOP-22AN8KV;20,7;88,2;10,33;86,7;33,0;21,0
2026-08-10 13:54:38;DESKTOP-22AN8KV;17,4;88,2;10,33;86,7;38,0;12,0
2026-08-10 13:54:48;DESKTOP-22AN8KV;15,3;88,2;10,33;86,7;28,0;3,0
2026-08-10 13:54:58;DESKTOP-22AN8KV;16,3;88,4;10,36;86,7;62,0;34,0
2026-08-10 13:55:09;DESKTOP-22AN8KV;21,4;88,3;10,34;86,7;21,0;2,0
2026-08-10 13:55:19;DESKTOP-22AN8KV;18,3;87,9;10,29;86,7;24,0;4,0
2026-08-10 13:55:29;DESKTOP-22AN8KV;13,7;88,1;10,32;86,7;26,0;5,0
2026-08-10 13:55:39;DESKTOP-22AN8KV;14,4;88,1;10,32;86,7;28,0;2,0
2026-08-10 13:55:49;DESKTOP-22AN8KV;13,4;88,2;10,33;86,7;36,0;9,0
2026-08-10 13:55:59;DESKTOP-22AN8KV;16,3;88,1;10,32;86,7;52,0;15,0
2026-08-10 13:56:10;DESKTOP-22AN8KV;17,7;88,1;10,32;86,7;36,0;30,0
2026-08-10 13:56:20;DESKTOP-22AN8KV;22,3;88,2;10,33;86,7;36,0;32,0
2026-08-10 13:56:30;DESKTOP-22AN8KV;23,9;88,0;10,3;86,7;45,0;33,0
2026-08-10 13:56:40;DESKTOP-22AN8KV;20,0;87,7;10,27;86,7;25,0;4,0
2026-08-10 13:56:50;DESKTOP-22AN8KV;22,0;87,8;10,29;86,7;26,0;22,0
2026-08-10 13:57:00;DESKTOP-22AN8KV;24,8;88,5;10,37;86,7;223,0;10523,0
2026-08-10 13:57:10;DESKTOP-22AN8KV;23,3;87,6;10,27;86,7;51,0;64,0
2026-08-10 13:57:20;DESKTOP-22AN8KV;26,0;88,0;10,31;86,7;104,0;116,0
2026-08-10 13:57:30;DESKTOP-22AN8KV;26,2;88,5;10,37;86,7;132,0;4199,0
2026-08-10 13:57:41;DESKTOP-22AN8KV;21,5;87,9;10,3;86,7;141,0;6539,0
2026-08-10 13:57:51;DESKTOP-22AN8KV;20,7;87,8;10,29;86,7;30,0;26,0
2026-08-10 13:58:01;DESKTOP-22AN8KV;20,6;87,9;10,3;86,7;50,0;20,0
2026-08-10 13:58:11;DESKTOP-22AN8KV;22,9;88,8;10,4;86,7;158,0;44,0
2026-08-10 13:58:21;DESKTOP-22AN8KV;22,5;88,0;10,31;86,7;51,0;45,0
2026-08-10 13:58:32;DESKTOP-22AN8KV;14,0;87,9;10,3;86,7;27,0;16,0
2026-08-10 13:58:43;DESKTOP-22AN8KV;20,4;88,5;10,37;86,7;47,0;40,0
2026-08-10 13:58:53;DESKTOP-22AN8KV;24,7;88,7;10,4;86,7;109,0;29,0
2026-08-10 13:59:03;DESKTOP-22AN8KV;15,9;88,3;10,34;86,7;35,0;20,0
2026-08-10 13:59:13;DESKTOP-22AN8KV;13,6;88,3;10,34;86,7;56,0;5,0
2026-08-10 13:59:23;DESKTOP-22AN8KV;16,2;89,0;10,42;86,7;35,0;25,0
2026-08-10 13:59:35;DESKTOP-22AN8KV;15,6;88,5;10,36;86,7;44,0;25,0
2026-08-10 13:59:46;DESKTOP-22AN8KV;20,8;88,6;10,38;86,7;39,0;46,0
2026-08-10 13:59:56;DESKTOP-22AN8KV;20,3;89,4;10,47;86,7;220,0;10739,0
2026-08-10 14:00:06;DESKTOP-22AN8KV;21,2;89,4;10,48;86,7;42,0;46,0
2026-08-10 14:00:17;DESKTOP-22AN8KV;30,8;88,8;10,4;86,7;32,0;13,0
2026-08-10 14:00:27;DESKTOP-22AN8KV;27,4;90,2;10,57;86,7;48,0;52,0
2026-08-10 14:00:37;DESKTOP-22AN8KV;19,1;87,5;10,25;86,7;55,0;54,0
2026-08-10 14:00:47;DESKTOP-22AN8KV;16,8;87,6;10,26;86,7;42,0;42,0
2026-08-10 14:00:58;DESKTOP-22AN8KV;24,9;88,4;10,36;86,7;248,0;10710,0
2026-08-10 14:01:08;DESKTOP-22AN8KV;19,1;87,9;10,3;86,7;42,0;36,0
2026-08-10 14:01:18;DESKTOP-22AN8KV;19,8;88,6;10,38;86,7;32,0;24,0
2026-08-10 14:01:28;DESKTOP-22AN8KV;21,7;88,3;10,34;86,7;52,0;16,0
2026-08-10 14:01:38;DESKTOP-22AN8KV;14,0;87,7;10,28;86,7;50,0;25,0
2026-08-10 14:01:49;DESKTOP-22AN8KV;15,0;87,6;10,26;86,7;34,0;16,0
2026-08-10 14:01:59;DESKTOP-22AN8KV;15,2;87,0;10,2;86,7;26,0;7,0
2026-08-10 14:02:09;DESKTOP-22AN8KV;12,6;87,1;10,2;86,7;46,0;10,0
2026-08-10 14:02:19;DESKTOP-22AN8KV;16,4;87,2;10,21;86,7;50,0;3,0
2026-08-10 14:02:29;DESKTOP-22AN8KV;19,7;87,5;10,25;86,7;39,0;14,0
2026-08-10 14:02:40;DESKTOP-22AN8KV;14,9;87,6;10,26;86,7;37,0;17,0
2026-08-10 14:02:51;DESKTOP-22AN8KV;12,6;87,4;10,23;86,7;34,0;11,0
2026-08-10 14:03:01;DESKTOP-22AN8KV;14,1;87,5;10,26;86,7;27,0;4,0
2026-08-10 14:03:11;DESKTOP-22AN8KV;21,1;89,7;10,51;86,7;39,0;39,0
2026-08-10 14:03:21;DESKTOP-22AN8KV;27,4;91,1;10,67;86,7;96,0;93,0
2026-08-10 14:03:32;DESKTOP-22AN8KV;20,7;90,2;10,57;86,7;64,0;29,0
2026-08-10 14:03:42;DESKTOP-22AN8KV;25,2;90,2;10,56;86,7;50,0;25,0
2026-08-10 14:03:53;DESKTOP-22AN8KV;22,7;91,5;10,72;86,7;261,0;138,0
2026-08-10 14:04:03;DESKTOP-22AN8KV;20,7;91,8;10,75;86,7;42,0;23,0
2026-08-10 14:04:13;DESKTOP-22AN8KV;21,0;92,3;10,81;86,7;42,0;22,0
2026-08-10 14:04:24;DESKTOP-22AN8KV;25,8;90,0;10,54;86,7;24,0;22,0
2026-08-10 14:04:34;DESKTOP-22AN8KV;25,2;90,6;10,61;86,7;337,0;41,0
2026-08-10 14:04:44;DESKTOP-22AN8KV;24,3;90,6;10,62;86,7;369,0;27,0
2026-08-10 14:04:54;DESKTOP-22AN8KV;29,4;89,5;10,49;86,7;68,0;41,0
2026-08-10 14:05:04;DESKTOP-22AN8KV;23,0;88,6;10,38;86,7;102,0;69,0
2026-08-10 14:05:14;DESKTOP-22AN8KV;24,5;88,8;10,4;86,7;48,0;26,0
2026-08-10 14:05:25;DESKTOP-22AN8KV;13,9;88,6;10,38;86,7;63,0;29,0
2026-08-10 14:05:35;DESKTOP-22AN8KV;17,0;88,2;10,33;86,7;30,0;13,0
2026-08-10 14:05:45;DESKTOP-22AN8KV;15,3;87,8;10,29;86,7;385,0;11,0
2026-08-10 14:05:56;DESKTOP-22AN8KV;25,4;89,5;10,49;86,7;187,0;49,0
2026-08-10 14:06:06;DESKTOP-22AN8KV;25,3;88,5;10,37;86,7;32,0;44,0
2026-08-10 14:06:16;DESKTOP-22AN8KV;17,6;88,0;10,3;86,7;55,0;27,0
2026-08-10 14:06:27;DESKTOP-22AN8KV;13,9;88,0;10,3;86,7;199,0;44,0
2026-08-10 14:06:37;DESKTOP-22AN8KV;13,4;87,4;10,24;86,7;37,0;2,0
2026-08-10 14:06:47;DESKTOP-22AN8KV;22,9;87,7;10,28;86,7;32,0;29,0
2026-08-10 14:06:58;DESKTOP-22AN8KV;18,8;87,3;10,23;86,7;84,0;46,0
2026-08-10 14:07:08;DESKTOP-22AN8KV;23,2;87,5;10,24;86,7;48,0;10,0
2026-08-10 14:07:18;DESKTOP-22AN8KV;14,5;87,2;10,22;86,7;27,0;18,0
2026-08-10 14:07:28;DESKTOP-22AN8KV;12,8;86,9;10,18;86,7;73,0;26,0
2026-08-10 14:07:39;DESKTOP-22AN8KV;12,2;87,0;10,19;86,7;45,0;2,0
2026-08-10 14:07:49;DESKTOP-22AN8KV;15,9;87,0;10,2;86,7;36,0;16,0
2026-08-10 14:07:59;DESKTOP-22AN8KV;24,9;88,0;10,3;86,7;42,0;57,0
2026-08-10 14:08:10;DESKTOP-22AN8KV;26,6;89,9;10,53;86,7;79,0;66,0
2026-08-10 14:08:20;DESKTOP-22AN8KV;14,4;89,5;10,49;86,7;55,0;10,0
2026-08-10 14:08:30;DESKTOP-22AN8KV;24,1;90,2;10,57;86,7;48,0;24,0
2026-08-10 14:08:40;DESKTOP-22AN8KV;19,5;89,5;10,48;86,7;35,0;16,0
2026-08-10 14:08:51;DESKTOP-22AN8KV;26,1;89,7;10,5;86,7;23,0;11,0
2026-08-10 14:09:01;DESKTOP-22AN8KV;20,8;89,1;10,44;86,7;58,0;28,0
2026-08-10 14:09:11;DESKTOP-22AN8KV;23,2;89,2;10,45;86,7;37,0;7,0
2026-08-10 14:09:21;DESKTOP-22AN8KV;21,5;87,2;10,22;86,7;84,0;45,0
2026-08-10 14:09:31;DESKTOP-22AN8KV;18,4;88,1;10,32;86,7;35,0;16,0
2026-08-10 14:09:41;DESKTOP-22AN8KV;22,1;89,9;10,53;86,7;49,0;43,0
2026-08-10 14:09:52;DESKTOP-22AN8KV;19,0;90,1;10,55;86,7;78,0;12,0
2026-08-10 14:10:02;DESKTOP-22AN8KV;25,4;89,9;10,54;86,7;65,0;35,0
2026-08-10 14:10:12;DESKTOP-22AN8KV;19,0;88,3;10,34;86,7;34,0;18,0
2026-08-10 14:10:22;DESKTOP-22AN8KV;23,0;88,5;10,37;86,7;36,0;26,0
2026-08-10 14:10:33;DESKTOP-22AN8KV;13,8;88,4;10,36;86,7;30,0;7,0
2026-08-10 14:10:43;DESKTOP-22AN8KV;13,7;87,6;10,26;86,7;29,0;8,0
2026-08-10 14:10:53;DESKTOP-22AN8KV;11,9;86,8;10,17;86,7;42,0;9,0
2026-08-10 14:11:03;DESKTOP-22AN8KV;13,0;86,7;10,16;86,7;117,0;5,0
2026-08-10 14:11:13;DESKTOP-22AN8KV;11,9;86,5;10,13;86,7;226,0;9,0
2026-08-10 14:11:23;DESKTOP-22AN8KV;14,3;86,7;10,16;86,7;83,0;4,0
2026-08-10 14:11:34;DESKTOP-22AN8KV;12,6;86,7;10,15;86,7;419,0;6,0
2026-08-10 14:11:44;DESKTOP-22AN8KV;13,0;86,6;10,14;86,7;30,0;2,0
2026-08-10 14:11:54;DESKTOP-22AN8KV;12,9;86,6;10,15;86,7;29,0;3,0
2026-08-10 14:12:05;DESKTOP-22AN8KV;11,7;86,3;10,11;86,7;26,0;3,0
2026-08-10 14:12:15;DESKTOP-22AN8KV;13,7;86,4;10,13;86,7;25,0;3,0
2026-08-10 14:12:25;DESKTOP-22AN8KV;13,2;86,6;10,15;86,7;29,0;10,0
2026-08-10 14:12:35;DESKTOP-22AN8KV;13,3;86,5;10,13;86,7;31,0;5,0
2026-08-10 14:12:45;DESKTOP-22AN8KV;11,1;86,7;10,15;86,7;32,0;14,0
2026-08-10 14:12:55;DESKTOP-22AN8KV;11,5;86,4;10,13;86,7;395,0;4,0
2026-08-10 14:13:06;DESKTOP-22AN8KV;16,5;87,6;10,26;86,7;82,0;9,0
2026-08-10 14:13:16;DESKTOP-22AN8KV;14,5;87,6;10,27;86,7;33,0;15,0
2026-08-10 14:13:26;DESKTOP-22AN8KV;11,6;87,4;10,24;86,7;28,0;3,0
2026-08-10 14:13:36;DESKTOP-22AN8KV;18,9;88,3;10,34;86,7;64,0;29,0
2026-08-10 14:13:47;DESKTOP-22AN8KV;18,6;88,1;10,32;86,7;35,0;6,0
2026-08-10 14:13:57;DESKTOP-22AN8KV;24,9;87,8;10,28;86,7;640,0;23,0
2026-08-10 14:14:07;DESKTOP-22AN8KV;23,0;88,3;10,35;86,7;67,0;6,0
2026-08-10 14:14:17;DESKTOP-22AN8KV;23,1;88,6;10,38;86,7;59,0;28,0
2026-08-10 14:14:27;DESKTOP-22AN8KV;27,4;88,4;10,36;86,7;46,0;28,0
2026-08-10 14:14:38;DESKTOP-22AN8KV;20,8;87,2;10,22;86,7;55,0;7,0
2026-08-10 14:14:48;DESKTOP-22AN8KV;16,0;87,0;10,19;86,7;48,0;12,0
2026-08-10 14:14:58;DESKTOP-22AN8KV;15,3;87,4;10,24;86,7;41,0;12,0
2026-08-10 14:15:09;DESKTOP-22AN8KV;16,6;86,6;10,14;86,7;22,0;3,0
2026-08-10 14:15:19;DESKTOP-22AN8KV;15,1;85,6;10,03;86,7;68,0;18,0
2026-08-10 14:15:29;DESKTOP-22AN8KV;14,8;85,4;10,0;86,7;32,0;19,0
2026-08-10 14:15:40;DESKTOP-22AN8KV;25,4;85,9;10,06;86,7;23,0;3,0
2026-08-10 14:15:50;DESKTOP-22AN8KV;15,5;86,0;10,07;86,7;38,0;11,0
2026-08-10 14:16:01;DESKTOP-22AN8KV;13,0;86,0;10,08;86,7;408,0;16,0
2026-08-10 14:16:11;DESKTOP-22AN8KV;12,0;86,1;10,09;86,7;30,0;2,0
2026-08-10 14:16:21;DESKTOP-22AN8KV;12,1;86,0;10,08;86,7;42,0;11,0
2026-08-10 14:16:31;DESKTOP-22AN8KV;17,3;86,0;10,07;86,7;35,0;7,0
2026-08-10 14:16:41;DESKTOP-22AN8KV;15,2;86,0;10,07;86,7;29,0;3,0
2026-08-10 14:16:52;DESKTOP-22AN8KV;13,2;86,2;10,09;86,7;14,0;2,0
2026-08-10 14:17:02;DESKTOP-22AN8KV;13,3;86,1;10,08;86,7;79,0;18,0
2026-08-10 14:17:13;DESKTOP-22AN8KV;19,0;87,6;10,27;86,7;41,0;17,0
2026-08-10 14:17:23;DESKTOP-22AN8KV;22,7;87,7;10,27;86,7;30,0;16,0
2026-08-10 14:17:34;DESKTOP-22AN8KV;25,4;89,1;10,44;86,7;35,0;16,0
2026-08-10 14:17:44;DESKTOP-22AN8KV;25,5;88,0;10,31;86,7;45,0;17,0
2026-08-10 14:17:54;DESKTOP-22AN8KV;15,4;86,8;10,17;86,7;54,0;35,0
2026-08-10 14:18:04;DESKTOP-22AN8KV;25,5;88,6;10,38;86,7;42,0;18,0
2026-08-10 14:18:15;DESKTOP-22AN8KV;22,8;88,5;10,37;86,7;60,0;464,0
2026-08-10 14:18:25;DESKTOP-22AN8KV;21,0;87,9;10,3;86,7;48,0;17,0
2026-08-10 14:18:35;DESKTOP-22AN8KV;20,8;86,9;10,18;86,7;42,0;15,0
2026-08-10 14:18:46;DESKTOP-22AN8KV;18,6;87,0;10,19;86,7;38,0;8,0
2026-08-10 14:18:56;DESKTOP-22AN8KV;16,8;86,6;10,14;86,7;630,0;14,0
2026-08-10 14:19:06;DESKTOP-22AN8KV;23,9;87,1;10,2;86,7;182,0;18,0
2026-08-10 14:19:17;DESKTOP-22AN8KV;23,4;87,3;10,23;86,7;46,0;9,0
2026-08-10 14:19:27;DESKTOP-22AN8KV;22,0;88,1;10,32;86,7;37,0;23,0
2026-08-10 14:19:37;DESKTOP-22AN8KV;21,2;89,0;10,43;86,7;41,0;10,0
2026-08-10 14:19:47;DESKTOP-22AN8KV;21,8;88,7;10,39;86,7;49,0;33,0
2026-08-10 14:19:58;DESKTOP-22AN8KV;19,6;89,0;10,42;86,7;190,0;22,0
2026-08-10 14:20:08;DESKTOP-22AN8KV;23,3;89,1;10,44;86,7;103,0;42,0
2026-08-10 14:20:18;DESKTOP-22AN8KV;33,9;85,7;10,04;86,7;28,0;19,0
2026-08-10 14:20:29;DESKTOP-22AN8KV;27,9;86,7;10,15;86,7;52,0;39,0
2026-08-10 14:20:39;DESKTOP-22AN8KV;19,8;87,0;10,19;86,7;63,0;35,0
2026-08-10 14:20:49;DESKTOP-22AN8KV;19,9;86,0;10,08;86,7;43,0;42,0
2026-08-10 14:20:59;DESKTOP-22AN8KV;23,9;86,0;10,07;86,7;355,0;36,0
2026-08-10 14:21:10;DESKTOP-22AN8KV;23,8;87,3;10,23;86,7;155,0;8296,0
2026-08-10 14:21:20;DESKTOP-22AN8KV;19,8;87,6;10,26;86,7;324,0;2448,0
2026-08-10 14:21:30;DESKTOP-22AN8KV;22,8;88,1;10,32;86,7;47,0;39,0
2026-08-10 14:21:41;DESKTOP-22AN8KV;25,9;88,4;10,35;86,7;51,0;66,0
2026-08-10 14:21:51;DESKTOP-22AN8KV;21,3;88,4;10,35;86,7;32,0;5,0
2026-08-10 14:22:01;DESKTOP-22AN8KV;24,9;88,3;10,34;86,7;49,0;46,0
2026-08-10 14:22:11;DESKTOP-22AN8KV;22,3;87,9;10,3;86,7;29,0;23,0
2026-08-10 14:22:21;DESKTOP-22AN8KV;29,3;89,4;10,48;86,7;214,0;10782,0
2026-08-10 14:22:31;DESKTOP-22AN8KV;22,0;86,9;10,18;86,7;27,0;70,0
2026-08-10 14:22:42;DESKTOP-22AN8KV;18,4;87,5;10,25;86,7;20,0;35,0
2026-08-10 14:22:52;DESKTOP-22AN8KV;18,2;87,5;10,25;86,7;26,0;28,0
2026-08-10 14:23:02;DESKTOP-22AN8KV;20,4;87,7;10,28;86,7;27,0;44,0
2026-08-10 14:23:12;DESKTOP-22AN8KV;23,0;87,5;10,25;86,7;22,0;5,0
2026-08-10 14:23:23;DESKTOP-22AN8KV;21,9;87,8;10,29;86,7;56,0;32,0
2026-08-10 14:23:33;DESKTOP-22AN8KV;20,6;87,9;10,29;86,7;67,0;26,0
2026-08-10 14:23:43;DESKTOP-22AN8KV;20,2;87,5;10,26;86,7;30,0;24,0
2026-08-10 14:23:53;DESKTOP-22AN8KV;23,9;88,0;10,31;86,7;37,0;38,0
2026-08-10 14:24:03;DESKTOP-22AN8KV;19,1;87,1;10,2;86,7;20,0;5,0
2026-08-10 14:24:13;DESKTOP-22AN8KV;20,9;86,8;10,17;86,7;36,0;9,0
2026-08-10 14:24:24;DESKTOP-22AN8KV;25,6;87,2;10,21;86,7;30,0;19,0
2026-08-10 14:24:34;DESKTOP-22AN8KV;19,2;87,0;10,19;86,7;24,0;7,0
2026-08-10 14:24:44;DESKTOP-22AN8KV;18,3;86,6;10,15;86,7;71,0;27,0
2026-08-10 14:24:54;DESKTOP-22AN8KV;21,2;87,0;10,19;86,7;35,0;51,0
2026-08-10 14:25:04;DESKTOP-22AN8KV;23,7;87,0;10,19;86,7;34,0;47,0
2026-08-10 14:25:14;DESKTOP-22AN8KV;20,4;86,9;10,18;86,7;33,0;10,0
2026-08-10 14:25:25;DESKTOP-22AN8KV;22,5;86,6;10,14;86,7;31,0;18,0
2026-08-10 14:25:36;DESKTOP-22AN8KV;24,3;88,3;10,34;86,7;208,0;10273,0
2026-08-10 14:25:46;DESKTOP-22AN8KV;22,6;87,6;10,26;86,7;55,0;236,0
2026-08-10 14:25:56;DESKTOP-22AN8KV;27,4;88,0;10,3;86,7;271,0;103,0
2026-08-10 14:26:06;DESKTOP-22AN8KV;24,9;87,5;10,25;86,7;389,0;205,0
2026-08-10 14:26:16;DESKTOP-22AN8KV;25,4;87,2;10,22;86,7;215,0;10782,0
2026-08-10 14:26:26;DESKTOP-22AN8KV;25,9;87,3;10,23;86,7;38,0;69,0
2026-08-10 14:26:37;DESKTOP-22AN8KV;19,1;87,0;10,2;86,7;44,0;39,0
2026-08-10 14:26:47;DESKTOP-22AN8KV;21,5;86,9;10,18;86,7;46,0;17,0
2026-08-10 14:26:57;DESKTOP-22AN8KV;21,2;86,8;10,17;86,7;35,0;42,0
2026-08-10 14:27:07;DESKTOP-22AN8KV;24,7;88,1;10,32;86,7;22,0;29,0
2026-08-10 14:27:18;DESKTOP-22AN8KV;25,9;88,2;10,34;86,7;223,0;10688,0
2026-08-10 14:27:28;DESKTOP-22AN8KV;24,1;88,3;10,34;86,7;44,0;93,0
2026-08-10 14:27:38;DESKTOP-22AN8KV;30,1;87,3;10,23;86,7;34,0;28,0
2026-08-10 14:27:48;DESKTOP-22AN8KV;24,8;87,4;10,23;86,7;18,0;23,0
2026-08-10 14:27:59;DESKTOP-22AN8KV;28,9;87,5;10,25;86,7;36,0;44,0
2026-08-10 14:28:09;DESKTOP-22AN8KV;30,1;88,1;10,32;86,7;44,0;48,0
2026-08-10 14:28:19;DESKTOP-22AN8KV;33,2;88,6;10,38;86,7;221,0;10749,0
2026-08-10 14:28:29;DESKTOP-22AN8KV;27,4;88,8;10,41;86,7;49,0;132,0
2026-08-10 14:28:47;DESKTOP-22AN8KV;0,0;89,2;10,45;86,7;0,0;0,0
2026-08-10 14:28:58;DESKTOP-22AN8KV;32,0;89,0;10,43;86,7;201,0;9752,0
2026-08-10 14:29:08;DESKTOP-22AN8KV;27,3;89,6;10,5;86,7;40,0;73,0
2026-08-10 14:29:18;DESKTOP-22AN8KV;38,6;89,9;10,53;86,7;206,0;10506,0
2026-08-10 14:29:28;DESKTOP-22AN8KV;37,0;85,9;10,07;86,7;70,0;65,0
2026-08-10 14:29:39;DESKTOP-22AN8KV;31,5;86,8;10,17;86,7;53,0;197,0
2026-08-10 14:29:49;DESKTOP-22AN8KV;28,2;86,5;10,13;86,7;191,0;7972,0
2026-08-10 14:30:00;DESKTOP-22AN8KV;28,7;86,5;10,14;86,7;149,0;2719,0
2026-08-10 14:30:11;DESKTOP-22AN8KV;24,5;86,9;10,18;86,7;27,0;17,0
2026-08-10 14:30:21;DESKTOP-22AN8KV;27,3;86,7;10,16;86,7;26,0;19,0
2026-08-10 14:30:31;DESKTOP-22AN8KV;30,9;88,0;10,31;86,7;85,0;60,0
2026-08-10 14:30:41;DESKTOP-22AN8KV;22,4;87,9;10,3;86,7;65,0;46,0
2026-08-10 14:30:51;DESKTOP-22AN8KV;30,4;87,1;10,2;86,7;96,0;71,0
2026-08-10 14:31:02;DESKTOP-22AN8KV;28,1;87,6;10,27;86,7;304,0;41,0
2026-08-10 14:31:12;DESKTOP-22AN8KV;24,6;87,6;10,26;86,7;45,0;10,0
2026-08-10 14:31:23;DESKTOP-22AN8KV;13,6;86,6;10,15;86,7;31,0;2,0
2026-08-10 14:31:35;DESKTOP-22AN8KV;12,0;86,5;10,14;86,7;28,0;18,0
2026-08-10 14:31:46;DESKTOP-22AN8KV;12,3;86,5;10,14;86,7;26,0;9,0
2026-08-10 14:31:57;DESKTOP-22AN8KV;15,6;86,6;10,14;86,7;26,0;6,0
2026-08-10 14:32:07;DESKTOP-22AN8KV;12,9;87,3;10,22;86,7;49,0;23,0
2026-08-10 14:32:17;DESKTOP-22AN8KV;19,0;87,8;10,28;86,7;30,0;4,0
2026-08-10 14:32:27;DESKTOP-22AN8KV;17,1;87,6;10,27;86,7;32,0;6,0
2026-08-10 14:32:38;DESKTOP-22AN8KV;21,2;87,9;10,3;86,7;36,0;12,0
2026-08-10 14:32:48;DESKTOP-22AN8KV;22,0;87,4;10,23;86,7;47,0;26,0
2026-08-10 14:32:58;DESKTOP-22AN8KV;16,9;87,4;10,24;86,7;26,0;7,0
2026-08-10 14:33:09;DESKTOP-22AN8KV;22,2;87,4;10,24;86,7;45,0;12,0
2026-08-10 14:33:19;DESKTOP-22AN8KV;22,1;87,8;10,28;86,7;32,0;6,0
2026-08-10 14:33:29;DESKTOP-22AN8KV;21,7;87,7;10,27;86,7;54,0;13,0
2026-08-10 14:33:40;DESKTOP-22AN8KV;19,4;88,6;10,38;86,7;45,0;13,0
2026-08-10 14:33:50;DESKTOP-22AN8KV;21,3;88,1;10,33;86,7;78,0;79,0
2026-08-10 14:34:01;DESKTOP-22AN8KV;21,6;88,4;10,36;86,7;72,0;18,0
2026-08-10 14:34:11;DESKTOP-22AN8KV;17,4;88,4;10,36;86,7;36,0;2,0
2026-08-10 14:34:21;DESKTOP-22AN8KV;19,9;90,0;10,54;86,7;100,0;41,0
2026-08-10 14:34:32;DESKTOP-22AN8KV;14,4;89,7;10,5;86,7;65,0;18,0
2026-08-10 14:34:42;DESKTOP-22AN8KV;14,0;89,0;10,42;86,7;33,0;4,0
2026-08-10 14:34:52;DESKTOP-22AN8KV;16,1;88,5;10,37;86,7;37,0;20,0
2026-08-10 14:35:03;DESKTOP-22AN8KV;15,7;88,7;10,39;86,7;29,0;8,0
2026-08-10 14:35:13;DESKTOP-22AN8KV;24,7;90,4;10,59;86,7;74,0;37,0
2026-08-10 14:35:23;DESKTOP-22AN8KV;22,8;87,4;10,23;86,7;53,0;14,0
2026-08-10 14:35:33;DESKTOP-22AN8KV;16,9;86,4;10,12;86,7;38,0;15,0
2026-08-10 14:35:44;DESKTOP-22AN8KV;22,5;86,6;10,15;86,7;111,0;20,0
2026-08-10 14:35:54;DESKTOP-22AN8KV;21,8;86,9;10,19;86,7;46,0;16,0
2026-08-10 14:36:04;DESKTOP-22AN8KV;21,7;87,2;10,21;86,7;120,0;21,0
2026-08-10 14:36:14;DESKTOP-22AN8KV;22,4;88,1;10,33;86,7;136,0;27,0
2026-08-10 14:36:25;DESKTOP-22AN8KV;24,0;88,0;10,31;86,7;38,0;6,0
2026-08-10 14:36:35;DESKTOP-22AN8KV;17,2;87,7;10,27;86,7;48,0;26,0
2026-08-10 14:36:45;DESKTOP-22AN8KV;20,1;87,7;10,28;86,7;33,0;7,0
2026-08-10 14:36:55;DESKTOP-22AN8KV;20,7;87,6;10,27;86,7;40,0;21,0
2026-08-10 14:37:07;DESKTOP-22AN8KV;16,9;85,7;10,04;86,7;26,0;7,0
2026-08-10 14:37:17;DESKTOP-22AN8KV;14,7;85,6;10,03;86,7;28,0;2,0
2026-08-10 14:37:27;DESKTOP-22AN8KV;15,3;85,6;10,03;86,7;32,0;13,0
2026-08-10 14:37:37;DESKTOP-22AN8KV;16,8;86,6;10,15;86,7;27,0;12,0
2026-08-10 14:37:48;DESKTOP-22AN8KV;15,5;85,6;10,03;86,7;324,0;22,0
2026-08-10 14:37:58;DESKTOP-22AN8KV;14,2;85,5;10,02;86,7;25,0;3,0
2026-08-10 14:38:08;DESKTOP-22AN8KV;20,9;87,7;10,28;86,7;76,0;11,0
2026-08-10 14:38:18;DESKTOP-22AN8KV;18,6;87,6;10,26;86,7;42,0;17,0
2026-08-10 14:38:29;DESKTOP-22AN8KV;17,8;88,3;10,34;86,7;24,0;8,0
2026-08-10 14:38:39;DESKTOP-22AN8KV;16,6;87,4;10,24;86,7;15,0;3,0
2026-08-10 14:38:50;DESKTOP-22AN8KV;14,7;86,6;10,14;86,7;42,0;14,0
2026-08-10 14:39:00;DESKTOP-22AN8KV;17,3;86,1;10,09;86,7;33,0;8,0
2026-08-10 14:39:10;DESKTOP-22AN8KV;13,5;86,2;10,1;86,7;36,0;10,0
2026-08-10 14:39:20;DESKTOP-22AN8KV;12,0;86,0;10,08;86,7;22,0;4,0
2026-08-10 14:39:31;DESKTOP-22AN8KV;19,6;88,4;10,35;86,7;35,0;26,0
2026-08-10 14:39:41;DESKTOP-22AN8KV;16,8;88,2;10,34;86,7;46,0;18,0
2026-08-10 14:39:51;DESKTOP-22AN8KV;19,3;88,6;10,38;86,7;211,0;11,0
2026-08-10 14:40:01;DESKTOP-22AN8KV;23,0;88,4;10,36;86,7;230,0;13,0
2026-08-10 14:40:12;DESKTOP-22AN8KV;17,5;88,0;10,31;86,7;23,0;3,0
2026-08-10 14:40:22;DESKTOP-22AN8KV;18,0;87,1;10,2;86,7;19,0;3,0
2026-08-10 14:40:33;DESKTOP-22AN8KV;13,2;86,1;10,09;86,7;39,0;15,0
2026-08-10 14:40:43;DESKTOP-22AN8KV;14,4;86,6;10,14;86,7;31,0;9,0
2026-08-10 14:40:53;DESKTOP-22AN8KV;15,2;85,5;10,02;86,7;455,0;21,0
2026-08-10 14:41:04;DESKTOP-22AN8KV;19,2;86,0;10,08;86,7;131,0;11,0
2026-08-10 14:41:14;DESKTOP-22AN8KV;18,4;85,6;10,03;86,7;37,0;2,0
2026-08-10 14:41:24;DESKTOP-22AN8KV;15,0;86,0;10,08;86,7;20,0;3,0
2026-08-10 14:41:34;DESKTOP-22AN8KV;11,8;85,3;9,99;86,7;33,0;3,0
2026-08-10 14:41:45;DESKTOP-22AN8KV;22,3;86,8;10,17;86,7;118,0;23,0
2026-08-10 14:41:55;DESKTOP-22AN8KV;21,1;87,6;10,26;86,7;282,0;15,0
2026-08-10 14:42:05;DESKTOP-22AN8KV;15,0;87,6;10,26;86,7;30,0;4,0
2026-08-10 14:42:16;DESKTOP-22AN8KV;14,5;87,4;10,24;86,7;24,0;3,0
2026-08-10 14:42:27;DESKTOP-22AN8KV;17,6;86,6;10,14;86,7;26,0;3,0
2026-08-10 14:42:37;DESKTOP-22AN8KV;15,3;87,7;10,27;86,7;71,0;12,0
2026-08-10 14:42:48;DESKTOP-22AN8KV;17,7;88,5;10,37;86,7;196,0;16,0
2026-08-10 14:42:58;DESKTOP-22AN8KV;17,0;87,7;10,28;86,7;26,0;4,0
2026-08-10 14:43:08;DESKTOP-22AN8KV;15,6;87,5;10,25;86,7;21,0;1,0
2026-08-10 14:43:18;DESKTOP-22AN8KV;13,7;87,6;10,26;86,7;55,0;9,0
2026-08-10 14:43:28;DESKTOP-22AN8KV;14,9;88,3;10,34;86,7;38,0;8,0
2026-08-10 14:43:38;DESKTOP-22AN8KV;17,2;88,4;10,35;86,7;27,0;10,0
2026-08-10 14:43:49;DESKTOP-22AN8KV;17,2;87,4;10,24;86,7;276,0;21,0
2026-08-10 14:43:59;DESKTOP-22AN8KV;15,0;87,3;10,22;86,7;53,0;23,0
2026-08-10 14:44:09;DESKTOP-22AN8KV;14,1;87,0;10,19;86,7;37,0;1,0
2026-08-10 14:44:20;DESKTOP-22AN8KV;17,3;88,4;10,36;86,7;4030,0;46,0
2026-08-10 14:44:30;DESKTOP-22AN8KV;16,7;88,5;10,36;86,7;56,0;34,0
2026-08-10 14:44:40;DESKTOP-22AN8KV;16,5;88,4;10,35;86,7;50,0;4,0
2026-08-10 14:44:50;DESKTOP-22AN8KV;17,4;87,9;10,3;86,7;36,0;2,0
2026-08-10 14:45:01;DESKTOP-22AN8KV;20,4;88,4;10,36;86,7;64,0;29,0
2026-08-10 14:45:11;DESKTOP-22AN8KV;18,1;87,4;10,24;86,7;37,0;7,0
2026-08-10 14:45:21;DESKTOP-22AN8KV;13,4;87,2;10,22;86,7;39,0;4,0
2026-08-10 14:45:31;DESKTOP-22AN8KV;15,7;86,5;10,13;86,7;46,0;13,0
2026-08-10 14:45:42;DESKTOP-22AN8KV;14,6;86,4;10,12;86,7;34,0;1,0
2026-08-10 14:45:52;DESKTOP-22AN8KV;13,7;86,1;10,09;86,7;149,0;12,0
2026-08-10 14:46:03;DESKTOP-22AN8KV;15,5;86,3;10,11;86,7;213,0;23,0
2026-08-10 14:46:13;DESKTOP-22AN8KV;21,2;87,0;10,2;86,7;48,0;21,0
2026-08-10 14:46:23;DESKTOP-22AN8KV;23,8;88,1;10,32;86,7;48,0;24,0
2026-08-10 14:46:33;DESKTOP-22AN8KV;23,1;88,0;10,31;86,7;54,0;30,0
2026-08-10 14:46:43;DESKTOP-22AN8KV;17,6;88,2;10,34;86,7;49,0;10,0
2026-08-10 14:46:54;DESKTOP-22AN8KV;20,1;88,1;10,32;86,7;60,0;24,0
2026-08-10 14:47:04;DESKTOP-22AN8KV;22,8;88,0;10,31;86,7;27,0;14,0
2026-08-10 14:47:15;DESKTOP-22AN8KV;16,3;87,0;10,2;86,7;30,0;3,0
2026-08-10 14:47:25;DESKTOP-22AN8KV;18,5;87,1;10,2;86,7;31,0;8,0
2026-08-10 14:47:35;DESKTOP-22AN8KV;14,0;87,1;10,2;86,7;22,0;4,0
2026-08-10 14:47:45;DESKTOP-22AN8KV;19,9;87,8;10,28;86,7;47,0;17,0
2026-08-10 14:47:56;DESKTOP-22AN8KV;12,9;87,1;10,2;86,7;53,0;9,0
2026-08-10 14:48:06;DESKTOP-22AN8KV;15,4;87,0;10,19;86,7;46,0;4,0
2026-08-10 14:48:16;DESKTOP-22AN8KV;14,6;87,3;10,23;86,7;38,0;3,0
2026-08-10 14:48:26;DESKTOP-22AN8KV;22,1;88,0;10,31;86,7;62,0;23,0
2026-08-10 14:48:37;DESKTOP-22AN8KV;13,1;86,9;10,18;86,7;40,0;7,0
2026-08-10 14:48:47;DESKTOP-22AN8KV;16,0;86,9;10,19;86,7;72,0;13,0
2026-08-10 14:48:57;DESKTOP-22AN8KV;12,5;86,9;10,19;86,7;23,0;3,0
2026-08-10 14:49:07;DESKTOP-22AN8KV;12,0;86,9;10,18;86,7;40,0;12,0
2026-08-10 14:49:17;DESKTOP-22AN8KV;11,8;86,8;10,17;86,7;47,0;13,0
2026-08-10 14:49:27;DESKTOP-22AN8KV;14,1;86,8;10,16;86,7;25,0;5,0
2026-08-10 14:49:38;DESKTOP-22AN8KV;15,2;86,8;10,17;86,7;29,0;2,0
2026-08-10 14:49:48;DESKTOP-22AN8KV;13,4;86,3;10,11;86,7;23,0;4,0
2026-08-10 14:49:58;DESKTOP-22AN8KV;15,1;86,5;10,13;86,7;29,0;12,0
2026-08-10 14:50:09;DESKTOP-22AN8KV;26,4;88,3;10,35;86,7;55,0;23,0
2026-08-10 14:50:19;DESKTOP-22AN8KV;16,6;88,3;10,35;86,7;558,0;15,0
2026-08-10 14:50:30;DESKTOP-22AN8KV;21,4;87,3;10,22;86,7;75,0;41,0
2026-08-10 14:50:40;DESKTOP-22AN8KV;20,0;86,6;10,15;86,7;35,0;9,0
2026-08-10 14:50:50;DESKTOP-22AN8KV;17,8;87,2;10,21;86,7;58,0;13,0
2026-08-10 14:51:01;DESKTOP-22AN8KV;22,3;86,8;10,16;86,7;110,0;15,0
2026-08-10 14:51:11;DESKTOP-22AN8KV;18,6;86,4;10,13;86,7;150,0;17,0
2026-08-10 14:51:21;DESKTOP-22AN8KV;17,2;85,2;9,99;86,7;504,0;7,0
2026-08-10 14:51:32;DESKTOP-22AN8KV;12,2;85,1;9,97;86,7;20,0;4,0
2026-08-10 14:51:42;DESKTOP-22AN8KV;12,4;85,2;9,98;86,7;46,0;30,0
2026-08-10 14:51:52;DESKTOP-22AN8KV;14,4;84,8;9,94;86,7;46,0;12,0
2026-08-10 14:52:03;DESKTOP-22AN8KV;18,8;85,9;10,06;86,7;35,0;11,0
2026-08-10 14:52:13;DESKTOP-22AN8KV;16,1;85,9;10,06;86,7;37,0;24,0
2026-08-10 14:52:23;DESKTOP-22AN8KV;15,9;85,0;9,96;86,7;43,0;2,0
2026-08-10 14:52:33;DESKTOP-22AN8KV;14,2;84,8;9,93;86,7;29,0;3,0
2026-08-10 14:52:44;DESKTOP-22AN8KV;22,2;86,1;10,09;86,7;63,0;18,0
2026-08-10 14:52:54;DESKTOP-22AN8KV;18,0;86,0;10,07;86,7;35,0;4,0
2026-08-10 14:53:04;DESKTOP-22AN8KV;14,6;85,0;9,95;86,7;29,0;5,0
2026-08-10 14:53:14;DESKTOP-22AN8KV;14,0;84,9;9,95;86,7;37,0;2,0
2026-08-10 14:53:25;DESKTOP-22AN8KV;15,3;85,3;9,99;86,7;41,0;2,0
2026-08-10 14:53:35;DESKTOP-22AN8KV;12,9;85,2;9,98;86,7;48,0;7,0
2026-08-10 14:53:45;DESKTOP-22AN8KV;15,3;85,5;10,02;86,7;61,0;19,0
2026-08-10 14:53:56;DESKTOP-22AN8KV;22,0;86,2;10,1;86,7;32,0;4,0
2026-08-10 14:54:07;DESKTOP-22AN8KV;15,6;85,0;9,96;86,7;43,0;4,0
2026-08-10 14:54:17;DESKTOP-22AN8KV;13,2;85,1;9,97;86,7;38,0;9,0
2026-08-10 14:54:27;DESKTOP-22AN8KV;14,4;85,3;10,0;86,7;51,0;2,0
2026-08-10 14:54:38;DESKTOP-22AN8KV;13,4;85,2;9,98;86,7;48,0;11,0
2026-08-10 14:54:48;DESKTOP-22AN8KV;13,7;85,2;9,98;86,7;51,0;12,0
2026-08-10 14:54:58;DESKTOP-22AN8KV;17,5;85,5;10,02;86,7;48,0;18,0
2026-08-10 14:55:08;DESKTOP-22AN8KV;14,3;85,4;10,0;86,7;49,0;3,0
2026-08-10 14:55:19;DESKTOP-22AN8KV;13,4;85,5;10,02;86,7;32,0;7,0
2026-08-10 14:55:29;DESKTOP-22AN8KV;15,3;84,8;9,93;86,7;44,0;6,0
2026-08-10 14:55:39;DESKTOP-22AN8KV;16,5;85,0;9,96;86,7;44,0;2,0
2026-08-10 14:55:49;DESKTOP-22AN8KV;15,8;85,6;10,03;86,7;109,0;21,0
2026-08-10 14:55:59;DESKTOP-22AN8KV;12,3;84,7;9,92;86,7;95,0;12,0
2026-08-10 14:56:10;DESKTOP-22AN8KV;15,6;84,8;9,93;86,7;35,0;3,0
2026-08-10 14:56:20;DESKTOP-22AN8KV;13,0;84,7;9,93;86,7;312,0;4,0
2026-08-10 14:56:30;DESKTOP-22AN8KV;15,0;84,6;9,92;86,7;41,0;4,0
2026-08-10 14:56:40;DESKTOP-22AN8KV;13,9;84,5;9,9;86,7;37,0;11,0
2026-08-10 14:56:50;DESKTOP-22AN8KV;13,5;84,6;9,91;86,7;34,0;3,0
2026-08-10 14:57:01;DESKTOP-22AN8KV;14,9;84,6;9,91;86,7;49,0;5,0
2026-08-10 14:57:11;DESKTOP-22AN8KV;14,0;84,3;9,88;86,7;53,0;8,0
2026-08-10 14:57:21;DESKTOP-22AN8KV;14,2;84,7;9,93;86,7;39,0;2,0
2026-08-10 14:57:31;DESKTOP-22AN8KV;12,7;84,7;9,92;86,7;22,0;3,0
2026-08-10 14:57:42;DESKTOP-22AN8KV;13,3;84,6;9,91;86,7;40,0;1,0
2026-08-10 14:57:52;DESKTOP-22AN8KV;11,6;84,5;9,9;86,7;41,0;4,0
2026-08-10 14:58:02;DESKTOP-22AN8KV;19,5;85,9;10,07;86,7;53,0;19,0
2026-08-10 14:58:12;DESKTOP-22AN8KV;24,8;85,6;10,03;86,7;48,0;14,0
2026-08-10 14:58:24;DESKTOP-22AN8KV;19,9;84,2;9,86;86,7;56,0;9,0
2026-08-10 14:58:35;DESKTOP-22AN8KV;14,0;83,7;9,8;86,7;35,0;6,0
2026-08-10 14:58:47;DESKTOP-22AN8KV;15,5;83,6;9,79;86,7;26,0;2,0
2026-08-10 14:58:58;DESKTOP-22AN8KV;12,5;83,5;9,78;86,7;21,0;5,0
2026-08-10 14:59:10;DESKTOP-22AN8KV;13,5;83,4;9,77;86,7;36,0;9,0
2026-08-10 14:59:21;DESKTOP-22AN8KV;14,2;83,1;9,73;86,7;43,0;7,0
2026-08-10 14:59:33;DESKTOP-22AN8KV;13,3;83,2;9,74;86,7;81,0;16,0
2026-08-10 14:59:44;DESKTOP-22AN8KV;14,2;83,2;9,75;86,7;61,0;7,0
2026-08-10 14:59:56;DESKTOP-22AN8KV;13,4;83,4;9,78;86,7;55,0;8,0
2026-08-10 15:00:07;DESKTOP-22AN8KV;12,7;83,5;9,78;86,7;34,0;2,0
2026-08-10 15:00:19;DESKTOP-22AN8KV;11,8;83,3;9,76;86,7;33,0;8,0
2026-08-10 15:00:30;DESKTOP-22AN8KV;17,8;82,0;9,6;86,7;37,0;10,0
2026-08-10 15:00:42;DESKTOP-22AN8KV;16,3;81,9;9,59;86,7;35,0;4,0
2026-08-10 15:00:54;DESKTOP-22AN8KV;14,8;81,7;9,58;86,7;39,0;9,0
2026-08-10 15:01:05;DESKTOP-22AN8KV;14,1;81,5;9,55;86,7;29,0;6,0
2026-08-10 15:01:17;DESKTOP-22AN8KV;13,8;81,7;9,57;86,7;29,0;3,0
2026-08-10 15:01:28;DESKTOP-22AN8KV;20,4;82,4;9,65;86,7;38,0;11,0
2026-08-10 15:01:40;DESKTOP-22AN8KV;19,4;82,4;9,66;86,7;48,0;12,0
2026-08-10 15:01:51;DESKTOP-22AN8KV;18,4;82,3;9,64;86,7;34,0;4,0
2026-08-10 15:02:03;DESKTOP-22AN8KV;23,1;82,3;9,64;86,7;42,0;10,0
2026-08-10 15:02:14;DESKTOP-22AN8KV;19,2;82,0;9,61;86,7;288,0;3,0
2026-08-10 15:02:26;DESKTOP-22AN8KV;17,7;82,3;9,65;86,7;26,0;7,0
2026-08-10 15:02:37;DESKTOP-22AN8KV;17,6;82,4;9,66;86,7;43,0;10,0
2026-08-10 15:02:49;DESKTOP-22AN8KV;22,1;82,5;9,66;86,7;64,0;25,0
2026-08-10 15:03:00;DESKTOP-22AN8KV;20,1;82,4;9,65;86,7;49,0;4,0
2026-08-10 15:03:12;DESKTOP-22AN8KV;19,8;82,1;9,62;86,7;414,0;3,0
2026-08-10 15:03:24;DESKTOP-22AN8KV;19,5;82,8;9,7;86,7;55,0;20,0
2026-08-10 15:03:35;DESKTOP-22AN8KV;21,6;83,6;9,79;86,7;32,0;8,0
2026-08-10 15:03:47;DESKTOP-22AN8KV;26,8;83,7;9,81;86,7;49,0;21,0
2026-08-10 15:03:58;DESKTOP-22AN8KV;20,4;83,4;9,77;86,7;83,0;84,0
2026-08-10 15:04:10;DESKTOP-22AN8KV;18,0;82,9;9,71;86,7;51,0;1,0
2026-08-10 15:04:21;DESKTOP-22AN8KV;17,3;82,9;9,72;86,7;30,0;6,0
2026-08-10 15:04:33;DESKTOP-22AN8KV;27,3;83,3;9,75;86,7;80,0;27,0
2026-08-10 15:04:44;DESKTOP-22AN8KV;27,1;83,0;9,72;86,7;38,0;9,0
2026-08-10 15:04:56;DESKTOP-22AN8KV;31,1;85,2;9,99;86,7;47,0;30,0
2026-08-10 15:05:08;DESKTOP-22AN8KV;22,8;84,1;9,85;86,7;31,0;7,0
2026-08-10 15:05:19;DESKTOP-22AN8KV;23,1;85,0;9,95;86,7;28,0;12,0
2026-08-10 15:05:31;DESKTOP-22AN8KV;27,8;84,4;9,89;86,7;68,0;54,0
2026-08-10 15:05:42;DESKTOP-22AN8KV;28,9;83,0;9,73;86,7;46,0;14,0
2026-08-10 15:05:54;DESKTOP-22AN8KV;27,3;82,5;9,66;86,7;40,0;13,0
2026-08-10 15:06:05;DESKTOP-22AN8KV;26,5;82,5;9,66;86,7;38,0;26,0
2026-08-10 15:06:17;DESKTOP-22AN8KV;24,3;82,5;9,66;86,7;37,0;2,0
2026-08-10 15:06:28;DESKTOP-22AN8KV;28,3;82,7;9,69;86,7;40,0;19,0
2026-08-10 15:06:40;DESKTOP-22AN8KV;28,3;82,6;9,67;86,7;25,0;11,0
2026-08-10 15:06:51;DESKTOP-22AN8KV;27,4;82,6;9,67;86,7;16,0;1,0
2026-08-10 15:07:03;DESKTOP-22AN8KV;27,6;82,4;9,65;86,7;21,0;23,0
2026-08-10 15:07:14;DESKTOP-22AN8KV;30,2;82,4;9,65;86,7;66,0;13,0
2026-08-10 15:07:26;DESKTOP-22AN8KV;29,1;83,3;9,76;86,7;42,0;27,0
2026-08-10 15:07:37;DESKTOP-22AN8KV;26,1;83,0;9,72;86,7;27,0;4,0
2026-08-10 15:07:49;DESKTOP-22AN8KV;27,1;83,1;9,73;86,7;34,0;2,0
2026-08-10 15:08:00;DESKTOP-22AN8KV;28,5;82,8;9,7;86,7;29,0;19,0
2026-08-10 15:08:12;DESKTOP-22AN8KV;28,6;82,7;9,69;86,7;294,0;4,0
2026-08-10 15:08:23;DESKTOP-22AN8KV;29,6;83,0;9,72;86,7;38,0;8,0
2026-08-10 15:08:35;DESKTOP-22AN8KV;29,3;84,1;9,85;86,7;220,0;9523,0
2026-08-10 15:08:47;DESKTOP-22AN8KV;25,7;83,6;9,79;86,7;51,0;24,0
2026-08-10 15:08:58;DESKTOP-22AN8KV;28,0;83,8;9,82;86,7;70,0;33,0
2026-08-10 15:09:10;DESKTOP-22AN8KV;26,0;83,7;9,8;86,7;38,0;4,0
2026-08-10 15:09:21;DESKTOP-22AN8KV;34,7;84,2;9,87;86,7;185,0;9516,0
2026-08-10 15:09:33;DESKTOP-22AN8KV;26,0;84,1;9,85;86,7;29,0;72,0
2026-08-10 15:09:44;DESKTOP-22AN8KV;26,4;84,2;9,86;86,7;66,0;20,0
2026-08-10 15:09:56;DESKTOP-22AN8KV;26,5;84,4;9,89;86,7;209,0;47,0
2026-08-10 15:10:07;DESKTOP-22AN8KV;30,7;85,4;10,0;86,7;513,0;7348,0
2026-08-10 15:10:19;DESKTOP-22AN8KV;27,2;85,2;9,98;86,7;85,0;2338,0
2026-08-10 15:10:30;DESKTOP-22AN8KV;28,4;85,2;9,98;86,7;34,0;14,0
2026-08-10 15:10:42;DESKTOP-22AN8KV;29,5;84,7;9,92;86,7;39,0;18,0
2026-08-10 15:10:53;DESKTOP-22AN8KV;29,4;84,5;9,9;86,7;42,0;11,0
2026-08-10 15:11:05;DESKTOP-22AN8KV;27,8;84,3;9,87;86,7;305,0;14,0
2026-08-10 15:11:16;DESKTOP-22AN8KV;26,6;84,2;9,86;86,7;26,0;9,0
2026-08-10 15:11:28;DESKTOP-22AN8KV;28,2;84,7;9,93;86,7;191,0;91,0
2026-08-10 15:11:39;DESKTOP-22AN8KV;32,6;85,3;9,99;86,7;88,0;2865,0
2026-08-10 15:11:51;DESKTOP-22AN8KV;41,6;87,1;10,2;86,7;284,0;6844,0
2026-08-10 15:12:02;DESKTOP-22AN8KV;30,9;87,0;10,19;86,7;79,0;167,0
2026-08-10 15:12:14;DESKTOP-22AN8KV;26,9;86,9;10,17;86,7;177,0;9630,0
2026-08-10 15:12:26;DESKTOP-22AN8KV;28,9;86,7;10,16;86,7;67,0;90,0
2026-08-10 15:12:37;DESKTOP-22AN8KV;25,3;86,3;10,11;86,7;37,0;39,0
2026-08-10 15:12:49;DESKTOP-22AN8KV;24,3;85,8;10,06;86,7;244,0;8,0
2026-08-10 15:13:00;DESKTOP-22AN8KV;26,8;85,5;10,02;86,7;500,0;24,0
2026-08-10 15:13:12;DESKTOP-22AN8KV;23,6;85,5;10,02;86,7;28,0;4,0
2026-08-10 15:13:23;DESKTOP-22AN8KV;22,9;85,5;10,02;86,7;34,0;9,0
2026-08-10 15:13:35;DESKTOP-22AN8KV;23,7;85,3;9,99;86,7;29,0;21,0
2026-08-10 15:13:46;DESKTOP-22AN8KV;23,1;85,1;9,97;86,7;15,0;2,0
2026-08-10 15:13:58;DESKTOP-22AN8KV;25,0;85,5;10,02;86,7;399,0;18,0
2026-08-10 15:14:09;DESKTOP-22AN8KV;24,0;85,7;10,04;86,7;38,0;13,0
2026-08-10 15:14:21;DESKTOP-22AN8KV;23,9;85,4;10,0;86,7;19,0;2,0
2026-08-10 15:14:32;DESKTOP-22AN8KV;22,0;85,0;9,95;86,7;24,0;11,0
2026-08-10 15:14:44;DESKTOP-22AN8KV;25,2;85,6;10,02;86,7;24,0;14,0
2026-08-10 15:14:55;DESKTOP-22AN8KV;30,5;85,8;10,05;86,7;34,0;13,0
2026-08-10 15:15:07;DESKTOP-22AN8KV;19,6;85,5;10,01;86,7;64,0;28,0
2026-08-10 15:15:18;DESKTOP-22AN8KV;20,1;85,7;10,03;86,7;30,0;11,0
2026-08-10 15:15:30;DESKTOP-22AN8KV;25,0;87,1;10,21;86,7;46,0;26,0
2026-08-10 15:15:42;DESKTOP-22AN8KV;21,3;87,9;10,3;86,7;37,0;15,0
2026-08-10 15:15:53;DESKTOP-22AN8KV;20,1;87,9;10,3;86,7;49,0;25,0
2026-08-10 15:16:05;DESKTOP-22AN8KV;22,3;88,1;10,32;86,7;315,0;89,0
2026-08-10 15:16:16;DESKTOP-22AN8KV;21,9;87,1;10,2;86,7;24,0;4,0
2026-08-10 15:16:28;DESKTOP-22AN8KV;16,9;85,9;10,06;86,7;30,0;9,0
2026-08-10 15:16:39;DESKTOP-22AN8KV;12,5;85,8;10,05;86,7;54,0;28,0
2026-08-10 15:16:50;DESKTOP-22AN8KV;13,5;84,8;9,94;86,7;41,0;5,0
2026-08-10 15:17:01;DESKTOP-22AN8KV;31,5;86,9;10,18;86,7;123,0;58,0
2026-08-10 15:17:13;DESKTOP-22AN8KV;31,1;87,5;10,26;86,7;32,0;2,0
2026-08-10 15:17:24;DESKTOP-22AN8KV;31,9;87,5;10,25;86,7;128,0;57,0
2026-08-10 15:17:36;DESKTOP-22AN8KV;24,2;88,2;10,33;86,7;61,0;20,0
2026-08-10 15:17:47;DESKTOP-22AN8KV;19,5;87,3;10,22;86,7;48,0;4,0
2026-08-10 15:17:59;DESKTOP-22AN8KV;17,7;87,3;10,22;86,7;56,0;23,0
2026-08-10 15:18:10;DESKTOP-22AN8KV;20,6;86,8;10,17;86,7;26,0;2,0
2026-08-10 15:18:22;DESKTOP-22AN8KV;19,8;86,9;10,18;86,7;24,0;6,0
2026-08-10 15:18:33;DESKTOP-22AN8KV;26,9;87,8;10,29;86,7;46,0;15,0
2026-08-10 15:18:45;DESKTOP-22AN8KV;27,3;87,6;10,26;86,7;25,0;20,0
2026-08-10 15:18:56;DESKTOP-22AN8KV;27,8;87,1;10,2;86,7;350,0;209,0
2026-08-10 15:19:08;DESKTOP-22AN8KV;26,2;87,0;10,19;86,7;30,0;24,0
2026-08-10 15:19:19;DESKTOP-22AN8KV;27,8;86,8;10,16;86,7;23,0;5,0
2026-08-10 15:19:31;DESKTOP-22AN8KV;30,1;87,2;10,21;86,7;51,0;45,0
2026-08-10 15:19:43;DESKTOP-22AN8KV;25,4;86,9;10,18;86,7;76,0;2,0
2026-08-10 15:19:54;DESKTOP-22AN8KV;25,4;87,3;10,23;86,7;57,0;33,0
2026-08-10 15:20:06;DESKTOP-22AN8KV;26,7;86,9;10,18;86,7;28,0;9,0
2026-08-10 15:20:17;DESKTOP-22AN8KV;27,6;88,5;10,36;86,7;49,0;26,0
2026-08-10 15:20:29;DESKTOP-22AN8KV;24,7;88,0;10,31;86,7;36,0;14,0
2026-08-10 15:20:40;DESKTOP-22AN8KV;23,1;87,9;10,29;86,7;37,0;6,0
2026-08-10 15:20:52;DESKTOP-22AN8KV;23,4;87,2;10,22;86,7;25,0;14,0
2026-08-10 15:21:03;DESKTOP-22AN8KV;25,4;86,7;10,16;86,7;56,0;28,0
2026-08-10 15:21:15;DESKTOP-22AN8KV;24,8;87,0;10,19;86,7;38,0;25,0
2026-08-10 15:21:26;DESKTOP-22AN8KV;26,7;86,9;10,18;86,7;20,0;5,0
2026-08-10 15:21:38;DESKTOP-22AN8KV;26,7;86,6;10,15;86,7;28,0;9,0
2026-08-10 15:21:49;DESKTOP-22AN8KV;26,9;86,6;10,14;86,7;35,0;26,0
2026-08-10 15:22:01;DESKTOP-22AN8KV;31,6;86,9;10,18;86,7;27,0;11,0
2026-08-10 15:22:13;DESKTOP-22AN8KV;32,8;87,1;10,2;86,7;127,0;30,0
2026-08-10 15:22:24;DESKTOP-22AN8KV;25,2;87,0;10,19;86,7;32,0;16,0
2026-08-10 15:22:36;DESKTOP-22AN8KV;27,6;86,9;10,18;86,7;15,0;1,0
2026-08-10 15:22:47;DESKTOP-22AN8KV;25,5;86,9;10,18;86,7;38,0;28,0
2026-08-10 15:22:59;DESKTOP-22AN8KV;25,6;86,6;10,15;86,7;85,0;23,0
2026-08-10 15:23:10;DESKTOP-22AN8KV;23,5;86,7;10,15;86,7;26,0;4,0
2026-08-10 15:23:22;DESKTOP-22AN8KV;27,1;87,6;10,26;86,7;53,0;30,0
2026-08-10 15:23:33;DESKTOP-22AN8KV;23,7;87,6;10,26;86,7;27,0;2,0
2026-08-10 15:23:45;DESKTOP-22AN8KV;27,8;87,3;10,23;86,7;23,0;5,0
2026-08-10 15:23:56;DESKTOP-22AN8KV;24,3;86,6;10,15;86,7;391,0;9,0
2026-08-10 15:24:08;DESKTOP-22AN8KV;27,3;86,6;10,15;86,7;78,0;15,0
2026-08-10 15:24:19;DESKTOP-22AN8KV;25,3;86,4;10,13;86,7;40,0;16,0
2026-08-10 15:24:31;DESKTOP-22AN8KV;27,0;87,0;10,19;86,7;48,0;11,0
2026-08-10 15:24:42;DESKTOP-22AN8KV;26,6;86,8;10,17;86,7;28,0;2,0
2026-08-10 15:24:54;DESKTOP-22AN8KV;28,9;87,6;10,27;86,7;65,0;158,0
2026-08-10 15:25:05;DESKTOP-22AN8KV;27,1;87,7;10,27;86,7;33,0;7,0
2026-08-10 15:25:17;DESKTOP-22AN8KV;23,9;87,6;10,27;86,7;31,0;14,0
2026-08-10 15:25:29;DESKTOP-22AN8KV;26,3;87,1;10,2;86,7;50,0;7,0
2026-08-10 15:25:40;DESKTOP-22AN8KV;33,4;87,7;10,28;86,7;90,0;7,0
2026-08-10 15:25:52;DESKTOP-22AN8KV;32,5;84,9;9,94;86,7;72,0;32,0
2026-08-10 15:26:03;DESKTOP-22AN8KV;25,9;86,5;10,14;86,7;57,0;31,0
2026-08-10 15:26:15;DESKTOP-22AN8KV;23,8;86,4;10,12;86,7;49,0;19,0
2026-08-10 15:26:26;DESKTOP-22AN8KV;24,8;85,9;10,06;86,7;27,0;10,0
2026-08-10 15:26:38;DESKTOP-22AN8KV;23,0;85,4;10,01;86,7;26,0;1,0
2026-08-10 15:26:49;DESKTOP-22AN8KV;20,1;85,3;9,99;86,7;31,0;18,0
2026-08-10 15:27:01;DESKTOP-22AN8KV;24,3;85,2;9,98;86,7;49,0;25,0
2026-08-10 15:27:12;DESKTOP-22AN8KV;22,7;86,7;10,16;86,7;738,0;186,0
2026-08-10 15:27:24;DESKTOP-22AN8KV;24,9;87,5;10,25;86,7;166,0;52,0
2026-08-10 15:27:35;DESKTOP-22AN8KV;23,7;87,9;10,29;86,7;460,0;26,0
2026-08-10 15:27:47;DESKTOP-22AN8KV;17,1;87,7;10,27;86,7;110,0;5,0
2026-08-10 15:27:59;DESKTOP-22AN8KV;19,6;87,2;10,22;86,7;112,0;9,0
2026-08-10 15:28:10;DESKTOP-22AN8KV;25,5;87,2;10,22;86,7;196,0;27,0
2026-08-10 15:28:22;DESKTOP-22AN8KV;28,0;85,6;10,02;86,7;377,0;33,0
2026-08-10 15:28:33;DESKTOP-22AN8KV;18,2;83,4;9,77;86,7;125,0;11,0
2026-08-10 15:28:45;DESKTOP-22AN8KV;21,1;83,5;9,79;86,7;115,0;5,0
2026-08-10 15:28:56;DESKTOP-22AN8KV;17,6;83,2;9,74;86,7;367,0;9,0
2026-08-10 15:29:08;DESKTOP-22AN8KV;23,2;83,1;9,74;86,7;340,0;18,0
2026-08-10 15:29:19;DESKTOP-22AN8KV;19,1;83,1;9,74;86,7;127,0;20,0
2026-08-10 15:29:31;DESKTOP-22AN8KV;19,2;83,1;9,73;86,7;156,0;14,0
2026-08-10 15:29:43;DESKTOP-22AN8KV;18,1;82,6;9,68;86,7;111,0;4,0
2026-08-10 15:29:54;DESKTOP-22AN8KV;18,8;83,2;9,74;86,7;160,0;17,0
2026-08-10 15:30:06;DESKTOP-22AN8KV;30,5;85,3;9,99;86,7;178,0;61,0
2026-08-10 15:30:17;DESKTOP-22AN8KV;33,8;86,3;10,11;86,7;180,0;33,0
2026-08-10 15:30:29;DESKTOP-22AN8KV;39,7;91,0;10,66;86,7;155,0;26,0
2026-08-10 15:30:40;DESKTOP-22AN8KV;25,1;87,0;10,19;86,7;131,0;15,0
2026-08-10 15:30:52;DESKTOP-22AN8KV;20,0;86,7;10,16;86,7;157,0;17,0
2026-08-10 15:31:03;DESKTOP-22AN8KV;22,7;85,7;10,04;86,7;114,0;5,0
2026-08-10 15:31:15;DESKTOP-22AN8KV;23,0;83,7;9,81;86,7;320,0;16,0
2026-08-10 15:31:26;DESKTOP-22AN8KV;23,4;83,7;9,8;86,7;191,0;20,0
2026-08-10 15:31:38;DESKTOP-22AN8KV;22,0;84,4;9,89;86,7;126,0;4,0
2026-08-10 15:31:49;DESKTOP-22AN8KV;20,2;84,2;9,86;86,7;123,0;16,0
2026-08-10 15:32:01;DESKTOP-22AN8KV;18,8;83,7;9,8;86,7;116,0;14,0
2026-08-10 15:32:12;DESKTOP-22AN8KV;20,0;85,2;9,98;86,7;280,0;6,0
2026-08-10 15:32:24;DESKTOP-22AN8KV;18,5;84,7;9,93;86,7;444,0;11,0
2026-08-10 15:32:36;DESKTOP-22AN8KV;18,7;84,7;9,92;86,7;108,0;8,0
2026-08-10 15:32:47;DESKTOP-22AN8KV;17,0;84,9;9,94;86,7;111,0;13,0
2026-08-10 15:32:59;DESKTOP-22AN8KV;17,4;84,8;9,94;86,7;30,0;6,0
2026-08-10 15:33:10;DESKTOP-22AN8KV;16,4;84,8;9,93;86,7;41,0;2,0
2026-08-10 15:33:22;DESKTOP-22AN8KV;21,7;86,4;10,13;86,7;175,0;22,0
2026-08-10 15:33:33;DESKTOP-22AN8KV;20,7;85,3;9,99;86,7;115,0;13,0
2026-08-10 15:33:45;DESKTOP-22AN8KV;19,7;85,3;9,99;86,7;102,0;4,0
2026-08-10 15:33:56;DESKTOP-22AN8KV;20,3;84,7;9,92;86,7;137,0;123,0
2026-08-10 15:34:08;DESKTOP-22AN8KV;23,9;84,5;9,9;86,7;154,0;6,0
2026-08-10 15:34:19;DESKTOP-22AN8KV;25,9;86,5;10,13;86,7;102,0;22,0
2026-08-10 15:34:31;DESKTOP-22AN8KV;21,6;85,5;10,01;86,7;86,0;12,0
2026-08-10 15:34:43;DESKTOP-22AN8KV;22,9;85,8;10,05;86,7;147,0;6,0
2026-08-10 15:34:54;DESKTOP-22AN8KV;24,4;86,0;10,07;86,7;137,0;20,0
2026-08-10 15:35:06;DESKTOP-22AN8KV;22,9;87,5;10,25;86,7;250,0;27,0
2026-08-10 15:35:17;DESKTOP-22AN8KV;30,7;88,0;10,31;86,7;178,0;52,0
2026-08-10 15:35:29;DESKTOP-22AN8KV;27,6;87,9;10,29;86,7;139,0;562,0
2026-08-10 15:35:40;DESKTOP-22AN8KV;26,4;87,2;10,21;86,7;262,0;9160,0
2026-08-10 15:35:52;DESKTOP-22AN8KV;30,2;86,7;10,16;86,7;158,0;27,0
2026-08-10 15:36:03;DESKTOP-22AN8KV;26,8;86,5;10,13;86,7;123,0;29,0
2026-08-10 15:36:15;DESKTOP-22AN8KV;27,4;86,2;10,1;86,7;50,0;24,0
2026-08-10 15:36:26;DESKTOP-22AN8KV;26,8;86,2;10,1;86,7;70,0;24,0
2026-08-10 15:36:38;DESKTOP-22AN8KV;25,0;86,1;10,08;86,7;34,0;4,0
2026-08-10 15:36:49;DESKTOP-22AN8KV;29,1;86,3;10,11;86,7;120,0;217,0
2026-08-10 15:37:01;DESKTOP-22AN8KV;34,7;86,9;10,19;86,7;227,0;9281,0
2026-08-10 15:37:12;DESKTOP-22AN8KV;28,1;86,6;10,15;86,7;121,0;587,0
2026-08-10 15:37:24;DESKTOP-22AN8KV;29,3;86,9;10,18;86,7;412,0;9714,0
2026-08-10 15:37:36;DESKTOP-22AN8KV;25,9;86,6;10,15;86,7;32,0;31,0
2026-08-10 15:37:47;DESKTOP-22AN8KV;26,9;86,6;10,15;86,7;42,0;44,0
2026-08-10 15:37:59;DESKTOP-22AN8KV;28,8;86,4;10,12;86,7;209,0;9730,0
2026-08-10 15:38:10;DESKTOP-22AN8KV;26,8;86,6;10,14;86,7;54,0;55,0
2026-08-10 15:38:22;DESKTOP-22AN8KV;34,8;87,9;10,3;86,7;252,0;9680,0
2026-08-10 15:38:33;DESKTOP-22AN8KV;28,4;88,1;10,32;86,7;58,0;90,0
2026-08-10 15:38:45;DESKTOP-22AN8KV;30,0;87,8;10,28;86,7;197,0;9732,0
2026-08-10 15:38:56;DESKTOP-22AN8KV;30,8;87,7;10,27;86,7;35,0;13,0
2026-08-10 15:39:08;DESKTOP-22AN8KV;30,4;88,0;10,3;86,7;47,0;75,0
2026-08-10 15:39:19;DESKTOP-22AN8KV;26,4;87,3;10,22;86,7;38,0;8,0
2026-08-10 15:39:31;DESKTOP-22AN8KV;30,1;87,6;10,27;86,7;120,0;24,0
2026-08-10 15:39:42;DESKTOP-22AN8KV;30,8;88,5;10,36;86,7;39,0;15,0
2026-08-10 15:39:54;DESKTOP-22AN8KV;33,6;87,3;10,23;86,7;214,0;9703,0
2026-08-10 15:40:05;DESKTOP-22AN8KV;27,6;86,7;10,16;86,7;38,0;47,0
2026-08-10 15:40:17;DESKTOP-22AN8KV;26,5;87,2;10,22;86,7;51,0;155,0
2026-08-10 15:40:28;DESKTOP-22AN8KV;30,1;87,4;10,24;86,7;245,0;9802,0
2026-08-10 15:40:40;DESKTOP-22AN8KV;21,3;87,2;10,22;86,7;103,0;81,0
2026-08-10 15:40:52;DESKTOP-22AN8KV;19,5;87,1;10,2;86,7;39,0;19,0
2026-08-10 15:41:03;DESKTOP-22AN8KV;24,2;87,0;10,19;86,7;185,0;9696,0
2026-08-10 15:41:15;DESKTOP-22AN8KV;23,6;86,8;10,17;86,7;35,0;37,0
2026-08-10 15:41:26;DESKTOP-22AN8KV;29,2;86,9;10,17;86,7;69,0;20,0
2026-08-10 15:41:38;DESKTOP-22AN8KV;32,0;87,2;10,21;86,7;49,0;96,0
2026-08-10 15:41:49;DESKTOP-22AN8KV;25,2;87,0;10,2;86,7;277,0;9761,0
2026-08-10 15:42:01;DESKTOP-22AN8KV;28,6;87,2;10,22;86,7;37,0;16,0
2026-08-10 15:42:12;DESKTOP-22AN8KV;26,0;87,1;10,2;86,7;43,0;99,0
2026-08-10 15:42:24;DESKTOP-22AN8KV;27,0;87,5;10,25;86,7;228,0;9810,0
2026-08-10 15:42:35;DESKTOP-22AN8KV;24,3;87,4;10,24;86,7;42,0;80,0
2026-08-10 15:42:47;DESKTOP-22AN8KV;22,9;87,3;10,22;86,7;30,0;23,0
2026-08-10 15:42:58;DESKTOP-22AN8KV;22,2;87,6;10,26;86,7;506,0;12,0
2026-08-10 15:43:10;DESKTOP-22AN8KV;24,2;87,4;10,24;86,7;40,0;21,0
2026-08-10 15:43:21;DESKTOP-22AN8KV;28,1;89,1;10,43;86,7;292,0;9781,0
2026-08-10 15:43:33;DESKTOP-22AN8KV;29,2;86,2;10,09;86,7;107,0;62,0
2026-08-10 15:43:44;DESKTOP-22AN8KV;26,5;85,5;10,01;86,7;104,0;25,0
2026-08-10 15:43:56;DESKTOP-22AN8KV;24,6;85,2;9,99;86,7;232,0;140,0
2026-08-10 15:44:07;DESKTOP-22AN8KV;25,6;85,4;10,0;86,7;429,0;7862,0
2026-08-10 15:44:19;DESKTOP-22AN8KV;20,0;85,4;10,01;86,7;268,0;2054,0
2026-08-10 15:44:31;DESKTOP-22AN8KV;19,8;85,6;10,02;86,7;99,0;39,0
2026-08-10 15:44:42;DESKTOP-22AN8KV;21,1;85,5;10,01;86,7;29,0;3,0
2026-08-10 15:44:54;DESKTOP-22AN8KV;22,7;85,8;10,05;86,7;34,0;28,0
2026-08-10 15:45:05;DESKTOP-22AN8KV;24,2;86,2;10,1;86,7;48,0;145,0
2026-08-10 15:45:17;DESKTOP-22AN8KV;20,9;85,8;10,05;86,7;193,0;9649,0
2026-08-10 15:45:28;DESKTOP-22AN8KV;23,3;85,6;10,03;86,7;77,0;28,0
2026-08-10 15:45:40;DESKTOP-22AN8KV;26,4;85,6;10,03;86,7;47,0;30,0
2026-08-10 15:45:51;DESKTOP-22AN8KV;30,2;84,9;9,94;86,7;183,0;9753,0
2026-08-10 15:47:00;DESKTOP-22AN8KV;0,0;87,4;10,24;86,7;0,0;0,0
2026-08-10 15:47:12;DESKTOP-22AN8KV;31,2;89,1;10,43;86,7;527,0;9431,0
2026-08-10 15:47:23;DESKTOP-22AN8KV;24,9;87,9;10,3;86,7;133,0;37,0
2026-08-10 15:47:35;DESKTOP-22AN8KV;18,2;87,9;10,3;86,7;99,0;22,0
2026-08-10 15:47:47;DESKTOP-22AN8KV;19,6;87,1;10,21;86,7;145,0;12,0
2026-08-10 15:47:58;DESKTOP-22AN8KV;19,8;87,1;10,21;86,7;118,0;8,0
2026-08-10 15:48:10;DESKTOP-22AN8KV;18,7;87,2;10,21;86,7;426,0;17,0
2026-08-10 15:48:21;DESKTOP-22AN8KV;21,2;87,0;10,2;86,7;94,0;19,0
2026-08-10 15:48:33;DESKTOP-22AN8KV;28,4;87,8;10,28;86,7;60,0;37,0
2026-08-10 15:48:44;DESKTOP-22AN8KV;26,5;87,0;10,19;86,7;213,0;9748,0
2026-08-10 15:48:56;DESKTOP-22AN8KV;26,9;87,0;10,19;86,7;85,0;53,0
2026-08-10 15:49:07;DESKTOP-22AN8KV;25,7;86,8;10,17;86,7;92,0;2281,0
2026-08-10 15:49:19;DESKTOP-22AN8KV;27,2;86,6;10,14;86,7;170,0;7613,0
2026-08-10 15:49:30;DESKTOP-22AN8KV;21,9;86,5;10,13;86,7;80,0;65,0
2026-08-10 15:49:42;DESKTOP-22AN8KV;23,7;86,4;10,12;86,7;34,0;4,0
2026-08-10 15:49:53;DESKTOP-22AN8KV;25,5;86,8;10,16;86,7;46,0;23,0
2026-08-10 15:50:05;DESKTOP-22AN8KV;31,1;86,5;10,13;86,7;34,0;13,0
2026-08-10 15:50:16;DESKTOP-22AN8KV;25,8;86,2;10,1;86,7;30,0;4,0
2026-08-10 15:50:28;DESKTOP-22AN8KV;26,1;86,1;10,09;86,7;61,0;19,0
2026-08-10 15:50:40;DESKTOP-22AN8KV;30,2;86,5;10,13;86,7;69,0;8,0
2026-08-10 15:50:51;DESKTOP-22AN8KV;32,0;88,1;10,32;86,7;203,0;30,0
2026-08-10 15:51:03;DESKTOP-22AN8KV;25,3;87,8;10,29;86,7;34,0;14,0
2026-08-10 15:51:14;DESKTOP-22AN8KV;27,2;87,8;10,29;86,7;43,0;9,0
2026-08-10 15:51:26;DESKTOP-22AN8KV;29,9;86,8;10,17;86,7;73,0;6,0
2026-08-10 15:51:37;DESKTOP-22AN8KV;26,6;86,7;10,15;86,7;85,0;18,0
2026-08-10 15:51:49;DESKTOP-22AN8KV;24,8;86,7;10,16;86,7;358,0;3,0
2026-08-10 15:52:00;DESKTOP-22AN8KV;24,9;86,7;10,16;86,7;26,0;17,0
2026-08-10 15:52:12;DESKTOP-22AN8KV;28,5;86,6;10,15;86,7;38,0;3,0
2026-08-10 15:52:23;DESKTOP-22AN8KV;27,4;86,7;10,16;86,7;75,0;5,0
2026-08-10 15:52:35;DESKTOP-22AN8KV;28,0;86,5;10,14;86,7;41,0;17,0
2026-08-10 15:52:46;DESKTOP-22AN8KV;26,2;88,7;10,39;86,7;762,0;34,0
2026-08-10 15:52:58;DESKTOP-22AN8KV;20,7;87,9;10,3;86,7;51,0;22,0
2026-08-10 15:53:09;DESKTOP-22AN8KV;14,5;87,0;10,19;86,7;278,0;16,0
2026-08-10 15:53:21;DESKTOP-22AN8KV;16,5;86,8;10,17;86,7;63,0;6,0
2026-08-10 15:53:32;DESKTOP-22AN8KV;25,4;87,2;10,21;86,7;34,0;17,0
2026-08-10 15:53:44;DESKTOP-22AN8KV;24,9;87,0;10,2;86,7;57,0;17,0
2026-08-10 15:53:56;DESKTOP-22AN8KV;22,1;86,6;10,14;86,7;42,0;17,0
2026-08-10 15:54:07;DESKTOP-22AN8KV;21,0;86,5;10,13;86,7;54,0;127,0
2026-08-10 15:54:19;DESKTOP-22AN8KV;20,1;86,6;10,14;86,7;39,0;16,0
2026-08-10 15:54:30;DESKTOP-22AN8KV;25,2;86,6;10,15;86,7;85,0;14,0
2026-08-10 15:54:42;DESKTOP-22AN8KV;21,5;86,3;10,11;86,7;47,0;224,0
2026-08-10 15:54:53;DESKTOP-22AN8KV;24,9;86,7;10,16;86,7;37,0;233,0
2026-08-10 15:55:05;DESKTOP-22AN8KV;21,5;86,1;10,09;86,7;36,0;12,0
2026-08-10 15:55:16;DESKTOP-22AN8KV;30,6;86,6;10,14;86,7;82,0;43,0
2026-08-10 15:55:28;DESKTOP-22AN8KV;30,3;86,3;10,1;86,7;69,0;134,0
2026-08-10 15:55:39;DESKTOP-22AN8KV;34,7;87,5;10,25;86,7;186,0;9745,0
2026-08-10 15:55:51;DESKTOP-22AN8KV;30,7;86,7;10,16;86,7;83,0;96,0
2026-08-10 15:56:02;DESKTOP-22AN8KV;29,0;86,8;10,17;86,7;213,0;9808,0
2026-08-10 15:56:14;DESKTOP-22AN8KV;26,6;86,0;10,07;86,7;48,0;58,0
2026-08-10 15:56:26;DESKTOP-22AN8KV;26,0;86,1;10,09;86,7;88,0;53,0
2026-08-10 15:56:37;DESKTOP-22AN8KV;25,8;86,1;10,09;86,7;32,0;13,0
2026-08-10 15:56:49;DESKTOP-22AN8KV;25,5;85,9;10,06;86,7;40,0;20,0
2026-08-10 15:57:00;DESKTOP-22AN8KV;27,9;85,8;10,05;86,7;30,0;15,0
2026-08-10 15:57:12;DESKTOP-22AN8KV;27,9;85,4;10,0;86,7;38,0;8,0
2026-08-10 15:57:23;DESKTOP-22AN8KV;34,3;86,9;10,18;86,7;91,0;32,0
2026-08-10 15:57:35;DESKTOP-22AN8KV;26,5;87,3;10,22;86,7;35,0;17,0
2026-08-10 15:57:46;DESKTOP-22AN8KV;23,4;87,0;10,2;86,7;430,0;18,0
2026-08-10 15:57:58;DESKTOP-22AN8KV;23,8;88,1;10,32;86,7;107,0;29,0
2026-08-10 15:58:09;DESKTOP-22AN8KV;28,2;87,9;10,3;86,7;152,0;36,0
2026-08-10 15:58:21;DESKTOP-22AN8KV;27,2;87,0;10,19;86,7;110,0;25,0
2026-08-10 15:58:32;DESKTOP-22AN8KV;25,6;88,8;10,4;86,7;135,0;19,0
2026-08-10 15:58:44;DESKTOP-22AN8KV;30,6;88,4;10,36;86,7;111,0;26,0
2026-08-10 15:58:56;DESKTOP-22AN8KV;32,0;88,5;10,37;86,7;151,0;34,0
2026-08-10 15:59:07;DESKTOP-22AN8KV;33,4;88,2;10,33;86,7;79,0;24,0
2026-08-10 15:59:19;DESKTOP-22AN8KV;31,5;89,4;10,47;86,7;66,0;40,0
2026-08-10 15:59:30;DESKTOP-22AN8KV;25,6;89,4;10,47;86,7;124,0;39,0
2026-08-10 15:59:42;DESKTOP-22AN8KV;28,8;89,3;10,46;86,7;153,0;50,0
2026-08-10 15:59:53;DESKTOP-22AN8KV;32,2;88,8;10,41;86,7;150,0;37,0
2026-08-10 16:00:05;DESKTOP-22AN8KV;32,5;89,5;10,49;86,7;134,0;46,0
2026-08-10 16:00:16;DESKTOP-22AN8KV;30,9;88,2;10,33;86,7;119,0;5,0
2026-08-10 16:00:28;DESKTOP-22AN8KV;28,5;88,0;10,31;86,7;188,0;15,0
2026-08-10 16:00:33;DESKTOP-22AN8KV;0,0;88,1;10,32;86,7;0,0;0,0
2026-08-10 16:00:40;DESKTOP-22AN8KV;29,8;88,2;10,33;86,7;143,0;45,0
2026-08-10 16:00:51;DESKTOP-22AN8KV;27,1;86,9;10,19;86,7;78,0;12,0
2026-08-10 16:01:03;DESKTOP-22AN8KV;34,9;81,2;9,52;86,7;97,0;46,0
2026-08-10 16:01:04;DESKTOP-22AN8KV;0,0;81,5;9,55;86,7;0,0;0,0
2026-08-10 16:01:14;DESKTOP-22AN8KV;26,3;81,1;9,5;86,7;95,0;34,0
2026-08-10 16:01:26;DESKTOP-22AN8KV;30,8;81,3;9,52;86,7;54,0;9,0
2026-08-10 16:01:37;DESKTOP-22AN8KV;28,3;81,4;9,54;86,7;113,0;45,0
2026-08-10 16:01:49;DESKTOP-22AN8KV;28,1;81,3;9,52;86,7;56,0;36,0
2026-08-10 16:01:52;DESKTOP-22AN8KV;0,0;81,2;9,51;86,7;0,0;0,0
2026-08-10 16:02:00;DESKTOP-22AN8KV;25,9;79,9;9,36;86,7;191,0;24,0
2026-08-10 16:02:12;DESKTOP-22AN8KV;24,9;80,0;9,37;86,7;367,0;28,0
2026-08-10 16:02:23;DESKTOP-22AN8KV;31,1;67,6;7,92;86,7;7,0;1,0
