sep=;
timestamp;hostname;cpu_percent;mem_percent;mem_used_gb;disk_percent;rx_kbps;tx_kbps
2026-08-12 07:09:11;DESKTOP-22AN8KV;0,0;73,9;8,66;89,9;0,0;0,0
2026-08-12 07:09:22;DESKTOP-22AN8KV;37,4;76,3;8,94;89,9;373,0;31,0
2026-08-12 07:09:34;DESKTOP-22AN8KV;40,2;76,1;8,91;89,9;80,0;27,0
2026-08-12 07:09:46;DESKTOP-22AN8KV;37,7;74,6;8,74;89,9;52,0;3,0
2026-08-12 07:09:57;DESKTOP-22AN8KV;44,0;77,7;9,1;89,9;6344,0;239,0
2026-08-12 07:10:09;DESKTOP-22AN8KV;14,4;77,2;9,04;89,9;201,0;27,0
2026-08-12 07:10:20;DESKTOP-22AN8KV;13,8;76,8;9,0;89,9;59,0;2,0
2026-08-12 07:10:32;DESKTOP-22AN8KV;13,5;75,4;8,83;89,9;90,0;20,0
2026-08-12 07:10:43;DESKTOP-22AN8KV;18,6;76,4;8,95;89,9;58,0;14,0
2026-08-12 07:10:55;DESKTOP-22AN8KV;14,1;75,1;8,8;89,9;115,0;37,0
2026-08-12 07:11:07;DESKTOP-22AN8KV;23,2;77,5;9,08;89,9;2943,0;163,0
2026-08-12 07:11:18;DESKTOP-22AN8KV;43,7;82,8;9,7;89,9;4089,0;215,0
2026-08-12 07:11:30;DESKTOP-22AN8KV;56,1;85,0;9,96;89,9;856,0;54,0
2026-08-12 07:11:41;DESKTOP-22AN8KV;51,4;82,1;9,62;89,9;2020,0;89,0
2026-08-12 07:11:53;DESKTOP-22AN8KV;38,9;82,3;9,64;89,9;1137,0;21,0
2026-08-12 07:12:04;DESKTOP-22AN8KV;37,2;82,3;9,64;89,9;1230,0;111,0
2026-08-12 07:12:16;DESKTOP-22AN8KV;19,7;80,2;9,4;89,9;946,0;23,0
2026-08-12 07:12:27;DESKTOP-22AN8KV;21,1;80,1;9,38;89,9;1593,0;103,0
2026-08-12 07:12:39;DESKTOP-22AN8KV;12,9;79,4;9,3;89,9;944,0;11,0
2026-08-12 07:12:50;DESKTOP-22AN8KV;35,3;85,0;9,96;89,9;4371,0;149,0
2026-08-12 07:13:02;DESKTOP-22AN8KV;47,2;86,1;10,09;89,9;3568,0;1624,0
2026-08-12 07:13:14;DESKTOP-22AN8KV;25,2;84,8;9,93;89,9;1412,0;85,0
2026-08-12 07:13:25;DESKTOP-22AN8KV;24,1;81,7;9,57;89,9;105,0;55,0
2026-08-12 07:13:37;DESKTOP-22AN8KV;39,7;84,1;9,86;89,9;806,0;76,0
2026-08-12 07:13:48;DESKTOP-22AN8KV;47,8;84,6;9,91;90,2;16487,0;374,0
2026-08-12 07:14:00;DESKTOP-22AN8KV;36,6;83,9;9,83;90,2;3600,0;206,0
2026-08-12 07:14:11;DESKTOP-22AN8KV;29,8;82,6;9,68;90,2;2594,0;103,0
2026-08-12 07:14:23;DESKTOP-22AN8KV;40,8;83,7;9,8;90,2;12581,0;379,0
2026-08-12 07:14:34;DESKTOP-22AN8KV;33,7;83,4;9,77;90,2;2903,0;163,0
2026-08-12 07:14:46;DESKTOP-22AN8KV;18,9;82,8;9,69;90,2;64,0;24,0
2026-08-12 07:14:58;DESKTOP-22AN8KV;28,6;84,3;9,87;90,2;73,0;48,0
2026-08-12 07:15:09;DESKTOP-22AN8KV;27,4;86,9;10,18;90,2;85,0;30,0
2026-08-12 07:15:21;DESKTOP-22AN8KV;25,1;86,6;10,15;90,2;68,0;48,0
2026-08-12 07:15:32;DESKTOP-22AN8KV;35,2;85,9;10,06;90,2;36,0;17,0
2026-08-12 07:15:44;DESKTOP-22AN8KV;42,2;85,0;9,96;90,2;61,0;23,0
2026-08-12 07:15:55;DESKTOP-22AN8KV;27,7;86,1;10,08;90,2;71,0;30,0
2026-08-12 07:16:07;DESKTOP-22AN8KV;36,3;86,4;10,12;90,2;69,0;32,0
2026-08-12 07:16:18;DESKTOP-22AN8KV;61,5;88,0;10,31;90,2;61,0;18,0
2026-08-12 07:16:30;DESKTOP-22AN8KV;54,8;89,9;10,53;90,2;17,0;22,0
2026-08-12 07:16:41;DESKTOP-22AN8KV;57,9;86,1;10,09;90,2;58,0;16,0
2026-08-12 07:16:53;DESKTOP-22AN8KV;35,5;86,3;10,11;90,2;32,0;7,0
2026-08-12 07:17:05;DESKTOP-22AN8KV;44,9;90,7;10,63;90,2;133,0;54,0
2026-08-12 07:17:16;DESKTOP-22AN8KV;40,2;88,3;10,34;90,2;111,0;35,0
2026-08-12 07:17:28;DESKTOP-22AN8KV;19,1;87,6;10,26;90,2;57,0;10,0
2026-08-12 07:17:39;DESKTOP-22AN8KV;21,4;88,4;10,36;90,2;79,0;27,0
2026-08-12 07:17:51;DESKTOP-22AN8KV;32,5;87,2;10,21;90,2;460,0;24,0
2026-08-12 07:18:02;DESKTOP-22AN8KV;32,1;86,9;10,18;90,2;36,0;13,0
2026-08-12 07:18:14;DESKTOP-22AN8KV;31,3;87,7;10,28;90,2;96,0;62,0
2026-08-12 07:18:25;DESKTOP-22AN8KV;35,6;89,5;10,48;90,2;46,0;24,0
2026-08-12 07:18:37;DESKTOP-22AN8KV;52,5;88,0;10,31;90,2;74,0;50,0
2026-08-12 07:18:48;DESKTOP-22AN8KV;41,3;86,1;10,09;90,2;110,0;77,0
2026-08-12 07:19:00;DESKTOP-22AN8KV;43,3;88,3;10,34;90,2;72,0;30,0
2026-08-12 07:19:12;DESKTOP-22AN8KV;60,3;90,6;10,61;90,0;230,0;87,0
2026-08-12 07:19:23;DESKTOP-22AN8KV;79,4;91,4;10,71;90,1;49517,0;3417,0
2026-08-12 07:19:35;DESKTOP-22AN8KV;62,4;88,7;10,39;89,8;963,0;39,0
2026-08-12 07:19:46;DESKTOP-22AN8KV;56,3;88,0;10,31;89,8;89,0;49,0
2026-08-12 07:19:58;DESKTOP-22AN8KV;34,0;86,5;10,14;89,8;78,0;33,0
2026-08-12 07:20:09;DESKTOP-22AN8KV;23,0;86,1;10,08;89,8;22,0;6,0
2026-08-12 07:20:21;DESKTOP-22AN8KV;31,9;85,9;10,07;89,8;801,0;74,0
2026-08-12 07:20:32;DESKTOP-22AN8KV;36,4;85,9;10,07;89,8;56,0;20,0
2026-08-12 07:20:44;DESKTOP-22AN8KV;31,7;84,3;9,87;89,8;32,0;25,0
2026-08-12 07:20:56;DESKTOP-22AN8KV;28,8;84,7;9,92;89,8;33,0;11,0
2026-08-12 07:21:07;DESKTOP-22AN8KV;48,9;91,7;10,74;89,8;1098,0;322,0
2026-08-12 07:21:19;DESKTOP-22AN8KV;51,4;94,4;11,06;89,8;92,0;1070,0
2026-08-12 07:21:30;DESKTOP-22AN8KV;49,8;90,1;10,55;89,8;33,0;118,0
2026-08-12 07:21:42;DESKTOP-22AN8KV;35,4;89,6;10,5;89,8;33,0;176,0
2026-08-12 07:21:53;DESKTOP-22AN8KV;56,1;91,6;10,73;89,8;926,0;351,0
2026-08-12 07:22:05;DESKTOP-22AN8KV;47,5;92,6;10,85;89,8;59,0;327,0
2026-08-12 07:22:16;DESKTOP-22AN8KV;35,1;90,1;10,55;89,8;73,0;426,0
2026-08-12 07:22:28;DESKTOP-22AN8KV;40,2;91,7;10,74;89,8;89,0;323,0
2026-08-12 07:22:40;DESKTOP-22AN8KV;60,1;93,0;10,9;89,8;893,0;77,0
2026-08-12 07:22:51;DESKTOP-22AN8KV;56,9;94,6;11,08;89,8;69,0;14,0
2026-08-12 07:23:03;DESKTOP-22AN8KV;29,9;90,0;10,54;89,8;73,0;40,0
2026-08-12 07:23:14;DESKTOP-22AN8KV;26,1;85,6;10,03;89,8;61,0;19,0
2026-08-12 07:23:26;DESKTOP-22AN8KV;37,4;87,6;10,26;89,8;539,0;38,0
2026-08-12 07:23:37;DESKTOP-22AN8KV;44,7;86,8;10,17;89,8;66,0;50,0
2026-08-12 07:23:49;DESKTOP-22AN8KV;28,5;85,2;9,98;89,8;67,0;30,0
2026-08-12 07:24:00;DESKTOP-22AN8KV;34,9;87,1;10,2;89,8;79,0;53,0
2026-08-12 07:24:12;DESKTOP-22AN8KV;26,6;87,2;10,22;89,8;37,0;6,0
2026-08-12 07:24:23;DESKTOP-22AN8KV;25,3;85,8;10,05;89,8;45,0;10,0
2026-08-12 07:24:35;DESKTOP-22AN8KV;16,1;84,7;9,92;89,8;40,0;34,0
2026-08-12 07:24:47;DESKTOP-22AN8KV;23,9;86,6;10,15;89,8;59,0;21,0
2026-08-12 07:24:58;DESKTOP-22AN8KV;46,6;87,0;10,19;89,8;49,0;40,0
2026-08-12 07:25:10;DESKTOP-22AN8KV;23,7;86,3;10,1;89,8;128,0;62,0
2026-08-12 07:25:21;DESKTOP-22AN8KV;25,4;86,7;10,16;89,8;82,0;29,0
2026-08-12 07:25:33;DESKTOP-22AN8KV;28,7;87,6;10,26;89,8;50,0;7,0
2026-08-12 07:25:44;DESKTOP-22AN8KV;23,6;85,5;10,01;89,8;34,0;21,0
2026-08-12 07:25:56;DESKTOP-22AN8KV;13,1;85,2;9,99;89,8;75,0;12,0
2026-08-12 07:26:07;DESKTOP-22AN8KV;24,7;87,4;10,23;89,8;105,0;51,0
2026-08-12 07:26:19;DESKTOP-22AN8KV;39,5;87,9;10,3;89,8;116,0;236,0
2026-08-12 07:26:31;DESKTOP-22AN8KV;25,3;86,8;10,16;89,8;93,0;70,0
2026-08-12 07:26:42;DESKTOP-22AN8KV;35,0;87,3;10,23;89,8;109,0;267,0
2026-08-12 07:26:54;DESKTOP-22AN8KV;39,8;88,5;10,36;89,8;62,0;712,0
2026-08-12 07:27:05;DESKTOP-22AN8KV;45,5;88,2;10,33;89,8;105,0;362,0
2026-08-12 07:27:17;DESKTOP-22AN8KV;25,4;89,3;10,46;89,9;639,0;418,0
2026-08-12 07:27:28;DESKTOP-22AN8KV;25,1;89,8;10,52;89,8;12809,0;365,0
2026-08-12 07:27:40;DESKTOP-22AN8KV;19,0;89,0;10,43;89,8;111,0;66,0
2026-08-12 07:27:51;DESKTOP-22AN8KV;28,6;89,1;10,44;89,9;3907,0;296,0
2026-08-12 07:28:03;DESKTOP-22AN8KV;28,0;93,6;10,96;89,9;85408,0;620,0
2026-08-12 07:28:14;DESKTOP-22AN8KV;41,7;96,4;11,29;90,0;81927,0;2179,0
2026-08-12 07:28:26;DESKTOP-22AN8KV;37,1;96,4;11,29;90,1;64827,0;1353,0
2026-08-12 07:28:37;DESKTOP-22AN8KV;26,1;87,9;10,29;90,1;78065,0;1599,0
2026-08-12 07:28:49;DESKTOP-22AN8KV;26,7;89,8;10,52;90,2;95660,0;3209,0
2026-08-12 07:29:01;DESKTOP-22AN8KV;26,7;88,0;10,31;90,2;35933,0;579,0
2026-08-12 07:29:12;DESKTOP-22AN8KV;21,8;88,1;10,32;90,3;50129,0;221,0
2026-08-12 07:29:24;DESKTOP-22AN8KV;22,8;90,3;10,58;90,3;65566,0;1045,0
2026-08-12 07:29:35;DESKTOP-22AN8KV;35,4;90,5;10,61;90,3;3191,0;104,0
2026-08-12 07:29:47;DESKTOP-22AN8KV;15,5;89,8;10,52;90,3;104,0;38,0
2026-08-12 07:29:58;DESKTOP-22AN8KV;25,8;90,0;10,54;90,3;158,0;61,0
2026-08-12 07:30:10;DESKTOP-22AN8KV;24,5;92,0;10,78;90,3;1040,0;166,0
2026-08-12 07:30:21;DESKTOP-22AN8KV;19,4;89,5;10,49;90,3;59,0;33,0
2026-08-12 07:30:33;DESKTOP-22AN8KV;14,2;89,0;10,43;90,3;29,0;11,0
2026-08-12 07:30:44;DESKTOP-22AN8KV;9,7;87,9;10,29;90,3;30,0;12,0
2026-08-12 07:30:56;DESKTOP-22AN8KV;13,5;88,1;10,32;90,3;27,0;158,0
2026-08-12 07:31:07;DESKTOP-22AN8KV;12,1;88,7;10,39;90,3;59,0;39,0
2026-08-12 07:31:19;DESKTOP-22AN8KV;12,3;88,7;10,39;90,3;61,0;37,0
2026-08-12 07:31:30;DESKTOP-22AN8KV;13,3;88,8;10,4;90,3;34,0;34,0
2026-08-12 07:31:42;DESKTOP-22AN8KV;10,5;88,7;10,39;90,3;38,0;21,0
2026-08-12 07:31:53;DESKTOP-22AN8KV;17,3;87,0;10,19;90,3;30,0;16,0
2026-08-12 07:32:05;DESKTOP-22AN8KV;26,0;86,8;10,17;90,3;46,0;30,0
2026-08-12 07:32:17;DESKTOP-22AN8KV;17,8;88,2;10,34;90,3;28,0;16,0
2026-08-12 07:32:28;DESKTOP-22AN8KV;15,3;87,3;10,22;90,3;34,0;22,0
2026-08-12 07:32:40;DESKTOP-22AN8KV;17,2;87,2;10,22;90,3;34,0;31,0
2026-08-12 07:32:51;DESKTOP-22AN8KV;13,0;87,2;10,21;90,3;40,0;25,0
2026-08-12 07:33:03;DESKTOP-22AN8KV;18,2;87,2;10,21;90,3;16,0;18,0
2026-08-12 07:33:14;DESKTOP-22AN8KV;13,9;86,1;10,09;90,3;32,0;21,0
2026-08-12 07:33:26;DESKTOP-22AN8KV;12,5;86,4;10,12;90,3;22,0;15,0
2026-08-12 07:33:37;DESKTOP-22AN8KV;18,9;87,0;10,19;90,3;87,0;51,0
2026-08-12 07:33:49;DESKTOP-22AN8KV;22,8;88,9;10,42;90,3;52,0;49,0
2026-08-12 07:34:00;DESKTOP-22AN8KV;27,8;88,2;10,33;90,3;51,0;23,0
2026-08-12 07:34:12;DESKTOP-22AN8KV;33,8;88,0;10,31;90,3;57,0;32,0
2026-08-12 07:34:24;DESKTOP-22AN8KV;30,6;87,5;10,25;90,3;62,0;35,0
2026-08-12 07:34:35;DESKTOP-22AN8KV;30,2;87,7;10,28;90,3;19,0;19,0
2026-08-12 07:34:47;DESKTOP-22AN8KV;34,8;87,5;10,25;90,3;27,0;28,0
2026-08-12 07:34:58;DESKTOP-22AN8KV;30,6;88,1;10,32;90,3;60,0;51,0
2026-08-12 07:35:10;DESKTOP-22AN8KV;31,9;88,0;10,3;90,3;50,0;19,0
2026-08-12 07:35:21;DESKTOP-22AN8KV;31,0;87,8;10,29;90,3;52,0;21,0
2026-08-12 07:35:33;DESKTOP-22AN8KV;27,1;87,5;10,25;90,3;42,0;17,0
2026-08-12 07:35:44;DESKTOP-22AN8KV;29,3;87,7;10,27;90,3;26,0;20,0
2026-08-12 07:35:56;DESKTOP-22AN8KV;31,9;87,9;10,3;90,3;71,0;31,0
2026-08-12 07:36:08;DESKTOP-22AN8KV;43,7;88,7;10,39;90,3;79,0;56,0
2026-08-12 07:36:19;DESKTOP-22AN8KV;51,0;87,0;10,19;90,2;279,0;247,0
2026-08-12 07:36:31;DESKTOP-22AN8KV;32,8;86,6;10,14;90,2;74,0;38,0
2026-08-12 07:36:42;DESKTOP-22AN8KV;32,5;86,5;10,13;90,2;48,0;27,0
2026-08-12 07:36:54;DESKTOP-22AN8KV;44,5;87,9;10,29;90,2;153,0;53,0
2026-08-12 07:37:05;DESKTOP-22AN8KV;45,1;89,0;10,42;90,2;54,0;27,0
2026-08-12 07:37:17;DESKTOP-22AN8KV;35,8;89,2;10,45;90,2;44,0;25,0
2026-08-12 07:37:28;DESKTOP-22AN8KV;31,0;88,4;10,35;90,2;44,0;20,0
2026-08-12 07:37:40;DESKTOP-22AN8KV;35,5;87,4;10,24;90,2;26,0;21,0
2026-08-12 07:37:52;DESKTOP-22AN8KV;30,2;87,6;10,26;90,2;21,0;16,0
2026-08-12 07:38:03;DESKTOP-22AN8KV;25,3;87,6;10,27;90,2;25,0;18,0
2026-08-12 07:38:15;DESKTOP-22AN8KV;30,6;88,9;10,41;90,2;58,0;35,0
2026-08-12 07:38:26;DESKTOP-22AN8KV;27,2;87,4;10,24;90,2;55,0;161,0
2026-08-12 07:38:38;DESKTOP-22AN8KV;31,4;87,5;10,25;90,2;66,0;34,0
2026-08-12 07:38:49;DESKTOP-22AN8KV;30,4;86,5;10,14;90,2;204,0;30,0
2026-08-12 07:39:01;DESKTOP-22AN8KV;25,4;86,4;10,12;90,2;31,0;23,0
2026-08-12 07:39:12;DESKTOP-22AN8KV;27,8;86,4;10,12;90,2;45,0;19,0
2026-08-12 07:39:24;DESKTOP-22AN8KV;29,1;86,6;10,14;90,2;94,0;24,0
2026-08-12 07:39:36;DESKTOP-22AN8KV;29,8;86,7;10,15;90,2;77,0;30,0
2026-08-12 07:39:47;DESKTOP-22AN8KV;24,6;88,2;10,33;90,2;74,0;39,0
2026-08-12 07:39:59;DESKTOP-22AN8KV;18,6;89,2;10,46;90,2;131,0;99,0
2026-08-12 07:40:10;DESKTOP-22AN8KV;14,7;88,9;10,42;90,2;128,0;61,0
2026-08-12 07:40:22;DESKTOP-22AN8KV;13,4;88,9;10,41;90,2;59,0;36,0
2026-08-12 07:40:33;DESKTOP-22AN8KV;32,7;94,0;11,02;90,2;50,0;20,0
2026-08-12 07:40:45;DESKTOP-22AN8KV;34,1;96,6;11,31;90,2;59,0;53,0
2026-08-12 07:40:56;DESKTOP-22AN8KV;22,1;97,2;11,39;90,2;44,0;67,0
2026-08-12 07:41:08;DESKTOP-22AN8KV;20,4;97,4;11,41;90,2;105,0;74,0
2026-08-12 07:41:19;DESKTOP-22AN8KV;17,8;97,9;11,47;90,2;27,0;13,0
2026-08-12 07:41:31;DESKTOP-22AN8KV;30,7;98,2;11,5;90,2;77,0;68,0
2026-08-12 07:41:42;DESKTOP-22AN8KV;19,1;95,1;11,14;90,2;47,0;41,0
2026-08-12 07:41:54;DESKTOP-22AN8KV;14,9;94,8;11,1;90,2;26,0;17,0
2026-08-12 07:42:05;DESKTOP-22AN8KV;21,1;94,6;11,08;90,2;73,0;53,0
2026-08-12 07:42:17;DESKTOP-22AN8KV;16,1;94,9;11,11;90,2;64,0;34,0
2026-08-12 07:42:29;DESKTOP-22AN8KV;14,2;94,5;11,07;90,2;38,0;26,0
2026-08-12 07:42:40;DESKTOP-22AN8KV;16,8;94,3;11,05;90,2;26,0;19,0
2026-08-12 07:42:52;DESKTOP-22AN8KV;15,0;94,1;11,02;90,2;25,0;35,0
2026-08-12 07:43:03;DESKTOP-22AN8KV;14,7;93,8;10,99;90,2;19,0;17,0
2026-08-12 07:43:15;DESKTOP-22AN8KV;20,8;88,6;10,38;90,2;19,0;26,0
2026-08-12 07:43:26;DESKTOP-22AN8KV;20,6;89,7;10,5;90,2;56,0;424,0
2026-08-12 07:43:38;DESKTOP-22AN8KV;35,4;92,7;10,85;90,2;194,0;503,0
2026-08-12 07:43:49;DESKTOP-22AN8KV;20,8;90,5;10,6;90,2;59,0;107,0
2026-08-12 07:44:01;DESKTOP-22AN8KV;25,7;90,4;10,59;90,2;37,0;20,0
2026-08-12 07:44:12;DESKTOP-22AN8KV;30,6;91,2;10,69;90,2;58,0;190,0
2026-08-12 07:44:24;DESKTOP-22AN8KV;36,2;90,8;10,63;90,2;34,0;51,0
2026-08-12 07:44:36;DESKTOP-22AN8KV;32,0;91,1;10,67;90,2;41,0;27,0
2026-08-12 07:44:47;DESKTOP-22AN8KV;34,9;92,1;10,79;90,2;91,0;59,0
2026-08-12 07:44:59;DESKTOP-22AN8KV;29,3;90,8;10,63;90,2;97,0;55,0
2026-08-12 07:45:10;DESKTOP-22AN8KV;28,7;90,6;10,62;90,2;23,0;41,0
2026-08-12 07:45:22;DESKTOP-22AN8KV;24,4;90,9;10,64;90,2;69,0;909,0
2026-08-12 07:45:33;DESKTOP-22AN8KV;24,7;90,6;10,62;90,2;128,0;150,0
2026-08-12 07:45:45;DESKTOP-22AN8KV;19,9;90,6;10,61;90,2;63,0;489,0
2026-08-12 07:45:56;DESKTOP-22AN8KV;18,3;90,5;10,61;90,2;24,0;50,0
2026-08-12 07:46:08;DESKTOP-22AN8KV;18,5;90,9;10,64;90,2;39,0;33,0
2026-08-12 07:46:19;DESKTOP-22AN8KV;20,9;90,5;10,6;90,2;40,0;45,0
2026-08-12 07:46:31;DESKTOP-22AN8KV;16,6;90,8;10,64;90,2;27,0;33,0
2026-08-12 07:46:42;DESKTOP-22AN8KV;12,6;89,4;10,48;90,2;38,0;29,0
2026-08-12 07:46:54;DESKTOP-22AN8KV;16,7;89,8;10,51;90,2;62,0;7,0
2026-08-12 07:47:06;DESKTOP-22AN8KV;12,7;89,8;10,52;90,2;23,0;18,0
2026-08-12 07:47:17;DESKTOP-22AN8KV;14,2;89,8;10,53;90,2;24,0;30,0
2026-08-12 07:47:29;DESKTOP-22AN8KV;18,4;90,2;10,56;90,2;33,0;430,0
2026-08-12 07:47:40;DESKTOP-22AN8KV;21,1;90,1;10,56;90,2;40,0;94,0
2026-08-12 07:47:52;DESKTOP-22AN8KV;26,9;90,5;10,61;90,2;28,0;27,0
2026-08-12 07:48:03;DESKTOP-22AN8KV;39,2;90,6;10,61;90,2;73,0;96,0
2026-08-12 07:48:15;DESKTOP-22AN8KV;34,0;87,8;10,28;90,2;84,0;48,0
2026-08-12 07:48:26;DESKTOP-22AN8KV;37,7;87,6;10,26;90,2;500,0;694,0
2026-08-12 07:48:38;DESKTOP-22AN8KV;22,5;86,5;10,13;90,2;28,0;42,0
2026-08-12 07:48:49;DESKTOP-22AN8KV;26,8;87,1;10,2;90,2;27,0;59,0
2026-08-12 07:49:01;DESKTOP-22AN8KV;30,5;87,6;10,26;90,2;91,0;984,0
2026-08-12 07:49:12;DESKTOP-22AN8KV;24,3;87,2;10,22;90,2;37,0;503,0
2026-08-12 07:49:24;DESKTOP-22AN8KV;18,3;87,9;10,29;90,2;39,0;559,0
2026-08-12 07:49:36;DESKTOP-22AN8KV;19,1;86,6;10,14;90,2;35,0;89,0
2026-08-12 07:49:47;DESKTOP-22AN8KV;19,0;85,3;9,99;90,2;60,0;62,0
2026-08-12 07:49:59;DESKTOP-22AN8KV;11,3;86,8;10,17;90,2;63,0;30,0
2026-08-12 07:50:10;DESKTOP-22AN8KV;14,2;87,1;10,21;90,2;18,0;17,0
2026-08-12 07:50:22;DESKTOP-22AN8KV;13,7;87,3;10,22;90,2;18,0;4,0
2026-08-12 07:50:33;DESKTOP-22AN8KV;11,0;86,7;10,15;90,2;56,0;12,0
2026-08-12 07:50:45;DESKTOP-22AN8KV;15,3;86,6;10,15;90,2;37,0;9,0
2026-08-12 07:50:56;DESKTOP-22AN8KV;11,6;86,5;10,13;90,2;31,0;18,0
2026-08-12 07:51:08;DESKTOP-22AN8KV;11,7;86,9;10,18;90,2;58,0;31,0
2026-08-12 07:51:19;DESKTOP-22AN8KV;14,7;88,1;10,32;90,2;42,0;17,0
2026-08-12 07:51:31;DESKTOP-22AN8KV;17,2;88,3;10,34;90,2;51,0;57,0
2026-08-12 07:51:42;DESKTOP-22AN8KV;18,8;88,8;10,4;90,2;58,0;42,0
2026-08-12 07:51:54;DESKTOP-22AN8KV;19,1;88,3;10,35;90,2;18,0;18,0
2026-08-12 07:52:06;DESKTOP-22AN8KV;12,6;87,9;10,3;90,2;49,0;27,0
2026-08-12 07:52:17;DESKTOP-22AN8KV;14,7;88,1;10,32;90,2;43,0;29,0
2026-08-12 07:52:29;DESKTOP-22AN8KV;15,6;88,1;10,32;90,2;31,0;25,0
2026-08-12 07:52:40;DESKTOP-22AN8KV;15,1;88,2;10,34;90,2;24,0;547,0
2026-08-12 07:52:52;DESKTOP-22AN8KV;23,2;88,5;10,37;90,2;107,0;98,0
2026-08-12 07:53:03;DESKTOP-22AN8KV;24,9;88,7;10,39;90,2;59,0;1089,0
2026-08-12 07:53:15;DESKTOP-22AN8KV;19,6;87,7;10,28;90,2;60,0;707,0
2026-08-12 07:53:26;DESKTOP-22AN8KV;18,6;86,9;10,18;90,2;48,0;79,0
2026-08-12 07:53:38;DESKTOP-22AN8KV;27,4;87,8;10,28;90,2;136,0;569,0
2026-08-12 07:53:49;DESKTOP-22AN8KV;23,4;87,8;10,29;90,2;111,0;669,0
2026-08-12 07:54:01;DESKTOP-22AN8KV;30,9;89,2;10,45;90,2;284,0;1263,0
2026-08-12 07:54:12;DESKTOP-22AN8KV;33,7;89,6;10,5;90,2;820,0;216,0
2026-08-12 07:54:24;DESKTOP-22AN8KV;30,5;88,3;10,34;90,2;64,0;601,0
2026-08-12 07:54:36;DESKTOP-22AN8KV;18,4;88,0;10,31;90,2;42,0;86,0
2026-08-12 07:54:47;DESKTOP-22AN8KV;24,9;87,6;10,27;90,2;50,0;590,0
2026-08-12 07:54:59;DESKTOP-22AN8KV;28,1;88,7;10,39;90,2;77,0;1208,0
2026-08-12 07:55:10;DESKTOP-22AN8KV;26,1;88,4;10,36;90,2;71,0;680,0
2026-08-12 07:55:22;DESKTOP-22AN8KV;20,8;87,8;10,29;90,2;46,0;645,0
2026-08-12 07:55:33;DESKTOP-22AN8KV;21,2;87,5;10,25;90,2;55,0;653,0
2026-08-12 07:55:45;DESKTOP-22AN8KV;19,0;87,5;10,25;90,2;51,0;89,0
2026-08-12 07:55:56;DESKTOP-22AN8KV;23,4;87,8;10,28;90,2;35,0;1187,0
2026-08-12 07:56:08;DESKTOP-22AN8KV;26,6;90,1;10,55;90,2;471,0;138,0
2026-08-12 07:56:19;DESKTOP-22AN8KV;20,7;89,8;10,52;90,2;1292,0;667,0
2026-08-12 07:56:31;DESKTOP-22AN8KV;11,6;89,2;10,45;90,2;42,0;44,0
2026-08-12 07:56:42;DESKTOP-22AN8KV;23,5;89,6;10,5;90,2;43,0;88,0
2026-08-12 07:56:54;DESKTOP-22AN8KV;16,7;88,4;10,36;90,2;25,0;25,0
2026-08-12 07:57:06;DESKTOP-22AN8KV;14,7;89,1;10,44;90,2;27,0;8,0
2026-08-12 07:57:17;DESKTOP-22AN8KV;13,4;89,4;10,47;90,2;47,0;15,0
2026-08-12 07:57:29;DESKTOP-22AN8KV;13,0;88,3;10,35;90,2;29,0;3,0
2026-08-12 07:57:40;DESKTOP-22AN8KV;15,7;89,2;10,45;90,2;72,0;50,0
2026-08-12 07:57:52;DESKTOP-22AN8KV;13,6;88,4;10,35;90,2;19,0;6,0
2026-08-12 07:58:03;DESKTOP-22AN8KV;22,2;89,0;10,43;90,2;58,0;622,0
2026-08-12 07:58:15;DESKTOP-22AN8KV;28,5;87,9;10,3;90,2;72,0;40,0
2026-08-12 07:58:26;DESKTOP-22AN8KV;24,7;87,7;10,28;90,2;41,0;1117,0
2026-08-12 07:58:38;DESKTOP-22AN8KV;21,0;87,0;10,2;90,2;38,0;736,0
2026-08-12 07:58:49;DESKTOP-22AN8KV;18,9;87,6;10,26;90,2;36,0;645,0
2026-08-12 07:59:01;DESKTOP-22AN8KV;26,3;89,1;10,44;90,2;84,0;78,0
2026-08-12 07:59:12;DESKTOP-22AN8KV;18,6;87,6;10,26;90,2;73,0;36,0
2026-08-12 07:59:24;DESKTOP-22AN8KV;13,1;87,5;10,25;90,2;42,0;12,0
2026-08-12 07:59:35;DESKTOP-22AN8KV;12,7;86,8;10,17;90,2;42,0;20,0
2026-08-12 07:59:47;DESKTOP-22AN8KV;13,5;86,9;10,18;90,2;25,0;17,0
2026-08-12 07:59:59;DESKTOP-22AN8KV;15,7;87,5;10,25;90,2;64,0;61,0
2026-08-12 08:00:10;DESKTOP-22AN8KV;13,7;87,2;10,21;90,2;28,0;10,0
2026-08-12 08:00:22;DESKTOP-22AN8KV;10,3;86,9;10,18;90,2;23,0;14,0
2026-08-12 08:00:33;DESKTOP-22AN8KV;11,4;86,5;10,14;90,2;28,0;12,0
2026-08-12 08:00:45;DESKTOP-22AN8KV;11,5;86,5;10,13;90,2;15,0;6,0
2026-08-12 08:00:56;DESKTOP-22AN8KV;11,6;86,4;10,12;90,2;20,0;8,0
2026-08-12 08:01:08;DESKTOP-22AN8KV;13,0;86,6;10,15;90,2;44,0;29,0
2026-08-12 08:01:19;DESKTOP-22AN8KV;12,9;86,5;10,14;90,2;26,0;21,0
2026-08-12 08:01:31;DESKTOP-22AN8KV;11,8;86,7;10,15;90,2;23,0;18,0
2026-08-12 08:01:42;DESKTOP-22AN8KV;13,1;86,6;10,15;90,2;25,0;15,0
2026-08-12 08:01:54;DESKTOP-22AN8KV;12,5;86,6;10,15;90,2;21,0;14,0
2026-08-12 08:02:05;DESKTOP-22AN8KV;11,4;88,0;10,31;90,2;33,0;17,0
2026-08-12 08:02:17;DESKTOP-22AN8KV;16,5;88,0;10,31;90,2;94,0;63,0
2026-08-12 08:02:28;DESKTOP-22AN8KV;12,5;87,3;10,23;90,2;24,0;17,0
2026-08-12 08:02:40;DESKTOP-22AN8KV;12,8;87,3;10,23;90,2;22,0;17,0
2026-08-12 08:02:52;DESKTOP-22AN8KV;16,3;87,2;10,22;90,2;29,0;36,0
2026-08-12 08:03:03;DESKTOP-22AN8KV;12,5;87,2;10,22;90,2;37,0;36,0
2026-08-12 08:03:15;DESKTOP-22AN8KV;14,4;87,4;10,24;90,2;46,0;27,0
2026-08-12 08:03:26;DESKTOP-22AN8KV;21,6;85,5;10,02;90,2;49,0;932,0
2026-08-12 08:03:38;DESKTOP-22AN8KV;25,6;86,9;10,18;90,2;239,0;219,0
2026-08-12 08:03:49;DESKTOP-22AN8KV;23,0;86,8;10,17;90,2;151,0;105,0
2026-08-12 08:04:01;DESKTOP-22AN8KV;24,6;86,4;10,13;90,2;45,0;734,0
2026-08-12 08:04:12;DESKTOP-22AN8KV;23,9;86,5;10,13;90,2;55,0;99,0
2026-08-12 08:04:24;DESKTOP-22AN8KV;23,3;86,3;10,11;90,2;26,0;48,0
2026-08-12 08:04:35;DESKTOP-22AN8KV;23,4;86,5;10,14;90,2;39,0;737,0
2026-08-12 08:04:47;DESKTOP-22AN8KV;20,4;86,4;10,12;90,2;53,0;1451,0
2026-08-12 08:04:59;DESKTOP-22AN8KV;30,6;87,1;10,2;90,2;79,0;724,0
2026-08-12 08:05:10;DESKTOP-22AN8KV;30,5;87,2;10,22;90,2;86,0;803,0
2026-08-12 08:05:22;DESKTOP-22AN8KV;24,7;87,4;10,24;90,2;49,0;786,0
2026-08-12 08:05:33;DESKTOP-22AN8KV;23,5;86,9;10,18;90,2;52,0;84,0
2026-08-12 08:05:45;DESKTOP-22AN8KV;22,2;86,2;10,1;90,2;38,0;53,0
2026-08-12 08:05:56;DESKTOP-22AN8KV;19,8;86,3;10,11;90,2;25,0;16,0
2026-08-12 08:06:08;DESKTOP-22AN8KV;22,7;86,3;10,11;90,2;40,0;42,0
2026-08-12 08:06:19;DESKTOP-22AN8KV;18,0;86,6;10,14;90,2;31,0;28,0
2026-08-12 08:06:31;DESKTOP-22AN8KV;32,0;88,2;10,33;90,2;42,0;79,0
2026-08-12 08:06:42;DESKTOP-22AN8KV;18,8;87,6;10,26;90,2;23,0;19,0
2026-08-12 08:06:54;DESKTOP-22AN8KV;18,5;87,8;10,29;90,2;24,0;20,0
2026-08-12 08:07:05;DESKTOP-22AN8KV;23,4;88,9;10,42;90,2;29,0;30,0
2026-08-12 08:07:17;DESKTOP-22AN8KV;26,2;87,4;10,24;90,2;81,0;75,0
2026-08-12 08:07:28;DESKTOP-22AN8KV;25,4;88,0;10,31;90,2;90,0;106,0
2026-08-12 08:07:40;DESKTOP-22AN8KV;19,5;87,9;10,29;90,2;58,0;41,0
2026-08-12 08:07:52;DESKTOP-22AN8KV;22,8;86,4;10,12;90,2;37,0;40,0
2026-08-12 08:08:03;DESKTOP-22AN8KV;16,7;86,5;10,13;90,2;51,0;32,0
2026-08-12 08:08:15;DESKTOP-22AN8KV;35,5;88,3;10,34;90,2;79,0;38,0
2026-08-12 08:08:26;DESKTOP-22AN8KV;42,9;87,5;10,25;90,2;108,0;143,0
2026-08-12 08:08:38;DESKTOP-22AN8KV;34,5;87,3;10,23;90,2;33,0;29,0
2026-08-12 08:08:49;DESKTOP-22AN8KV;23,5;87,3;10,23;90,2;54,0;32,0
2026-08-12 08:09:01;DESKTOP-22AN8KV;16,0;87,1;10,2;90,2;34,0;24,0
2026-08-12 08:09:12;DESKTOP-22AN8KV;13,5;87,3;10,22;90,2;35,0;30,0
2026-08-12 08:09:24;DESKTOP-22AN8KV;14,3;87,2;10,22;90,2;38,0;30,0
2026-08-12 08:09:35;DESKTOP-22AN8KV;10,4;87,3;10,23;90,2;34,0;24,0
2026-08-12 08:09:47;DESKTOP-22AN8KV;17,7;89,9;10,53;90,2;125,0;55,0
2026-08-12 08:09:58;DESKTOP-22AN8KV;18,1;89,9;10,54;90,2;140,0;78,0
2026-08-12 08:10:10;DESKTOP-22AN8KV;25,1;91,2;10,68;90,2;1389,0;222,0
2026-08-12 08:10:21;DESKTOP-22AN8KV;18,1;88,3;10,35;90,2;62,0;13,0
2026-08-12 08:10:33;DESKTOP-22AN8KV;10,8;88,3;10,34;90,2;44,0;9,0
2026-08-12 08:10:45;DESKTOP-22AN8KV;10,3;88,0;10,31;90,2;29,0;4,0
2026-08-12 08:10:56;DESKTOP-22AN8KV;13,0;88,4;10,35;90,2;37,0;15,0
2026-08-12 08:11:08;DESKTOP-22AN8KV;10,5;88,2;10,33;90,2;66,0;32,0
2026-08-12 08:11:19;DESKTOP-22AN8KV;12,2;88,3;10,35;90,2;28,0;4,0
2026-08-12 08:11:31;DESKTOP-22AN8KV;8,3;88,4;10,36;90,2;14,0;4,0
2026-08-12 08:11:42;DESKTOP-22AN8KV;16,7;88,4;10,36;90,2;69,0;49,0
2026-08-12 08:11:54;DESKTOP-22AN8KV;11,3;87,9;10,3;90,2;26,0;9,0
2026-08-12 08:12:05;DESKTOP-22AN8KV;10,2;88,0;10,31;90,2;39,0;7,0
2026-08-12 08:12:17;DESKTOP-22AN8KV;18,4;88,2;10,34;90,2;69,0;49,0
2026-08-12 08:12:28;DESKTOP-22AN8KV;18,1;88,9;10,41;90,2;50,0;695,0
2026-08-12 08:12:40;DESKTOP-22AN8KV;13,9;88,9;10,41;90,2;38,0;47,0
2026-08-12 08:12:51;DESKTOP-22AN8KV;20,7;89,2;10,45;90,2;38,0;23,0
2026-08-12 08:13:03;DESKTOP-22AN8KV;19,5;89,1;10,44;90,2;42,0;31,0
2026-08-12 08:13:15;DESKTOP-22AN8KV;21,8;89,0;10,42;90,2;62,0;50,0
2026-08-12 08:13:26;DESKTOP-22AN8KV;27,6;89,1;10,44;90,2;36,0;16,0
2026-08-12 08:13:38;DESKTOP-22AN8KV;28,2;90,0;10,55;90,2;55,0;186,0
2026-08-12 08:13:49;DESKTOP-22AN8KV;23,3;89,3;10,46;90,2;37,0;748,0
2026-08-12 08:14:01;DESKTOP-22AN8KV;24,3;89,3;10,46;90,2;43,0;93,0
2026-08-12 08:14:12;DESKTOP-22AN8KV;26,6;89,6;10,49;90,2;55,0;130,0
2026-08-12 08:14:24;DESKTOP-22AN8KV;22,8;89,6;10,5;90,2;45,0;716,0
2026-08-12 08:14:35;DESKTOP-22AN8KV;23,4;89,5;10,48;90,2;46,0;174,0
2026-08-12 08:14:47;DESKTOP-22AN8KV;20,0;89,3;10,46;90,2;48,0;893,0
2026-08-12 08:14:58;DESKTOP-22AN8KV;27,0;90,3;10,58;90,2;99,0;756,0
2026-08-12 08:15:10;DESKTOP-22AN8KV;13,4;90,1;10,55;90,2;33,0;84,0
2026-08-12 08:15:21;DESKTOP-22AN8KV;19,5;89,0;10,43;90,2;45,0;768,0
2026-08-12 08:15:33;DESKTOP-22AN8KV;24,6;89,1;10,44;90,2;90,0;1445,0
2026-08-12 08:15:45;DESKTOP-22AN8KV;24,0;89,6;10,5;90,2;53,0;889,0
2026-08-12 08:15:56;DESKTOP-22AN8KV;25,7;90,6;10,62;90,2;49,0;149,0
2026-08-12 08:16:08;DESKTOP-22AN8KV;18,6;90,9;10,65;90,2;87,0;108,0
2026-08-12 08:16:19;DESKTOP-22AN8KV;15,0;89,3;10,47;90,2;60,0;37,0
2026-08-12 08:16:31;DESKTOP-22AN8KV;15,7;90,3;10,58;90,2;49,0;13,0
2026-08-12 08:16:42;DESKTOP-22AN8KV;22,6;89,8;10,52;90,2;62,0;94,0
2026-08-12 08:16:54;DESKTOP-22AN8KV;11,4;89,8;10,52;90,2;48,0;15,0
2026-08-12 08:17:05;DESKTOP-22AN8KV;11,1;89,6;10,5;90,2;39,0;23,0
2026-08-12 08:17:17;DESKTOP-22AN8KV;22,6;91,9;10,77;90,2;60,0;34,0
2026-08-12 08:17:28;DESKTOP-22AN8KV;27,5;91,7;10,74;90,2;120,0;13,0
2026-08-12 08:17:40;DESKTOP-22AN8KV;17,2;90,5;10,61;90,2;46,0;17,0
2026-08-12 08:17:51;DESKTOP-22AN8KV;14,1;90,3;10,57;90,2;32,0;12,0
2026-08-12 08:18:03;DESKTOP-22AN8KV;15,9;89,8;10,53;90,2;23,0;13,0
2026-08-12 08:18:15;DESKTOP-22AN8KV;20,5;91,7;10,74;90,2;426,0;44,0
2026-08-12 08:18:26;DESKTOP-22AN8KV;14,3;88,9;10,41;90,2;231,0;12,0
2026-08-12 08:18:38;DESKTOP-22AN8KV;15,2;88,3;10,34;90,2;34,0;12,0
2026-08-12 08:18:49;DESKTOP-22AN8KV;11,8;87,7;10,28;90,2;23,0;3,0
2026-08-12 08:19:01;DESKTOP-22AN8KV;17,2;88,4;10,36;90,2;73,0;24,0
2026-08-12 08:19:12;DESKTOP-22AN8KV;12,0;88,3;10,35;90,2;246,0;17,0
2026-08-12 08:19:24;DESKTOP-22AN8KV;9,8;88,2;10,34;90,2;63,0;17,0
2026-08-12 08:19:35;DESKTOP-22AN8KV;7,9;87,6;10,27;90,2;16,0;4,0
2026-08-12 08:19:47;DESKTOP-22AN8KV;7,6;87,5;10,25;90,2;14,0;4,0
2026-08-12 08:19:58;DESKTOP-22AN8KV;11,7;88,7;10,39;90,2;59,0;43,0
2026-08-12 08:20:10;DESKTOP-22AN8KV;19,2;88,5;10,37;90,2;50,0;25,0
2026-08-12 08:20:21;DESKTOP-22AN8KV;10,0;88,2;10,34;90,2;23,0;3,0
2026-08-12 08:20:33;DESKTOP-22AN8KV;11,4;87,9;10,3;90,2;19,0;5,0
2026-08-12 08:20:45;DESKTOP-22AN8KV;13,0;88,9;10,41;90,2;25,0;4,0
2026-08-12 08:20:56;DESKTOP-22AN8KV;12,7;88,6;10,38;90,2;22,0;7,0
2026-08-12 08:21:08;DESKTOP-22AN8KV;21,4;90,0;10,55;90,2;48,0;17,0
2026-08-12 08:21:19;DESKTOP-22AN8KV;24,7;91,2;10,68;90,2;130,0;46,0
2026-08-12 08:21:31;DESKTOP-22AN8KV;19,0;92,3;10,81;90,2;60,0;35,0
2026-08-12 08:21:42;DESKTOP-22AN8KV;35,0;90,6;10,62;90,2;50,0;9,0
2026-08-12 08:21:54;DESKTOP-22AN8KV;26,9;90,4;10,59;90,2;54,0;17,0
2026-08-12 08:22:05;DESKTOP-22AN8KV;26,5;90,1;10,56;90,2;23,0;7,0
2026-08-12 08:22:17;DESKTOP-22AN8KV;25,5;90,2;10,57;90,2;32,0;11,0
2026-08-12 08:22:28;DESKTOP-22AN8KV;9,1;89,5;10,49;90,2;24,0;5,0
2026-08-12 08:22:40;DESKTOP-22AN8KV;14,4;89,8;10,52;90,2;91,0;57,0
2026-08-12 08:22:51;DESKTOP-22AN8KV;19,4;90,8;10,63;90,2;32,0;13,0
2026-08-12 08:23:03;DESKTOP-22AN8KV;24,2;92,0;10,78;90,2;123,0;32,0
2026-08-12 08:23:15;DESKTOP-22AN8KV;29,7;93,5;10,95;90,2;5346,0;53,0
2026-08-12 08:23:26;DESKTOP-22AN8KV;33,6;90,6;10,61;90,2;33,0;14,0
2026-08-12 08:23:38;DESKTOP-22AN8KV;26,8;90,8;10,64;90,2;36,0;14,0
2026-08-12 08:23:49;DESKTOP-22AN8KV;30,2;90,4;10,59;90,2;14,0;5,0
2026-08-12 08:24:01;DESKTOP-22AN8KV;39,0;91,3;10,7;90,2;459,0;133,0
2026-08-12 08:24:12;DESKTOP-22AN8KV;31,1;90,6;10,62;90,2;107,0;7,0
2026-08-12 08:24:24;DESKTOP-22AN8KV;30,0;90,6;10,61;90,2;50,0;32,0
2026-08-12 08:24:35;DESKTOP-22AN8KV;12,5;89,6;10,5;90,2;57,0;21,0
2026-08-12 08:24:47;DESKTOP-22AN8KV;18,4;89,7;10,5;90,2;33,0;29,0
2026-08-12 08:24:58;DESKTOP-22AN8KV;15,8;90,6;10,61;90,2;91,0;54,0
2026-08-12 08:25:10;DESKTOP-22AN8KV;16,9;90,5;10,6;90,2;292,0;805,0
2026-08-12 08:25:22;DESKTOP-22AN8KV;22,3;90,0;10,54;90,2;77,0;1630,0
2026-08-12 08:25:33;DESKTOP-22AN8KV;28,1;93,6;10,97;90,2;72,0;117,0
2026-08-12 08:25:45;DESKTOP-22AN8KV;32,7;91,9;10,76;90,2;70,0;1616,0
2026-08-12 08:25:56;DESKTOP-22AN8KV;33,1;91,7;10,74;90,2;48,0;1015,0
2026-08-12 08:26:08;DESKTOP-22AN8KV;33,2;85,3;9,99;90,2;97,0;1214,0
2026-08-12 08:26:19;DESKTOP-22AN8KV;29,3;85,9;10,06;90,2;39,0;827,0
2026-08-12 08:26:31;DESKTOP-22AN8KV;34,0;89,2;10,44;90,2;46,0;90,0
2026-08-12 08:26:42;DESKTOP-22AN8KV;37,8;88,0;10,31;90,2;86,0;57,0
2026-08-12 08:26:54;DESKTOP-22AN8KV;32,1;86,4;10,12;90,2;47,0;42,0
2026-08-12 08:27:06;DESKTOP-22AN8KV;32,1;87,5;10,25;90,2;66,0;34,0
2026-08-12 08:27:17;DESKTOP-22AN8KV;31,5;81,7;9,57;90,2;32,0;31,0
2026-08-12 08:27:29;DESKTOP-22AN8KV;30,7;81,5;9,55;90,2;24,0;17,0
2026-08-12 08:27:40;DESKTOP-22AN8KV;28,7;81,6;9,56;90,2;37,0;12,0
2026-08-12 08:27:52;DESKTOP-22AN8KV;23,1;81,7;9,57;90,2;59,0;14,0
2026-08-12 08:28:03;DESKTOP-22AN8KV;28,5;82,3;9,65;90,2;30,0;10,0
2026-08-12 08:28:15;DESKTOP-22AN8KV;28,8;82,3;9,65;90,2;38,0;5,0
2026-08-12 08:28:26;DESKTOP-22AN8KV;26,5;82,2;9,63;90,2;20,0;14,0
2026-08-12 08:28:38;DESKTOP-22AN8KV;24,5;81,7;9,57;90,2;32,0;7,0
2026-08-12 08:28:49;DESKTOP-22AN8KV;32,5;82,3;9,64;90,2;23,0;12,0
2026-08-12 08:29:01;DESKTOP-22AN8KV;18,9;83,2;9,74;90,2;48,0;50,0
2026-08-12 08:29:13;DESKTOP-22AN8KV;11,3;82,0;9,61;90,2;24,0;17,0
2026-08-12 08:29:24;DESKTOP-22AN8KV;20,8;84,2;9,86;90,2;65,0;17,0
2026-08-12 08:29:36;DESKTOP-22AN8KV;26,4;84,4;9,89;90,3;163,0;835,0
2026-08-12 08:29:47;DESKTOP-22AN8KV;23,1;84,0;9,84;90,3;65,0;973,0
2026-08-12 08:29:59;DESKTOP-22AN8KV;35,4;85,4;10,0;90,3;123,0;1914,0
2026-08-12 08:30:10;DESKTOP-22AN8KV;23,2;85,8;10,05;90,3;68,0;99,0
2026-08-12 08:30:22;DESKTOP-22AN8KV;31,6;85,2;9,98;90,3;45,0;43,0
2026-08-12 08:30:33;DESKTOP-22AN8KV;16,3;84,1;9,85;90,3;43,0;17,0
2026-08-12 08:30:45;DESKTOP-22AN8KV;11,8;83,3;9,76;90,3;32,0;811,0
2026-08-12 08:30:56;DESKTOP-22AN8KV;31,0;83,3;9,76;90,3;82,0;1771,0
2026-08-12 08:31:08;DESKTOP-22AN8KV;26,6;85,5;10,01;90,3;67,0;1035,0
2026-08-12 08:31:20;DESKTOP-22AN8KV;26,1;87,4;10,24;90,3;63,0;1045,0
2026-08-12 08:31:31;DESKTOP-22AN8KV;25,5;85,0;9,96;90,3;45,0;1067,0
2026-08-12 08:31:43;DESKTOP-22AN8KV;23,6;85,7;10,04;90,3;34,0;108,0
2026-08-12 08:31:54;DESKTOP-22AN8KV;17,9;84,4;9,89;90,3;46,0;845,0
2026-08-12 08:32:06;DESKTOP-22AN8KV;19,8;84,4;9,89;90,3;78,0;1173,0
2026-08-12 08:32:17;DESKTOP-22AN8KV;23,3;85,6;10,03;90,3;64,0;127,0
2026-08-12 08:32:29;DESKTOP-22AN8KV;24,4;86,6;10,14;90,3;84,0;69,0
2026-08-12 08:32:40;DESKTOP-22AN8KV;21,7;86,5;10,13;90,3;52,0;24,0
2026-08-12 08:32:52;DESKTOP-22AN8KV;26,4;85,6;10,03;90,3;28,0;11,0
2026-08-12 08:33:03;DESKTOP-22AN8KV;26,7;85,8;10,05;90,3;68,0;49,0
2026-08-12 08:33:15;DESKTOP-22AN8KV;32,1;84,4;9,89;90,3;33,0;26,0
2026-08-12 08:33:27;DESKTOP-22AN8KV;12,6;83,3;9,75;90,3;49,0;39,0
2026-08-12 08:33:38;DESKTOP-22AN8KV;24,3;84,8;9,93;90,3;35,0;61,0
2026-08-12 08:33:50;DESKTOP-22AN8KV;21,8;84,0;9,84;90,3;29,0;31,0
2026-08-12 08:34:01;DESKTOP-22AN8KV;14,5;83,6;9,8;90,3;33,0;29,0
2026-08-12 08:34:13;DESKTOP-22AN8KV;10,7;83,4;9,77;90,3;18,0;6,0
2026-08-12 08:34:24;DESKTOP-22AN8KV;14,5;83,4;9,77;90,3;42,0;29,0
2026-08-12 08:34:36;DESKTOP-22AN8KV;14,6;83,4;9,77;90,3;45,0;849,0
2026-08-12 08:34:47;DESKTOP-22AN8KV;25,4;84,1;9,85;90,3;48,0;917,0
2026-08-12 08:34:59;DESKTOP-22AN8KV;36,8;85,1;9,97;90,3;112,0;2084,0
2026-08-12 08:35:10;DESKTOP-22AN8KV;32,4;85,0;9,96;90,3;72,0;1125,0
2026-08-12 08:35:22;DESKTOP-22AN8KV;33,3;86,1;10,08;90,3;54,0;82,0
2026-08-12 08:35:34;DESKTOP-22AN8KV;37,1;84,4;9,89;90,3;38,0;57,0
2026-08-12 08:35:45;DESKTOP-22AN8KV;31,1;84,7;9,92;90,3;34,0;33,0
2026-08-12 08:35:57;DESKTOP-22AN8KV;34,8;84,9;9,95;90,3;29,0;10,0
2026-08-12 08:36:08;DESKTOP-22AN8KV;32,0;85,2;9,99;90,3;42,0;13,0
2026-08-12 08:36:20;DESKTOP-22AN8KV;32,4;85,3;9,99;90,3;23,0;12,0
2026-08-12 08:36:31;DESKTOP-22AN8KV;32,8;85,4;10,0;90,3;56,0;14,0
2026-08-12 08:36:43;DESKTOP-22AN8KV;31,7;85,4;10,01;90,3;21,0;2,0
2026-08-12 08:36:54;DESKTOP-22AN8KV;30,5;84,7;9,92;90,3;54,0;18,0
2026-08-12 08:37:06;DESKTOP-22AN8KV;33,7;85,3;9,99;90,3;44,0;12,0
2026-08-12 08:37:18;DESKTOP-22AN8KV;32,0;85,2;9,98;90,3;41,0;17,0
2026-08-12 08:37:29;DESKTOP-22AN8KV;34,5;84,8;9,94;90,3;51,0;29,0
2026-08-12 08:37:41;DESKTOP-22AN8KV;29,7;84,9;9,94;90,3;26,0;4,0
2026-08-12 08:37:52;DESKTOP-22AN8KV;30,2;84,8;9,94;90,3;32,0;14,0
2026-08-12 08:38:04;DESKTOP-22AN8KV;28,7;85,0;9,95;90,3;36,0;23,0
2026-08-12 08:38:15;DESKTOP-22AN8KV;31,9;86,7;10,16;90,3;68,0;47,0
2026-08-12 08:38:27;DESKTOP-22AN8KV;26,4;86,3;10,1;90,3;67,0;120,0
2026-08-12 08:38:38;DESKTOP-22AN8KV;30,0;88,7;10,39;90,3;46,0;16,0
2026-08-12 08:38:50;DESKTOP-22AN8KV;23,6;83,8;9,82;90,3;58,0;50,0
2026-08-12 08:39:02;DESKTOP-22AN8KV;11,2;81,9;9,59;90,3;37,0;18,0
2026-08-12 08:39:13;DESKTOP-22AN8KV;14,6;82,8;9,7;90,3;39,0;877,0
2026-08-12 08:39:25;DESKTOP-22AN8KV;29,6;85,4;10,0;90,3;56,0;899,0
2026-08-12 08:39:36;DESKTOP-22AN8KV;33,3;85,8;10,05;90,3;223,0;1380,0
2026-08-12 08:39:48;DESKTOP-22AN8KV;32,8;83,5;9,78;90,3;61,0;930,0
2026-08-12 08:39:59;DESKTOP-22AN8KV;32,2;83,5;9,79;90,3;79,0;49,0
2026-08-12 08:40:11;DESKTOP-22AN8KV;28,9;83,4;9,77;90,3;52,0;66,0
2026-08-12 08:40:22;DESKTOP-22AN8KV;29,4;83,0;9,72;90,3;44,0;15,0
2026-08-12 08:40:34;DESKTOP-22AN8KV;29,5;83,2;9,75;90,3;420,0;40,0
2026-08-12 08:40:46;DESKTOP-22AN8KV;30,1;83,1;9,74;90,3;66,0;24,0
2026-08-12 08:40:57;DESKTOP-22AN8KV;29,8;82,8;9,7;90,3;48,0;19,0
2026-08-12 08:41:09;DESKTOP-22AN8KV;17,1;83,7;9,81;90,3;51,0;18,0
2026-08-12 08:41:20;DESKTOP-22AN8KV;15,2;83,8;9,81;90,3;47,0;30,0
2026-08-12 08:41:32;DESKTOP-22AN8KV;17,6;84,7;9,93;90,3;3207,0;80,0
2026-08-12 08:41:43;DESKTOP-22AN8KV;16,8;84,1;9,85;90,3;33,0;23,0
2026-08-12 08:41:55;DESKTOP-22AN8KV;20,7;85,9;10,06;90,3;44,0;18,0
2026-08-12 08:42:06;DESKTOP-22AN8KV;25,9;88,5;10,37;90,3;29,0;21,0
2026-08-12 08:42:18;DESKTOP-22AN8KV;19,9;84,0;9,85;90,3;34,0;32,0
2026-08-12 08:42:29;DESKTOP-22AN8KV;30,8;85,2;9,98;90,3;52,0;35,0
2026-08-12 08:42:41;DESKTOP-22AN8KV;32,6;87,2;10,21;90,3;40,0;17,0
2026-08-12 08:42:53;DESKTOP-22AN8KV;32,6;85,7;10,04;90,3;30,0;11,0
2026-08-12 08:43:04;DESKTOP-22AN8KV;28,7;87,2;10,21;90,3;642,0;45,0
2026-08-12 08:43:16;DESKTOP-22AN8KV;12,5;86,3;10,11;90,3;27,0;20,0
2026-08-12 08:43:27;DESKTOP-22AN8KV;16,4;85,2;9,98;90,3;25,0;8,0
2026-08-12 08:43:39;DESKTOP-22AN8KV;22,5;85,0;9,96;90,3;37,0;14,0
2026-08-12 08:43:50;DESKTOP-22AN8KV;15,5;85,4;10,0;90,3;53,0;43,0
2026-08-12 08:44:02;DESKTOP-22AN8KV;12,3;84,9;9,95;90,3;28,0;14,0
2026-08-12 08:44:13;DESKTOP-22AN8KV;17,7;84,3;9,87;90,3;39,0;14,0
2026-08-12 08:44:25;DESKTOP-22AN8KV;16,0;84,4;9,89;90,3;20,0;6,0
2026-08-12 08:44:36;DESKTOP-22AN8KV;14,3;84,1;9,85;90,3;28,0;14,0
2026-08-12 08:44:48;DESKTOP-22AN8KV;16,8;84,7;9,93;90,3;40,0;12,0
2026-08-12 08:44:59;DESKTOP-22AN8KV;18,9;85,7;10,04;90,3;82,0;51,0
2026-08-12 08:45:11;DESKTOP-22AN8KV;19,8;86,2;10,1;90,3;56,0;25,0
2026-08-12 08:45:23;DESKTOP-22AN8KV;30,6;85,6;10,03;90,3;41,0;7,0
2026-08-12 08:45:34;DESKTOP-22AN8KV;25,1;85,9;10,06;90,3;103,0;65,0
2026-08-12 08:45:46;DESKTOP-22AN8KV;25,5;85,2;9,98;90,3;22,0;5,0
2026-08-12 08:45:57;DESKTOP-22AN8KV;23,8;85,0;9,96;90,3;45,0;23,0
2026-08-12 08:46:09;DESKTOP-22AN8KV;26,5;84,3;9,87;90,3;57,0;30,0
2026-08-12 08:46:20;DESKTOP-22AN8KV;22,4;84,6;9,91;90,3;36,0;19,0
2026-08-12 08:46:32;DESKTOP-22AN8KV;16,3;83,6;9,8;90,3;28,0;15,0
2026-08-12 08:46:43;DESKTOP-22AN8KV;16,3;83,7;9,8;90,3;30,0;4,0
2026-08-12 08:46:55;DESKTOP-22AN8KV;17,9;84,0;9,83;90,3;44,0;876,0
2026-08-12 08:47:07;DESKTOP-22AN8KV;20,8;83,8;9,82;90,3;47,0;69,0
2026-08-12 08:47:18;DESKTOP-22AN8KV;25,8;85,1;9,97;90,3;52,0;127,0
2026-08-12 08:47:30;DESKTOP-22AN8KV;21,5;83,8;9,82;90,3;48,0;192,0
2026-08-12 08:47:41;DESKTOP-22AN8KV;18,5;83,5;9,78;90,3;36,0;160,0
2026-08-12 08:47:53;DESKTOP-22AN8KV;14,9;83,4;9,77;90,3;35,0;63,0
2026-08-12 08:48:04;DESKTOP-22AN8KV;15,4;83,3;9,76;90,3;34,0;34,0
2026-08-12 08:48:16;DESKTOP-22AN8KV;13,7;83,3;9,76;90,3;50,0;24,0
2026-08-12 08:48:27;DESKTOP-22AN8KV;13,9;83,3;9,76;90,3;39,0;4,0
2026-08-12 08:48:39;DESKTOP-22AN8KV;16,9;82,4;9,66;90,3;41,0;15,0
2026-08-12 08:48:50;DESKTOP-22AN8KV;13,2;82,2;9,63;90,3;27,0;13,0
2026-08-12 08:49:02;DESKTOP-22AN8KV;13,7;82,1;9,62;90,3;35,0;11,0
2026-08-12 08:49:14;DESKTOP-22AN8KV;13,2;82,2;9,63;90,3;80,0;10,0
2026-08-12 08:49:25;DESKTOP-22AN8KV;12,0;82,2;9,63;90,3;41,0;11,0
2026-08-12 08:49:37;DESKTOP-22AN8KV;14,1;81,8;9,59;90,3;35,0;5,0
2026-08-12 08:49:48;DESKTOP-22AN8KV;16,7;81,5;9,54;90,3;39,0;2,0
2026-08-12 08:50:00;DESKTOP-22AN8KV;18,5;83,2;9,75;90,3;78,0;78,0
2026-08-12 08:50:11;DESKTOP-22AN8KV;16,0;82,9;9,71;90,3;31,0;19,0
2026-08-12 08:50:23;DESKTOP-22AN8KV;16,0;82,5;9,67;90,3;37,0;4,0
2026-08-12 08:50:34;DESKTOP-22AN8KV;12,7;82,1;9,62;90,3;36,0;7,0
2026-08-12 08:50:46;DESKTOP-22AN8KV;21,3;81,7;9,58;90,3;23,0;14,0
2026-08-12 08:50:57;DESKTOP-22AN8KV;14,3;81,8;9,58;90,3;20,0;7,0
2026-08-12 08:51:09;DESKTOP-22AN8KV;12,6;82,0;9,6;90,3;38,0;20,0
2026-08-12 08:51:20;DESKTOP-22AN8KV;14,1;82,0;9,61;90,3;45,0;13,0
2026-08-12 08:51:32;DESKTOP-22AN8KV;14,2;82,1;9,61;90,3;27,0;4,0
2026-08-12 08:51:44;DESKTOP-22AN8KV;15,9;82,1;9,61;90,3;39,0;48,0
2026-08-12 08:51:55;DESKTOP-22AN8KV;16,7;82,2;9,63;90,3;14,0;9,0
2026-08-12 08:52:07;DESKTOP-22AN8KV;14,3;82,3;9,64;90,3;32,0;27,0
2026-08-12 08:52:18;DESKTOP-22AN8KV;16,7;82,3;9,65;90,3;62,0;31,0
2026-08-12 08:52:30;DESKTOP-22AN8KV;11,1;81,9;9,59;90,3;44,0;8,0
2026-08-12 08:52:41;DESKTOP-22AN8KV;9,6;81,9;9,6;90,3;25,0;11,0
2026-08-12 08:52:53;DESKTOP-22AN8KV;10,1;82,1;9,62;90,3;45,0;20,0
2026-08-12 08:53:04;DESKTOP-22AN8KV;10,1;82,2;9,64;90,3;27,0;8,0
2026-08-12 08:53:16;DESKTOP-22AN8KV;10,6;82,4;9,66;90,3;28,0;5,0
2026-08-12 08:53:27;DESKTOP-22AN8KV;8,5;82,4;9,65;90,3;33,0;2,0
2026-08-12 08:53:39;DESKTOP-22AN8KV;25,9;84,0;9,84;90,3;91,0;28,0
2026-08-12 08:53:50;DESKTOP-22AN8KV;11,0;82,6;9,68;90,3;74,0;13,0
2026-08-12 08:54:02;DESKTOP-22AN8KV;13,0;82,7;9,69;90,3;62,0;11,0
2026-08-12 08:54:13;DESKTOP-22AN8KV;11,9;82,2;9,62;90,3;43,0;17,0
2026-08-12 08:54:25;DESKTOP-22AN8KV;9,5;82,2;9,63;90,3;49,0;4,0
2026-08-12 08:54:37;DESKTOP-22AN8KV;11,4;82,5;9,67;90,3;29,0;7,0
2026-08-12 08:54:48;DESKTOP-22AN8KV;8,8;82,7;9,68;90,3;32,0;8,0
2026-08-12 08:55:00;DESKTOP-22AN8KV;12,2;83,5;9,79;90,3;79,0;28,0
2026-08-12 08:55:11;DESKTOP-22AN8KV;12,9;83,2;9,74;90,3;66,0;21,0
2026-08-12 08:55:23;DESKTOP-22AN8KV;8,8;82,9;9,71;90,3;92,0;14,0
2026-08-12 08:55:34;DESKTOP-22AN8KV;10,2;82,6;9,67;90,3;41,0;4,0
2026-08-12 08:55:46;DESKTOP-22AN8KV;11,0;82,3;9,64;90,3;32,0;2,0
2026-08-12 08:55:57;DESKTOP-22AN8KV;8,2;82,3;9,64;90,3;29,0;6,0
2026-08-12 08:56:09;DESKTOP-22AN8KV;8,6;82,5;9,67;90,3;79,0;19,0
2026-08-12 08:56:20;DESKTOP-22AN8KV;14,0;82,6;9,67;90,3;45,0;2,0
2026-08-12 08:56:32;DESKTOP-22AN8KV;10,3;83,6;9,79;90,3;51,0;5,0
2026-08-12 08:56:43;DESKTOP-22AN8KV;9,5;83,5;9,78;90,3;35,0;7,0
2026-08-12 08:56:55;DESKTOP-22AN8KV;12,0;83,4;9,77;90,3;56,0;12,0
2026-08-12 08:57:07;DESKTOP-22AN8KV;9,5;83,6;9,79;90,3;60,0;5,0
2026-08-12 08:57:18;DESKTOP-22AN8KV;10,0;83,4;9,77;90,3;33,0;10,0
2026-08-12 08:57:30;DESKTOP-22AN8KV;13,8;83,9;9,83;90,3;30,0;2,0
2026-08-12 08:57:41;DESKTOP-22AN8KV;8,7;83,8;9,82;90,3;18,0;4,0
2026-08-12 08:57:53;DESKTOP-22AN8KV;11,1;83,7;9,8;90,3;58,0;6,0
2026-08-12 08:58:04;DESKTOP-22AN8KV;16,2;84,6;9,91;90,3;121,0;18,0
2026-08-12 08:58:16;DESKTOP-22AN8KV;11,3;83,2;9,75;90,3;69,0;61,0
2026-08-12 09:39:24;DESKTOP-22AN8KV;0,0;78,5;9,2;90,1;0,0;0,0
2026-08-12 09:39:36;DESKTOP-22AN8KV;29,9;80,9;9,48;90,1;95,0;53,0
2026-08-12 09:39:47;DESKTOP-22AN8KV;34,8;81,3;9,53;90,1;39,0;14,0
2026-08-12 09:39:59;DESKTOP-22AN8KV;29,2;81,6;9,56;90,1;102,0;129,0
2026-08-12 09:40:11;DESKTOP-22AN8KV;35,8;81,4;9,54;90,1;104,0;148,0
2026-08-12 09:40:22;DESKTOP-22AN8KV;42,6;88,4;10,35;90,1;711,0;170,0
2026-08-12 09:40:34;DESKTOP-22AN8KV;47,2;86,8;10,17;90,1;272,0;46,0
2026-08-12 09:40:45;DESKTOP-22AN8KV;33,0;85,8;10,05;90,1;33,0;5,0
2026-08-12 09:40:57;DESKTOP-22AN8KV;30,6;84,5;9,9;90,1;20,0;3,0
2026-08-12 09:41:08;DESKTOP-22AN8KV;27,4;84,2;9,87;90,1;64,0;25,0
2026-08-12 09:41:20;DESKTOP-22AN8KV;12,5;84,9;9,95;90,1;57,0;30,0
2026-08-12 09:41:31;DESKTOP-22AN8KV;21,2;87,1;10,21;90,1;26,0;43,0
2026-08-12 09:41:43;DESKTOP-22AN8KV;18,6;87,8;10,28;90,1;58,0;45,0
2026-08-12 09:41:54;DESKTOP-22AN8KV;12,1;87,9;10,3;90,1;20,0;3,0
2026-08-12 09:42:06;DESKTOP-22AN8KV;16,0;85,9;10,06;90,1;58,0;20,0
2026-08-12 09:42:18;DESKTOP-22AN8KV;9,3;85,6;10,02;90,1;37,0;10,0
2026-08-12 09:42:29;DESKTOP-22AN8KV;8,9;85,5;10,01;90,1;23,0;3,0
2026-08-12 09:42:41;DESKTOP-22AN8KV;9,3;85,9;10,06;90,1;23,0;5,0
2026-08-12 09:42:52;DESKTOP-22AN8KV;8,8;85,7;10,04;90,1;16,0;2,0
2026-08-12 09:43:04;DESKTOP-22AN8KV;7,1;85,1;9,96;90,1;28,0;4,0
2026-08-12 09:43:15;DESKTOP-22AN8KV;9,4;83,8;9,82;90,1;82,0;23,0
2026-08-12 09:43:27;DESKTOP-22AN8KV;7,9;83,9;9,83;90,1;46,0;5,0
2026-08-12 09:43:38;DESKTOP-22AN8KV;11,6;83,9;9,83;90,1;31,0;11,0
2026-08-12 09:43:50;DESKTOP-22AN8KV;13,1;83,9;9,83;90,1;53,0;3,0
2026-08-12 09:44:01;DESKTOP-22AN8KV;25,3;84,9;9,94;90,1;66,0;4,0
2026-08-12 09:44:13;DESKTOP-22AN8KV;31,5;84,3;9,88;90,1;51,0;18,0
2026-08-12 09:44:25;DESKTOP-22AN8KV;30,7;84,7;9,92;90,1;48,0;10,0
2026-08-12 09:44:36;DESKTOP-22AN8KV;25,6;84,4;9,88;90,1;48,0;6,0
2026-08-12 09:44:48;DESKTOP-22AN8KV;26,5;84,7;9,92;90,1;30,0;12,0
2026-08-12 09:44:59;DESKTOP-22AN8KV;31,7;85,2;9,98;90,1;58,0;30,0
2026-08-12 09:45:11;DESKTOP-22AN8KV;28,8;85,8;10,06;90,1;50,0;14,0
2026-08-12 09:45:22;DESKTOP-22AN8KV;24,5;85,5;10,02;90,1;19,0;4,0
2026-08-12 09:45:34;DESKTOP-22AN8KV;24,2;84,9;9,95;90,1;25,0;5,0
2026-08-12 09:45:45;DESKTOP-22AN8KV;25,5;84,9;9,94;90,1;26,0;14,0
2026-08-12 09:45:57;DESKTOP-22AN8KV;24,1;85,0;9,95;90,1;32,0;14,0
2026-08-12 09:46:08;DESKTOP-22AN8KV;21,6;84,9;9,95;90,1;61,0;23,0
2026-08-12 09:46:20;DESKTOP-22AN8KV;24,7;85,0;9,96;90,1;37,0;4,0
2026-08-12 09:46:32;DESKTOP-22AN8KV;24,1;85,0;9,95;90,1;43,0;13,0
2026-08-12 09:46:43;DESKTOP-22AN8KV;21,6;85,0;9,96;90,1;26,0;7,0
2026-08-12 09:46:55;DESKTOP-22AN8KV;28,7;84,9;9,95;90,1;26,0;6,0
2026-08-12 09:47:06;DESKTOP-22AN8KV;23,9;85,1;9,97;90,1;46,0;10,0
2026-08-12 09:47:18;DESKTOP-22AN8KV;22,6;85,2;9,98;90,1;26,0;4,0
2026-08-12 09:47:29;DESKTOP-22AN8KV;26,5;84,9;9,94;90,1;31,0;8,0
2026-08-12 09:47:41;DESKTOP-22AN8KV;22,7;84,9;9,95;90,1;27,0;6,0
2026-08-12 09:47:52;DESKTOP-22AN8KV;23,3;84,6;9,91;90,1;50,0;11,0
2026-08-12 09:48:04;DESKTOP-22AN8KV;25,1;84,6;9,91;90,1;30,0;12,0
2026-08-12 09:48:15;DESKTOP-22AN8KV;24,1;84,8;9,93;90,1;16,0;4,0
2026-08-12 09:48:27;DESKTOP-22AN8KV;28,1;84,8;9,93;90,1;28,0;4,0
2026-08-12 09:48:39;DESKTOP-22AN8KV;26,5;84,9;9,95;90,1;34,0;12,0
2026-08-12 09:48:50;DESKTOP-22AN8KV;28,3;85,3;9,99;90,1;26,0;6,0
2026-08-12 09:49:02;DESKTOP-22AN8KV;28,3;85,2;9,98;90,1;36,0;162,0
2026-08-12 09:49:13;DESKTOP-22AN8KV;25,4;85,0;9,96;90,1;30,0;26,0
2026-08-12 09:49:25;DESKTOP-22AN8KV;24,6;85,0;9,96;90,1;33,0;19,0
2026-08-12 09:49:36;DESKTOP-22AN8KV;27,9;85,0;9,96;90,1;39,0;26,0
2026-08-12 09:49:48;DESKTOP-22AN8KV;24,3;85,0;9,96;90,1;31,0;24,0
2026-08-12 09:49:59;DESKTOP-22AN8KV;26,5;85,7;10,04;90,1;32,0;30,0
2026-08-12 09:50:11;DESKTOP-22AN8KV;26,7;85,9;10,06;90,1;73,0;51,0
2026-08-12 09:50:23;DESKTOP-22AN8KV;24,7;85,8;10,05;90,1;35,0;23,0
2026-08-12 09:50:34;DESKTOP-22AN8KV;28,1;85,8;10,05;90,1;32,0;24,0
2026-08-12 09:50:46;DESKTOP-22AN8KV;33,9;85,0;9,96;90,1;29,0;19,0
2026-08-12 09:50:57;DESKTOP-22AN8KV;28,6;85,1;9,97;90,1;73,0;21,0
2026-08-12 09:51:09;DESKTOP-22AN8KV;26,1;85,0;9,96;90,1;43,0;32,0
2026-08-12 09:51:20;DESKTOP-22AN8KV;27,3;85,0;9,95;90,1;33,0;21,0
2026-08-12 09:51:32;DESKTOP-22AN8KV;23,2;84,9;9,95;90,1;22,0;22,0
2026-08-12 09:51:43;DESKTOP-22AN8KV;25,6;85,0;9,96;90,1;72,0;34,0
2026-08-12 09:51:55;DESKTOP-22AN8KV;25,1;85,0;9,96;90,1;48,0;18,0
2026-08-12 09:52:06;DESKTOP-22AN8KV;25,0;85,0;9,96;90,1;32,0;25,0
2026-08-12 09:52:18;DESKTOP-22AN8KV;25,6;85,1;9,97;90,1;24,0;21,0
2026-08-12 09:52:29;DESKTOP-22AN8KV;29,3;85,1;9,97;90,1;31,0;22,0
2026-08-12 09:52:41;DESKTOP-22AN8KV;25,6;84,2;9,86;90,1;36,0;22,0
2026-08-12 09:52:53;DESKTOP-22AN8KV;26,8;84,0;9,84;90,1;40,0;30,0
2026-08-12 09:53:04;DESKTOP-22AN8KV;28,9;84,0;9,84;90,1;33,0;19,0
2026-08-12 09:53:16;DESKTOP-22AN8KV;30,4;84,0;9,83;90,1;34,0;23,0
2026-08-12 09:53:27;DESKTOP-22AN8KV;30,2;83,9;9,83;90,1;31,0;23,0
2026-08-12 09:53:39;DESKTOP-22AN8KV;28,3;84,1;9,85;90,1;22,0;23,0
2026-08-12 09:53:50;DESKTOP-22AN8KV;30,2;82,9;9,72;90,1;44,0;24,0
2026-08-12 09:54:02;DESKTOP-22AN8KV;23,3;83,1;9,73;90,1;58,0;28,0
2026-08-12 09:54:13;DESKTOP-22AN8KV;27,2;83,0;9,72;90,1;38,0;25,0
2026-08-12 09:54:25;DESKTOP-22AN8KV;29,0;84,5;9,9;90,1;56,0;32,0
2026-08-12 09:54:37;DESKTOP-22AN8KV;29,8;85,9;10,06;90,1;171,0;66,0
2026-08-12 09:54:48;DESKTOP-22AN8KV;33,1;88,3;10,34;90,1;2148,0;238,0
2026-08-12 09:55:00;DESKTOP-22AN8KV;20,6;91,3;10,7;90,1;14646,0;224,0
2026-08-12 09:55:11;DESKTOP-22AN8KV;23,5;90,5;10,6;90,2;72,0;32,0
2026-08-12 09:55:23;DESKTOP-22AN8KV;22,9;87,5;10,25;90,1;107,0;40,0
2026-08-12 09:55:34;DESKTOP-22AN8KV;26,4;89,9;10,53;90,1;180,0;159,0
2026-08-12 09:55:46;DESKTOP-22AN8KV;18,5;89,6;10,5;90,1;243,0;359,0
2026-08-12 09:55:57;DESKTOP-22AN8KV;11,9;89,1;10,43;90,1;97,0;144,0
2026-08-12 09:56:09;DESKTOP-22AN8KV;13,0;88,8;10,41;90,1;90,0;35,0
2026-08-12 09:56:20;DESKTOP-22AN8KV;10,6;88,7;10,39;90,1;51,0;28,0
2026-08-12 09:56:32;DESKTOP-22AN8KV;9,5;88,9;10,41;90,1;40,0;44,0
2026-08-12 09:56:43;DESKTOP-22AN8KV;20,3;89,6;10,49;90,1;61,0;45,0
2026-08-12 09:56:55;DESKTOP-22AN8KV;19,9;88,8;10,4;90,1;171,0;52,0
2026-08-12 09:57:07;DESKTOP-22AN8KV;17,9;89,3;10,46;90,1;68,0;47,0
2026-08-12 09:57:18;DESKTOP-22AN8KV;18,8;89,1;10,44;90,1;70,0;53,0
2026-08-12 09:57:30;DESKTOP-22AN8KV;17,3;89,6;10,5;90,1;53,0;950,0
2026-08-12 09:57:41;DESKTOP-22AN8KV;24,2;90,9;10,65;90,1;72,0;133,0
2026-08-12 09:57:53;DESKTOP-22AN8KV;26,8;90,2;10,56;90,1;92,0;1017,0
2026-08-12 09:58:04;DESKTOP-22AN8KV;19,6;89,6;10,5;90,1;82,0;43,0
2026-08-12 09:58:16;DESKTOP-22AN8KV;17,6;89,5;10,49;90,1;103,0;232,0
2026-08-12 09:58:27;DESKTOP-22AN8KV;21,8;89,5;10,48;90,1;64,0;988,0
2026-08-12 09:58:39;DESKTOP-22AN8KV;23,3;89,7;10,51;90,2;56,0;52,0
2026-08-12 09:58:50;DESKTOP-22AN8KV;24,2;89,5;10,49;90,1;51,0;944,0
2026-08-12 09:59:02;DESKTOP-22AN8KV;16,3;89,4;10,48;90,1;72,0;64,0
2026-08-12 09:59:14;DESKTOP-22AN8KV;15,2;89,1;10,43;90,1;76,0;27,0
2026-08-12 09:59:25;DESKTOP-22AN8KV;17,3;89,0;10,43;90,1;93,0;26,0
2026-08-12 09:59:37;DESKTOP-22AN8KV;21,5;88,4;10,35;90,1;48,0;40,0
2026-08-12 09:59:48;DESKTOP-22AN8KV;17,5;88,2;10,33;90,2;55,0;26,0
2026-08-12 10:00:00;DESKTOP-22AN8KV;18,5;89,0;10,43;90,2;88,0;949,0
2026-08-12 10:00:11;DESKTOP-22AN8KV;17,7;88,6;10,38;90,2;281,0;84,0
2026-08-12 10:00:23;DESKTOP-22AN8KV;13,5;88,5;10,37;90,2;46,0;27,0
2026-08-12 10:00:34;DESKTOP-22AN8KV;15,6;88,1;10,32;90,2;74,0;14,0
2026-08-12 10:00:46;DESKTOP-22AN8KV;14,5;87,8;10,28;90,2;42,0;17,0
2026-08-12 10:00:57;DESKTOP-22AN8KV;15,0;87,4;10,24;90,2;42,0;11,0
2026-08-12 10:01:09;DESKTOP-22AN8KV;20,7;87,7;10,27;90,2;82,0;22,0
2026-08-12 10:01:20;DESKTOP-22AN8KV;21,1;87,5;10,25;90,2;53,0;941,0
2026-08-12 10:01:32;DESKTOP-22AN8KV;20,8;88,0;10,31;90,2;70,0;81,0
2026-08-12 10:01:44;DESKTOP-22AN8KV;19,5;87,6;10,27;90,2;97,0;1966,0
2026-08-12 10:01:55;DESKTOP-22AN8KV;17,7;87,7;10,27;90,2;74,0;273,0
2026-08-12 10:02:07;DESKTOP-22AN8KV;29,9;89,8;10,52;90,2;87,0;1033,0
2026-08-12 10:02:18;DESKTOP-22AN8KV;19,9;89,0;10,43;90,2;65,0;226,0
2026-08-12 10:02:30;DESKTOP-22AN8KV;16,0;88,9;10,42;90,2;69,0;1045,0
2026-08-12 10:02:41;DESKTOP-22AN8KV;20,7;90,0;10,55;90,2;48,0;63,0
2026-08-12 10:02:53;DESKTOP-22AN8KV;31,9;92,0;10,78;90,2;55,0;83,0
2026-08-12 10:03:04;DESKTOP-22AN8KV;30,2;94,0;11,01;90,2;1222,0;173,0
2026-08-12 10:03:16;DESKTOP-22AN8KV;25,9;94,3;11,05;90,2;95,0;15,0
2026-08-12 10:03:27;DESKTOP-22AN8KV;36,0;93,9;11,0;90,2;39,0;40,0
2026-08-12 10:03:39;DESKTOP-22AN8KV;21,3;91,2;10,69;90,2;48,0;39,0
2026-08-12 10:03:51;DESKTOP-22AN8KV;21,2;90,1;10,55;90,2;74,0;996,0
2026-08-12 10:04:02;DESKTOP-22AN8KV;37,1;92,2;10,8;90,2;79,0;70,0
2026-08-12 10:04:14;DESKTOP-22AN8KV;27,4;90,7;10,62;90,2;130,0;102,0
2026-08-12 10:04:25;DESKTOP-22AN8KV;23,4;90,1;10,56;90,2;47,0;979,0
2026-08-12 10:04:37;DESKTOP-22AN8KV;26,5;90,3;10,57;90,2;46,0;1050,0
2026-08-12 10:04:48;DESKTOP-22AN8KV;25,3;92,9;10,89;90,2;118,0;1207,0
2026-08-12 10:05:00;DESKTOP-22AN8KV;20,1;92,8;10,87;90,2;216,0;110,0
2026-08-12 10:05:11;DESKTOP-22AN8KV;23,0;92,6;10,85;90,2;1113,0;99,0
2026-08-12 10:05:23;DESKTOP-22AN8KV;23,1;91,6;10,73;90,2;120,0;42,0
2026-08-12 10:05:34;DESKTOP-22AN8KV;13,6;90,5;10,6;90,2;45,0;8,0
2026-08-12 10:05:46;DESKTOP-22AN8KV;12,1;91,1;10,67;90,2;38,0;7,0
2026-08-12 10:05:57;DESKTOP-22AN8KV;16,6;91,9;10,76;90,2;461,0;71,0
2026-08-12 10:06:09;DESKTOP-22AN8KV;27,7;93,5;10,95;90,2;442,0;86,0
2026-08-12 10:06:21;DESKTOP-22AN8KV;36,2;94,6;11,08;90,2;244,0;42,0
2026-08-12 10:06:32;DESKTOP-22AN8KV;40,1;95,3;11,17;90,2;240,0;41,0
2026-08-12 10:06:44;DESKTOP-22AN8KV;28,6;94,5;11,08;90,2;636,0;48,0
2026-08-12 10:06:55;DESKTOP-22AN8KV;26,1;94,5;11,07;90,2;196,0;38,0
2026-08-12 10:07:07;DESKTOP-22AN8KV;20,9;92,9;10,89;90,2;132,0;22,0
2026-08-12 10:07:18;DESKTOP-22AN8KV;22,1;93,5;10,95;90,2;146,0;11,0
2026-08-12 10:07:30;DESKTOP-22AN8KV;24,2;93,8;10,99;90,2;718,0;44,0
2026-08-12 10:07:41;DESKTOP-22AN8KV;28,0;95,5;11,18;90,2;547,0;23,0
2026-08-12 10:07:53;DESKTOP-22AN8KV;22,8;93,8;10,99;90,2;326,0;32,0
2026-08-12 10:08:04;DESKTOP-22AN8KV;25,3;96,1;11,26;90,2;12889,0;73,0
2026-08-12 10:08:16;DESKTOP-22AN8KV;22,3;96,3;11,28;90,2;316,0;13,0
2026-08-12 10:08:28;DESKTOP-22AN8KV;32,5;96,4;11,29;90,2;145,0;11,0
2026-08-12 10:08:39;DESKTOP-22AN8KV;22,1;88,9;10,41;90,2;162,0;11,0
2026-08-12 10:08:51;DESKTOP-22AN8KV;19,7;86,9;10,18;90,2;151,0;11,0
2026-08-12 10:09:02;DESKTOP-22AN8KV;26,2;86,9;10,18;90,2;185,0;33,0
2026-08-12 10:09:14;DESKTOP-22AN8KV;19,3;86,8;10,17;90,2;132,0;40,0
2026-08-12 10:09:25;DESKTOP-22AN8KV;11,1;86,4;10,12;90,2;184,0;23,0
2026-08-12 10:09:37;DESKTOP-22AN8KV;11,4;86,1;10,09;90,2;116,0;14,0
2026-08-12 10:09:48;DESKTOP-22AN8KV;11,0;86,0;10,08;90,2;129,0;15,0
2026-08-12 10:10:00;DESKTOP-22AN8KV;19,0;87,0;10,19;90,2;242,0;194,0
2026-08-12 10:10:11;DESKTOP-22AN8KV;15,2;87,1;10,2;90,2;102,0;45,0
2026-08-12 10:10:23;DESKTOP-22AN8KV;11,6;86,7;10,16;90,2;107,0;21,0
2026-08-12 10:10:34;DESKTOP-22AN8KV;12,6;85,9;10,07;90,2;31,0;6,0
2026-08-12 10:10:46;DESKTOP-22AN8KV;11,9;85,7;10,04;90,2;19,0;17,0
2026-08-12 10:10:58;DESKTOP-22AN8KV;13,3;85,4;10,0;90,2;64,0;16,0
2026-08-12 10:11:09;DESKTOP-22AN8KV;17,0;86,5;10,13;90,2;122,0;48,0
2026-08-12 10:11:21;DESKTOP-22AN8KV;28,6;87,1;10,21;90,2;106,0;43,0
2026-08-12 10:11:32;DESKTOP-22AN8KV;15,0;86,3;10,11;90,2;78,0;15,0
2026-08-12 10:11:44;DESKTOP-22AN8KV;14,6;86,0;10,08;90,2;51,0;12,0
2026-08-12 10:11:55;DESKTOP-22AN8KV;17,5;86,3;10,11;90,2;109,0;1210,0
2026-08-12 10:12:07;DESKTOP-22AN8KV;15,8;85,8;10,06;90,2;115,0;54,0
2026-08-12 10:12:18;DESKTOP-22AN8KV;19,6;85,9;10,07;90,2;82,0;56,0
2026-08-12 10:12:30;DESKTOP-22AN8KV;23,3;86,0;10,08;90,2;132,0;1186,0
2026-08-12 10:12:41;DESKTOP-22AN8KV;28,7;88,1;10,32;90,2;531,0;682,0
2026-08-12 10:12:53;DESKTOP-22AN8KV;23,9;88,0;10,31;90,2;74,0;1252,0
2026-08-12 10:13:05;DESKTOP-22AN8KV;14,7;87,0;10,19;90,2;123,0;1236,0
2026-08-12 10:13:16;DESKTOP-22AN8KV;23,1;88,2;10,34;90,2;63,0;136,0
2026-08-12 10:13:28;DESKTOP-22AN8KV;18,6;88,5;10,37;90,2;55,0;50,0
2026-08-12 10:13:39;DESKTOP-22AN8KV;30,2;89,3;10,46;90,2;116,0;61,0
2026-08-12 10:13:51;DESKTOP-22AN8KV;35,3;85,7;10,04;90,2;84,0;27,0
2026-08-12 10:14:02;DESKTOP-22AN8KV;14,1;84,8;9,93;90,2;78,0;1242,0
2026-08-12 10:14:14;DESKTOP-22AN8KV;22,9;86,0;10,07;90,2;158,0;68,0
2026-08-12 10:14:25;DESKTOP-22AN8KV;21,3;86,7;10,16;90,2;58,0;45,0
2026-08-12 10:14:37;DESKTOP-22AN8KV;22,4;84,3;9,88;90,2;55,0;1268,0
2026-08-12 10:14:48;DESKTOP-22AN8KV;20,4;84,1;9,86;90,2;54,0;1311,0
2026-08-12 10:15:00;DESKTOP-22AN8KV;21,3;84,5;9,9;90,2;64,0;107,0
2026-08-12 10:15:12;DESKTOP-22AN8KV;14,8;84,6;9,91;90,2;81,0;77,0
2026-08-12 10:15:23;DESKTOP-22AN8KV;24,2;86,4;10,12;90,2;48,0;44,0
2026-08-12 10:15:35;DESKTOP-22AN8KV;18,3;84,8;9,94;90,2;66,0;1313,0
2026-08-12 10:15:46;DESKTOP-22AN8KV;20,3;85,6;10,03;90,2;35,0;51,0
2026-08-12 10:15:58;DESKTOP-22AN8KV;32,2;84,8;9,94;90,2;64,0;58,0
2026-08-12 10:16:09;DESKTOP-22AN8KV;25,0;85,1;9,97;90,2;136,0;1345,0
2026-08-12 10:16:21;DESKTOP-22AN8KV;27,5;84,9;9,94;90,2;55,0;1404,0
2026-08-12 10:16:32;DESKTOP-22AN8KV;28,1;85,3;9,99;90,2;67,0;121,0
2026-08-12 10:16:44;DESKTOP-22AN8KV;35,7;86,6;10,15;90,2;61,0;61,0
2026-08-12 10:16:56;DESKTOP-22AN8KV;23,6;86,2;10,1;90,2;54,0;65,0
2026-08-12 10:17:07;DESKTOP-22AN8KV;17,0;84,8;9,93;90,2;66,0;24,0
2026-08-12 10:17:19;DESKTOP-22AN8KV;22,4;85,3;9,99;90,2;55,0;1371,0
2026-08-12 10:17:30;DESKTOP-22AN8KV;30,2;86,4;10,12;90,2;59,0;87,0
2026-08-12 10:17:42;DESKTOP-22AN8KV;28,0;85,8;10,05;90,2;63,0;95,0
2026-08-12 10:17:53;DESKTOP-22AN8KV;28,8;85,7;10,04;90,2;57,0;35,0
2026-08-12 10:18:05;DESKTOP-22AN8KV;29,9;84,9;9,95;90,2;76,0;17,0
2026-08-12 10:18:16;DESKTOP-22AN8KV;27,3;84,9;9,95;90,2;29,0;14,0
2026-08-12 10:18:28;DESKTOP-22AN8KV;24,3;84,9;9,94;90,2;26,0;7,0
2026-08-12 10:18:39;DESKTOP-22AN8KV;26,4;84,6;9,91;90,2;53,0;26,0
2026-08-12 10:18:51;DESKTOP-22AN8KV;35,1;85,4;10,01;90,2;50,0;15,0
2026-08-12 10:19:03;DESKTOP-22AN8KV;27,1;84,2;9,87;90,2;45,0;17,0
2026-08-12 10:19:14;DESKTOP-22AN8KV;24,8;84,2;9,86;90,2;117,0;27,0
2026-08-12 10:19:26;DESKTOP-22AN8KV;25,0;83,6;9,79;90,2;36,0;12,0
2026-08-12 10:19:37;DESKTOP-22AN8KV;23,3;83,5;9,79;90,2;31,0;9,0
2026-08-12 10:19:49;DESKTOP-22AN8KV;25,4;83,2;9,75;90,2;41,0;14,0
2026-08-12 10:20:00;DESKTOP-22AN8KV;28,1;84,1;9,85;90,2;36,0;19,0
2026-08-12 10:20:12;DESKTOP-22AN8KV;31,9;83,8;9,81;90,2;128,0;44,0
2026-08-12 10:20:23;DESKTOP-22AN8KV;24,8;83,8;9,81;90,2;40,0;4,0
2026-08-12 10:20:35;DESKTOP-22AN8KV;27,5;83,5;9,78;90,2;40,0;15,0
2026-08-12 10:20:47;DESKTOP-22AN8KV;25,9;83,1;9,73;90,2;25,0;5,0
2026-08-12 10:20:58;DESKTOP-22AN8KV;28,7;83,5;9,78;90,2;105,0;1357,0
2026-08-12 10:21:10;DESKTOP-22AN8KV;21,3;83,4;9,77;90,2;108,0;94,0
2026-08-12 10:21:21;DESKTOP-22AN8KV;21,4;83,6;9,8;90,2;78,0;1358,0
2026-08-12 10:21:33;DESKTOP-22AN8KV;19,8;83,2;9,74;90,2;52,0;1419,0
2026-08-12 10:21:44;DESKTOP-22AN8KV;18,6;83,1;9,73;90,2;44,0;85,0
2026-08-12 10:21:56;DESKTOP-22AN8KV;15,0;82,9;9,71;90,2;59,0;102,0
2026-08-12 10:22:07;DESKTOP-22AN8KV;13,7;82,8;9,7;90,2;81,0;13,0
2026-08-12 10:22:19;DESKTOP-22AN8KV;30,7;85,0;9,96;90,2;66,0;37,0
2026-08-12 10:22:30;DESKTOP-22AN8KV;16,6;83,9;9,83;90,2;56,0;35,0
2026-08-12 10:22:42;DESKTOP-22AN8KV;24,2;84,5;9,9;90,2;38,0;14,0
2026-08-12 10:22:54;DESKTOP-22AN8KV;28,5;84,1;9,85;90,2;111,0;12,0
2026-08-12 10:23:05;DESKTOP-22AN8KV;28,3;83,8;9,81;90,2;139,0;11,0
2026-08-12 10:23:17;DESKTOP-22AN8KV;33,8;83,8;9,82;90,2;103,0;21,0
2026-08-12 10:23:28;DESKTOP-22AN8KV;25,0;83,8;9,81;90,2;102,0;7,0
2026-08-12 10:23:40;DESKTOP-22AN8KV;26,1;83,8;9,81;90,2;141,0;9,0
2026-08-12 10:23:51;DESKTOP-22AN8KV;27,7;83,8;9,82;90,2;85,0;6,0
2026-08-12 10:24:03;DESKTOP-22AN8KV;29,5;82,9;9,72;90,2;43,0;16,0
2026-08-12 10:24:14;DESKTOP-22AN8KV;27,2;84,7;9,92;90,2;123,0;13,0
2026-08-12 10:24:26;DESKTOP-22AN8KV;28,2;84,6;9,91;90,2;161,0;16,0
2026-08-12 10:24:38;DESKTOP-22AN8KV;23,8;83,6;9,8;90,2;109,0;12,0
2026-08-12 10:24:49;DESKTOP-22AN8KV;28,1;83,5;9,78;90,2;108,0;6,0
2026-08-12 10:25:01;DESKTOP-22AN8KV;32,7;83,8;9,82;90,2;152,0;34,0
2026-08-12 10:25:12;DESKTOP-22AN8KV;22,3;84,8;9,93;90,2;155,0;47,0
2026-08-12 10:25:24;DESKTOP-22AN8KV;13,2;84,1;9,86;90,2;110,0;7,0
2026-08-12 10:25:35;DESKTOP-22AN8KV;10,8;83,9;9,83;90,2;36,0;6,0
2026-08-12 10:25:47;DESKTOP-22AN8KV;10,0;83,5;9,78;90,2;33,0;5,0
2026-08-12 10:25:58;DESKTOP-22AN8KV;12,8;83,6;9,79;90,2;61,0;17,0
2026-08-12 10:26:10;DESKTOP-22AN8KV;9,3;83,6;9,79;90,2;74,0;8,0
2026-08-12 10:26:21;DESKTOP-22AN8KV;9,0;83,6;9,79;90,2;64,0;24,0
2026-08-12 10:26:33;DESKTOP-22AN8KV;10,8;83,5;9,78;90,2;43,0;4,0
2026-08-12 10:26:45;DESKTOP-22AN8KV;27,2;85,0;9,96;90,2;62,0;6,0
2026-08-12 10:26:56;DESKTOP-22AN8KV;24,3;84,7;9,93;90,2;85,0;24,0
2026-08-12 10:27:08;DESKTOP-22AN8KV;30,0;84,7;9,92;90,2;79,0;14,0
2026-08-12 10:27:19;DESKTOP-22AN8KV;25,6;84,7;9,92;90,2;69,0;11,0
2026-08-12 10:27:31;DESKTOP-22AN8KV;25,8;84,3;9,88;90,2;34,0;5,0
2026-08-12 10:27:42;DESKTOP-22AN8KV;26,6;84,2;9,87;90,2;47,0;12,0
2026-08-12 10:27:54;DESKTOP-22AN8KV;31,0;85,5;10,02;90,2;84,0;17,0
2026-08-12 10:28:05;DESKTOP-22AN8KV;23,7;85,4;10,0;90,2;92,0;19,0
2026-08-12 10:28:17;DESKTOP-22AN8KV;28,3;84,8;9,94;90,2;50,0;7,0
2026-08-12 10:28:29;DESKTOP-22AN8KV;26,4;84,3;9,88;90,2;38,0;13,0
2026-08-12 10:28:40;DESKTOP-22AN8KV;29,5;84,4;9,88;90,2;40,0;7,0
2026-08-12 10:28:52;DESKTOP-22AN8KV;26,1;84,4;9,89;90,2;54,0;14,0
2026-08-12 10:29:03;DESKTOP-22AN8KV;31,7;83,0;9,72;90,2;38,0;8,0
2026-08-12 10:29:15;DESKTOP-22AN8KV;28,3;83,1;9,73;90,2;85,0;10,0
2026-08-12 10:29:26;DESKTOP-22AN8KV;26,8;83,2;9,75;90,2;60,0;4,0
2026-08-12 10:29:38;DESKTOP-22AN8KV;29,6;83,1;9,74;90,2;61,0;16,0
2026-08-12 10:29:49;DESKTOP-22AN8KV;28,1;83,1;9,73;90,2;48,0;6,0
2026-08-12 10:30:01;DESKTOP-22AN8KV;31,6;83,9;9,83;90,2;68,0;29,0
2026-08-12 10:30:13;DESKTOP-22AN8KV;26,4;83,9;9,83;90,2;94,0;12,0
2026-08-12 10:30:24;DESKTOP-22AN8KV;25,1;83,9;9,83;90,2;29,0;4,0
2026-08-12 10:30:36;DESKTOP-22AN8KV;26,3;82,9;9,71;90,2;19,0;6,0
2026-08-12 10:30:47;DESKTOP-22AN8KV;30,5;83,1;9,74;90,2;24,0;5,0
2026-08-12 10:30:59;DESKTOP-22AN8KV;35,2;78,5;9,2;90,2;31,0;10,0
2026-08-12 10:31:10;DESKTOP-22AN8KV;26,7;78,6;9,21;90,2;83,0;14,0
2026-08-12 10:31:22;DESKTOP-22AN8KV;26,6;78,6;9,21;90,2;25,0;4,0
2026-08-12 10:31:33;DESKTOP-22AN8KV;27,9;78,6;9,21;90,2;26,0;4,0
2026-08-12 10:31:45;DESKTOP-22AN8KV;27,3;78,6;9,21;90,2;24,0;6,0
2026-08-12 10:31:57;DESKTOP-22AN8KV;27,8;78,6;9,21;90,2;41,0;10,0
2026-08-12 10:32:08;DESKTOP-22AN8KV;25,7;78,8;9,23;90,2;78,0;14,0
2026-08-12 10:32:20;DESKTOP-22AN8KV;24,9;78,7;9,22;90,2;40,0;6,0
2026-08-12 10:32:31;DESKTOP-22AN8KV;25,5;80,3;9,41;90,2;68,0;15,0
2026-08-12 10:32:43;DESKTOP-22AN8KV;28,0;80,1;9,38;90,2;105,0;8,0
2026-08-12 10:32:54;DESKTOP-22AN8KV;28,2;79,6;9,32;90,2;156,0;19,0
2026-08-12 10:33:06;DESKTOP-22AN8KV;28,5;79,0;9,25;90,2;151,0;13,0
2026-08-12 10:33:17;DESKTOP-22AN8KV;29,7;81,9;9,6;90,2;217,0;42,0
2026-08-12 10:33:29;DESKTOP-22AN8KV;22,9;81,5;9,54;90,2;151,0;35,0
2026-08-12 10:33:41;DESKTOP-22AN8KV;19,5;85,9;10,06;90,2;144,0;10,0
2026-08-12 10:33:52;DESKTOP-22AN8KV;16,6;84,7;9,93;90,2;118,0;14,0
2026-08-12 10:34:04;DESKTOP-22AN8KV;16,8;83,5;9,78;90,2;96,0;6,0
2026-08-12 10:34:15;DESKTOP-22AN8KV;12,5;81,6;9,55;90,2;153,0;20,0
2026-08-12 10:34:27;DESKTOP-22AN8KV;8,4;81,6;9,56;90,2;109,0;7,0
2026-08-12 10:34:38;DESKTOP-22AN8KV;9,5;79,6;9,32;90,2;59,0;7,0
2026-08-12 10:34:50;DESKTOP-22AN8KV;8,8;79,4;9,31;90,2;27,0;3,0
2026-08-12 10:35:01;DESKTOP-22AN8KV;11,0;80,3;9,4;90,2;70,0;34,0
2026-08-12 10:35:13;DESKTOP-22AN8KV;10,9;80,3;9,4;90,2;68,0;12,0
2026-08-12 10:35:24;DESKTOP-22AN8KV;10,1;80,3;9,41;90,2;24,0;4,0
2026-08-12 10:35:36;DESKTOP-22AN8KV;12,6;82,0;9,6;90,2;378,0;29,0
2026-08-12 10:35:47;DESKTOP-22AN8KV;8,3;81,2;9,51;90,2;94,0;11,0
2026-08-12 10:35:59;DESKTOP-22AN8KV;8,3;81,0;9,49;90,2;31,0;7,0
2026-08-12 10:36:10;DESKTOP-22AN8KV;9,1;80,5;9,43;90,2;80,0;17,0
2026-08-12 10:36:22;DESKTOP-22AN8KV;12,2;81,4;9,53;90,2;43,0;4,0
2026-08-12 10:36:34;DESKTOP-22AN8KV;10,7;81,3;9,52;90,2;29,0;7,0
2026-08-12 10:36:45;DESKTOP-22AN8KV;7,0;82,2;9,62;90,2;21,0;5,0
2026-08-12 10:36:57;DESKTOP-22AN8KV;10,9;81,3;9,52;90,2;27,0;9,0
2026-08-12 10:37:08;DESKTOP-22AN8KV;9,3;81,6;9,56;90,2;74,0;11,0
2026-08-12 10:37:20;DESKTOP-22AN8KV;7,7;81,6;9,56;90,2;20,0;5,0
2026-08-12 10:37:31;DESKTOP-22AN8KV;10,2;81,6;9,56;90,2;23,0;9,0
2026-08-12 10:37:43;DESKTOP-22AN8KV;10,6;80,1;9,38;90,2;30,0;15,0
2026-08-12 10:37:54;DESKTOP-22AN8KV;26,3;78,2;9,16;90,2;136,0;25,0
2026-08-12 10:38:06;DESKTOP-22AN8KV;27,5;77,5;9,08;90,2;41,0;14,0
2026-08-12 10:38:17;DESKTOP-22AN8KV;25,9;77,4;9,07;90,2;33,0;13,0
2026-08-12 10:38:29;DESKTOP-22AN8KV;24,1;76,8;9,0;90,2;40,0;5,0
2026-08-12 10:38:41;DESKTOP-22AN8KV;27,2;77,0;9,02;90,2;37,0;7,0
2026-08-12 10:38:52;DESKTOP-22AN8KV;23,3;76,8;9,0;90,2;46,0;9,0
2026-08-12 10:39:04;DESKTOP-22AN8KV;29,9;76,4;8,95;90,2;58,0;19,0
2026-08-12 10:39:15;DESKTOP-22AN8KV;27,3;76,4;8,95;90,2;30,0;12,0
2026-08-12 10:39:27;DESKTOP-22AN8KV;28,4;77,4;9,07;90,2;63,0;20,0
2026-08-12 10:39:38;DESKTOP-22AN8KV;22,7;79,3;9,29;90,2;64,0;25,0
2026-08-12 10:39:50;DESKTOP-22AN8KV;32,2;77,4;9,07;90,2;34,0;12,0
2026-08-12 10:40:01;DESKTOP-22AN8KV;29,9;79,4;9,3;90,2;146,0;195,0
2026-08-12 10:40:13;DESKTOP-22AN8KV;18,3;80,0;9,38;90,2;55,0;24,0
2026-08-12 10:40:24;DESKTOP-22AN8KV;10,9;79,9;9,36;90,2;63,0;6,0
2026-08-12 10:40:36;DESKTOP-22AN8KV;9,7;79,1;9,27;90,2;46,0;12,0
2026-08-12 10:40:48;DESKTOP-22AN8KV;11,8;78,8;9,24;90,2;40,0;12,0
2026-08-12 10:40:59;DESKTOP-22AN8KV;11,2;78,8;9,23;90,2;28,0;8,0
2026-08-12 10:41:11;DESKTOP-22AN8KV;12,6;79,1;9,26;90,2;32,0;12,0
2026-08-12 10:41:22;DESKTOP-22AN8KV;8,7;79,0;9,26;90,2;17,0;3,0
2026-08-12 10:41:34;DESKTOP-22AN8KV;9,0;79,0;9,25;90,2;16,0;2,0
2026-08-12 10:41:45;DESKTOP-22AN8KV;8,3;78,9;9,24;90,2;51,0;22,0
2026-08-12 10:41:57;DESKTOP-22AN8KV;12,5;78,7;9,22;90,2;61,0;7,0
2026-08-12 10:42:08;DESKTOP-22AN8KV;9,6;78,9;9,24;90,2;32,0;6,0
2026-08-12 10:42:20;DESKTOP-22AN8KV;9,0;78,8;9,23;90,2;15,0;3,0
2026-08-12 10:42:31;DESKTOP-22AN8KV;8,7;78,9;9,24;90,2;18,0;3,0
2026-08-12 10:42:43;DESKTOP-22AN8KV;8,1;78,9;9,25;90,2;22,0;3,0
2026-08-12 10:42:54;DESKTOP-22AN8KV;15,6;79,4;9,31;90,2;39,0;7,0
2026-08-12 10:43:06;DESKTOP-22AN8KV;8,6;79,5;9,31;90,2;20,0;1,0
2026-08-12 10:43:17;DESKTOP-22AN8KV;8,4;79,1;9,27;90,2;17,0;5,0
2026-08-12 10:43:29;DESKTOP-22AN8KV;11,0;79,2;9,28;90,2;26,0;5,0
2026-08-12 10:43:41;DESKTOP-22AN8KV;10,7;78,8;9,23;90,2;35,0;16,0
2026-08-12 10:43:52;DESKTOP-22AN8KV;12,3;78,8;9,23;90,2;35,0;6,0
2026-08-12 10:44:04;DESKTOP-22AN8KV;15,4;77,7;9,1;90,2;18,0;3,0
2026-08-12 10:44:15;DESKTOP-22AN8KV;11,8;78,2;9,16;90,2;20,0;4,0
2026-08-12 10:44:27;DESKTOP-22AN8KV;9,6;78,1;9,15;90,2;20,0;6,0
2026-08-12 10:44:38;DESKTOP-22AN8KV;12,6;78,0;9,14;90,2;14,0;4,0
2026-08-12 10:44:50;DESKTOP-22AN8KV;11,1;78,1;9,15;90,2;18,0;2,0
2026-08-12 10:45:01;DESKTOP-22AN8KV;12,3;79,1;9,26;90,2;31,0;31,0
2026-08-12 10:45:13;DESKTOP-22AN8KV;14,1;79,1;9,27;90,2;95,0;22,0
2026-08-12 10:45:24;DESKTOP-22AN8KV;10,6;79,2;9,27;90,2;34,0;3,0
2026-08-12 10:45:36;DESKTOP-22AN8KV;10,6;78,9;9,24;90,2;19,0;2,0
2026-08-12 10:45:47;DESKTOP-22AN8KV;12,6;78,6;9,2;90,2;33,0;14,0
2026-08-12 10:45:59;DESKTOP-22AN8KV;10,0;78,3;9,17;90,2;34,0;7,0
2026-08-12 10:46:10;DESKTOP-22AN8KV;14,0;78,6;9,21;90,2;35,0;11,0
2026-08-12 10:46:22;DESKTOP-22AN8KV;13,0;78,6;9,21;90,2;37,0;8,0
2026-08-12 10:46:34;DESKTOP-22AN8KV;10,1;78,7;9,22;90,2;22,0;3,0
2026-08-12 10:46:45;DESKTOP-22AN8KV;10,4;78,5;9,2;90,2;40,0;18,0
2026-08-12 10:46:57;DESKTOP-22AN8KV;10,7;78,3;9,18;90,2;19,0;6,0
2026-08-12 10:47:08;DESKTOP-22AN8KV;8,5;78,7;9,22;90,2;34,0;10,0
2026-08-12 10:47:20;DESKTOP-22AN8KV;12,5;78,7;9,22;90,2;22,0;2,0
2026-08-12 10:47:31;DESKTOP-22AN8KV;10,9;79,0;9,25;90,2;23,0;2,0
2026-08-12 10:47:43;DESKTOP-22AN8KV;11,6;77,9;9,13;90,2;20,0;5,0
2026-08-12 10:47:54;DESKTOP-22AN8KV;12,3;78,0;9,14;90,2;39,0;7,0
2026-08-12 10:48:06;DESKTOP-22AN8KV;11,2;78,0;9,14;90,2;43,0;2,0
2026-08-12 10:48:17;DESKTOP-22AN8KV;9,6;78,1;9,15;90,2;47,0;11,0
2026-08-12 10:48:29;DESKTOP-22AN8KV;14,2;78,2;9,16;90,2;19,0;5,0
2026-08-12 10:48:40;DESKTOP-22AN8KV;11,0;78,1;9,15;90,2;16,0;4,0
2026-08-12 10:48:52;DESKTOP-22AN8KV;10,4;78,0;9,14;90,2;56,0;2,0
2026-08-12 10:49:04;DESKTOP-22AN8KV;13,7;77,4;9,06;90,2;43,0;6,0
2026-08-12 10:49:15;DESKTOP-22AN8KV;12,5;77,9;9,12;90,2;35,0;6,0
2026-08-12 10:49:27;DESKTOP-22AN8KV;8,2;77,8;9,11;90,2;33,0;5,0
2026-08-12 10:49:38;DESKTOP-22AN8KV;11,4;77,8;9,11;90,2;31,0;8,0
2026-08-12 10:49:50;DESKTOP-22AN8KV;10,5;77,7;9,1;90,2;29,0;2,0
2026-08-12 10:50:01;DESKTOP-22AN8KV;10,8;78,7;9,22;90,2;35,0;29,0
2026-08-12 10:50:13;DESKTOP-22AN8KV;13,2;78,7;9,22;90,2;58,0;25,0
2026-08-12 10:50:24;DESKTOP-22AN8KV;11,8;78,7;9,22;90,2;24,0;3,0
2026-08-12 10:50:36;DESKTOP-22AN8KV;14,2;79,3;9,29;90,2;46,0;4,0
2026-08-12 10:50:47;DESKTOP-22AN8KV;13,1;77,6;9,09;90,2;58,0;14,0
2026-08-12 10:50:59;DESKTOP-22AN8KV;11,0;78,0;9,13;90,2;47,0;14,0
2026-08-12 10:51:10;DESKTOP-22AN8KV;9,0;78,3;9,17;90,2;35,0;13,0
2026-08-12 10:51:22;DESKTOP-22AN8KV;8,4;78,2;9,17;90,2;41,0;7,0
2026-08-12 10:51:33;DESKTOP-22AN8KV;8,2;78,2;9,16;90,2;62,0;2,0
2026-08-12 10:51:45;DESKTOP-22AN8KV;10,4;78,1;9,15;90,2;63,0;4,0
2026-08-12 10:51:57;DESKTOP-22AN8KV;8,6;78,0;9,13;90,2;25,0;7,0
2026-08-12 10:52:08;DESKTOP-22AN8KV;15,6;78,2;9,17;90,2;68,0;14,0
2026-08-12 10:52:20;DESKTOP-22AN8KV;13,0;78,2;9,16;90,2;35,0;2,0
2026-08-12 10:52:31;DESKTOP-22AN8KV;11,1;78,4;9,18;90,2;41,0;7,0
2026-08-12 10:52:43;DESKTOP-22AN8KV;14,2;77,9;9,12;90,2;28,0;3,0
2026-08-12 10:52:54;DESKTOP-22AN8KV;15,4;78,1;9,15;90,2;54,0;6,0
2026-08-12 10:53:06;DESKTOP-22AN8KV;12,2;78,2;9,16;90,2;268,0;4,0
2026-08-12 10:53:17;DESKTOP-22AN8KV;10,8;78,2;9,16;90,2;12,0;4,0
2026-08-12 10:53:29;DESKTOP-22AN8KV;14,1;78,1;9,15;90,2;28,0;4,0
2026-08-12 10:53:40;DESKTOP-22AN8KV;7,7;78,1;9,15;90,2;34,0;5,0
2026-08-12 10:53:52;DESKTOP-22AN8KV;11,2;78,2;9,16;90,2;49,0;5,0
2026-08-12 10:54:03;DESKTOP-22AN8KV;13,3;77,6;9,1;90,2;288,0;4,0
2026-08-12 10:54:15;DESKTOP-22AN8KV;12,1;77,7;9,1;90,2;26,0;5,0
2026-08-12 10:54:27;DESKTOP-22AN8KV;11,7;77,3;9,05;90,2;40,0;5,0
2026-08-12 10:54:38;DESKTOP-22AN8KV;13,4;77,2;9,05;90,2;26,0;5,0
2026-08-12 10:54:50;DESKTOP-22AN8KV;11,3;77,2;9,04;90,2;19,0;2,0
2026-08-12 10:55:01;DESKTOP-22AN8KV;16,1;78,1;9,15;90,2;45,0;30,0
2026-08-12 10:55:13;DESKTOP-22AN8KV;14,5;77,8;9,12;90,2;57,0;23,0
2026-08-12 10:55:24;DESKTOP-22AN8KV;12,0;77,9;9,13;90,2;22,0;5,0
2026-08-12 10:55:36;DESKTOP-22AN8KV;12,9;77,8;9,11;90,2;27,0;6,0
2026-08-12 10:55:47;DESKTOP-22AN8KV;10,6;77,2;9,05;90,2;24,0;4,0
2026-08-12 10:55:59;DESKTOP-22AN8KV;8,5;77,1;9,03;90,2;24,0;7,0
2026-08-12 10:56:10;DESKTOP-22AN8KV;15,7;77,3;9,06;90,2;47,0;19,0
2026-08-12 10:56:22;DESKTOP-22AN8KV;9,6;77,3;9,05;90,2;29,0;3,0
2026-08-12 10:56:33;DESKTOP-22AN8KV;10,9;77,6;9,09;90,2;23,0;5,0
2026-08-12 10:56:45;DESKTOP-22AN8KV;13,0;78,0;9,14;90,2;160,0;77,0
2026-08-12 10:56:56;DESKTOP-22AN8KV;9,5;77,8;9,12;90,2;19,0;8,0
2026-08-12 10:57:08;DESKTOP-22AN8KV;12,2;78,1;9,14;90,2;41,0;22,0
2026-08-12 10:57:20;DESKTOP-22AN8KV;14,6;78,2;9,16;90,2;17,0;5,0
2026-08-12 10:57:31;DESKTOP-22AN8KV;8,9;78,1;9,15;90,2;22,0;3,0
2026-08-12 10:57:43;DESKTOP-22AN8KV;8,1;77,9;9,13;90,2;40,0;5,0
2026-08-12 10:57:54;DESKTOP-22AN8KV;13,2;78,4;9,18;90,2;53,0;11,0
2026-08-12 10:58:06;DESKTOP-22AN8KV;9,2;78,5;9,19;90,2;26,0;3,0
2026-08-12 10:58:17;DESKTOP-22AN8KV;11,4;78,6;9,2;90,2;44,0;12,0
2026-08-12 10:58:29;DESKTOP-22AN8KV;11,2;78,2;9,16;90,2;36,0;4,0
2026-08-12 10:58:40;DESKTOP-22AN8KV;10,3;78,1;9,15;90,2;51,0;5,0
2026-08-12 10:58:52;DESKTOP-22AN8KV;11,2;78,1;9,15;90,2;35,0;3,0
2026-08-12 10:59:03;DESKTOP-22AN8KV;12,6;77,8;9,11;90,2;209,0;7,0
2026-08-12 10:59:15;DESKTOP-22AN8KV;14,0;76,7;8,99;90,2;70,0;7,0
2026-08-12 10:59:26;DESKTOP-22AN8KV;11,6;76,6;8,98;90,2;18,0;2,0
2026-08-12 10:59:38;DESKTOP-22AN8KV;11,3;76,6;8,97;90,2;26,0;8,0
2026-08-12 10:59:50;DESKTOP-22AN8KV;11,1;76,5;8,96;90,2;21,0;2,0
2026-08-12 11:00:01;DESKTOP-22AN8KV;13,6;77,1;9,03;90,2;56,0;24,0
2026-08-12 11:00:13;DESKTOP-22AN8KV;11,1;77,3;9,06;90,2;40,0;15,0
2026-08-12 11:00:24;DESKTOP-22AN8KV;11,3;77,3;9,05;90,2;21,0;2,0
2026-08-12 11:00:36;DESKTOP-22AN8KV;10,9;76,6;8,97;90,2;34,0;11,0
2026-08-12 11:00:47;DESKTOP-22AN8KV;9,4;76,8;9,0;90,2;24,0;4,0
2026-08-12 11:00:59;DESKTOP-22AN8KV;10,6;76,6;8,98;90,2;36,0;7,0
2026-08-12 11:01:10;DESKTOP-22AN8KV;12,3;76,8;9,0;90,2;33,0;11,0
2026-08-12 11:01:22;DESKTOP-22AN8KV;6,4;76,8;8,99;90,2;44,0;6,0
2026-08-12 11:01:33;DESKTOP-22AN8KV;12,9;76,7;8,98;90,2;27,0;3,0
2026-08-12 11:01:45;DESKTOP-22AN8KV;12,9;76,1;8,92;90,2;21,0;4,0
2026-08-12 11:01:56;DESKTOP-22AN8KV;17,3;78,1;9,15;90,2;48,0;28,0
2026-08-12 11:02:08;DESKTOP-22AN8KV;24,3;78,1;9,15;90,2;53,0;23,0
2026-08-12 11:02:19;DESKTOP-22AN8KV;24,9;78,0;9,14;90,2;27,0;3,0
2026-08-12 11:02:31;DESKTOP-22AN8KV;22,0;78,1;9,15;90,2;40,0;13,0
2026-08-12 11:02:43;DESKTOP-22AN8KV;12,4;77,6;9,09;90,2;28,0;5,0
2026-08-12 11:02:54;DESKTOP-22AN8KV;13,8;78,1;9,15;90,2;37,0;8,0
2026-08-12 11:03:06;DESKTOP-22AN8KV;10,5;78,2;9,16;90,2;48,0;11,0
2026-08-12 11:03:17;DESKTOP-22AN8KV;19,0;78,9;9,24;90,2;43,0;5,0
2026-08-12 11:03:29;DESKTOP-22AN8KV;25,0;78,8;9,23;90,2;33,0;9,0
2026-08-12 11:03:40;DESKTOP-22AN8KV;24,4;78,7;9,22;90,2;21,0;7,0
2026-08-12 11:03:52;DESKTOP-22AN8KV;27,6;78,7;9,22;90,2;31,0;9,0
2026-08-12 11:04:03;DESKTOP-22AN8KV;22,7;79,0;9,25;90,2;25,0;6,0
2026-08-12 11:04:15;DESKTOP-22AN8KV;12,0;78,2;9,17;90,2;34,0;7,0
2026-08-12 11:04:26;DESKTOP-22AN8KV;13,6;78,3;9,18;90,2;30,0;4,0
2026-08-12 11:04:38;DESKTOP-22AN8KV;16,3;78,9;9,24;90,2;76,0;38,0
2026-08-12 11:04:50;DESKTOP-22AN8KV;11,4;78,8;9,23;90,2;56,0;6,0
2026-08-12 11:05:01;DESKTOP-22AN8KV;17,8;79,7;9,33;90,2;59,0;25,0
2026-08-12 11:05:13;DESKTOP-22AN8KV;12,6;80,2;9,4;90,2;58,0;15,0
2026-08-12 11:05:24;DESKTOP-22AN8KV;23,1;80,5;9,43;90,2;26,0;3,0
2026-08-12 11:05:36;DESKTOP-22AN8KV;31,5;79,8;9,34;90,2;35,0;5,0
2026-08-12 11:05:47;DESKTOP-22AN8KV;32,2;79,9;9,36;90,2;43,0;11,0
2026-08-12 11:05:59;DESKTOP-22AN8KV;29,4;79,7;9,33;90,2;50,0;13,0
2026-08-12 11:06:10;DESKTOP-22AN8KV;11,6;79,2;9,27;90,2;38,0;12,0
2026-08-12 11:06:22;DESKTOP-22AN8KV;12,3;79,6;9,32;90,2;53,0;11,0
2026-08-12 11:06:33;DESKTOP-22AN8KV;27,7;81,2;9,51;90,2;414,0;30,0
2026-08-12 11:06:45;DESKTOP-22AN8KV;14,9;82,1;9,62;90,2;137,0;13,0
2026-08-12 11:06:57;DESKTOP-22AN8KV;13,6;81,4;9,54;90,2;62,0;8,0
2026-08-12 11:07:08;DESKTOP-22AN8KV;16,3;80,1;9,38;90,2;60,0;5,0
2026-08-12 11:07:20;DESKTOP-22AN8KV;12,3;79,8;9,35;90,2;68,0;3,0
2026-08-12 11:07:31;DESKTOP-22AN8KV;8,0;79,7;9,33;90,2;38,0;2,0
2026-08-12 11:07:43;DESKTOP-22AN8KV;15,5;80,6;9,44;90,2;52,0;12,0
2026-08-12 11:07:54;DESKTOP-22AN8KV;32,0;80,9;9,47;90,2;94,0;18,0
2026-08-12 11:08:06;DESKTOP-22AN8KV;27,1;81,4;9,54;90,2;40,0;4,0
2026-08-12 11:08:17;DESKTOP-22AN8KV;24,9;81,4;9,53;90,2;40,0;6,0
2026-08-12 11:08:29;DESKTOP-22AN8KV;22,9;81,2;9,52;90,2;30,0;11,0
2026-08-12 11:08:40;DESKTOP-22AN8KV;30,1;80,7;9,45;90,2;26,0;7,0
2026-08-12 11:08:52;DESKTOP-22AN8KV;26,4;80,0;9,37;90,2;22,0;7,0
2026-08-12 11:09:04;DESKTOP-22AN8KV;23,3;80,0;9,37;90,2;45,0;11,0
2026-08-12 11:09:15;DESKTOP-22AN8KV;26,0;79,9;9,36;90,2;46,0;9,0
2026-08-12 11:09:27;DESKTOP-22AN8KV;27,4;80,3;9,41;90,2;28,0;5,0
2026-08-12 11:09:38;DESKTOP-22AN8KV;25,1;80,3;9,41;90,2;50,0;20,0
2026-08-12 11:09:50;DESKTOP-22AN8KV;24,3;80,4;9,41;90,2;23,0;4,0
2026-08-12 11:10:01;DESKTOP-22AN8KV;30,1;80,6;9,44;90,2;45,0;71,0
2026-08-12 11:10:13;DESKTOP-22AN8KV;26,6;80,5;9,43;90,2;59,0;31,0
2026-08-12 11:10:24;DESKTOP-22AN8KV;26,7;80,2;9,39;90,2;30,0;3,0
2026-08-12 11:10:36;DESKTOP-22AN8KV;25,7;80,0;9,37;90,2;29,0;12,0
2026-08-12 11:10:48;DESKTOP-22AN8KV;24,0;79,9;9,36;90,2;22,0;5,0
2026-08-12 11:10:59;DESKTOP-22AN8KV;25,6;80,5;9,43;90,2;24,0;3,0
2026-08-12 11:11:11;DESKTOP-22AN8KV;23,6;80,4;9,42;90,2;27,0;15,0
2026-08-12 11:11:22;DESKTOP-22AN8KV;26,3;80,7;9,45;90,2;75,0;13,0
2026-08-12 11:11:34;DESKTOP-22AN8KV;31,7;83,9;9,83;90,2;339,0;57,0
2026-08-12 11:11:45;DESKTOP-22AN8KV;26,4;83,8;9,82;90,2;49,0;438,0
2026-08-12 11:11:57;DESKTOP-22AN8KV;26,6;83,5;9,78;90,2;55,0;17,0
2026-08-12 11:12:08;DESKTOP-22AN8KV;35,3;84,5;9,9;90,2;55,0;24,0
2026-08-12 11:12:20;DESKTOP-22AN8KV;31,9;84,1;9,85;90,2;36,0;6,0
2026-08-12 11:12:32;DESKTOP-22AN8KV;30,1;84,3;9,88;90,2;122,0;66,0
2026-08-12 11:12:43;DESKTOP-22AN8KV;27,3;84,0;9,84;90,2;45,0;6,0
2026-08-12 11:12:55;DESKTOP-22AN8KV;26,0;84,3;9,88;90,2;49,0;12,0
2026-08-12 11:13:06;DESKTOP-22AN8KV;25,9;84,7;9,92;90,2;49,0;6,0
2026-08-12 11:13:18;DESKTOP-22AN8KV;28,8;85,1;9,97;90,2;38,0;6,0
2026-08-12 11:13:29;DESKTOP-22AN8KV;19,0;85,3;9,99;90,2;43,0;26,0
2026-08-12 11:13:41;DESKTOP-22AN8KV;11,4;84,3;9,87;90,2;30,0;5,0
2026-08-12 11:13:52;DESKTOP-22AN8KV;12,3;83,9;9,83;90,2;32,0;12,0
2026-08-12 11:14:04;DESKTOP-22AN8KV;12,5;84,3;9,87;90,2;27,0;8,0
2026-08-12 11:14:15;DESKTOP-22AN8KV;12,1;83,7;9,81;90,2;24,0;6,0
2026-08-12 11:14:27;DESKTOP-22AN8KV;11,7;83,7;9,8;90,2;40,0;21,0
2026-08-12 11:14:38;DESKTOP-22AN8KV;10,0;83,7;9,8;90,2;65,0;10,0
2026-08-12 11:14:50;DESKTOP-22AN8KV;11,4;83,6;9,8;90,2;32,0;6,0
2026-08-12 11:15:02;DESKTOP-22AN8KV;10,3;84,5;9,9;90,2;33,0;21,0
2026-08-12 11:15:13;DESKTOP-22AN8KV;10,1;84,5;9,9;90,2;49,0;24,0
2026-08-12 11:15:25;DESKTOP-22AN8KV;9,3;84,3;9,87;90,2;36,0;6,0
2026-08-12 11:15:36;DESKTOP-22AN8KV;7,9;83,8;9,82;90,2;42,0;14,0
2026-08-12 11:15:48;DESKTOP-22AN8KV;10,1;82,8;9,7;90,2;23,0;5,0
2026-08-12 11:15:59;DESKTOP-22AN8KV;10,6;83,2;9,74;90,2;43,0;12,0
2026-08-12 11:16:11;DESKTOP-22AN8KV;8,6;83,6;9,79;90,2;50,0;20,0
2026-08-12 11:16:22;DESKTOP-22AN8KV;9,3;83,2;9,75;90,2;31,0;4,0
2026-08-12 11:16:34;DESKTOP-22AN8KV;10,5;83,2;9,75;90,2;33,0;9,0
2026-08-12 11:16:45;DESKTOP-22AN8KV;8,8;83,0;9,73;90,2;39,0;5,0
2026-08-12 11:16:57;DESKTOP-22AN8KV;8,4;82,9;9,71;90,2;33,0;7,0
2026-08-12 11:17:08;DESKTOP-22AN8KV;10,5;82,8;9,7;90,2;23,0;12,0
2026-08-12 11:17:20;DESKTOP-22AN8KV;10,1;82,9;9,71;90,2;49,0;18,0
2026-08-12 11:17:32;DESKTOP-22AN8KV;8,0;82,9;9,71;90,2;45,0;16,0
2026-08-12 11:17:43;DESKTOP-22AN8KV;7,8;82,8;9,7;90,2;38,0;4,0
2026-08-12 11:17:55;DESKTOP-22AN8KV;8,8;82,7;9,69;90,2;40,0;10,0
2026-08-12 11:18:06;DESKTOP-22AN8KV;9,9;82,8;9,7;90,2;30,0;5,0
2026-08-12 11:18:18;DESKTOP-22AN8KV;9,2;82,7;9,69;90,2;27,0;8,0
2026-08-12 11:18:29;DESKTOP-22AN8KV;7,7;82,7;9,69;90,2;17,0;6,0
2026-08-12 11:18:41;DESKTOP-22AN8KV;7,8;82,6;9,68;90,2;26,0;2,0
2026-08-12 11:18:52;DESKTOP-22AN8KV;9,6;82,6;9,68;90,2;24,0;2,0
2026-08-12 11:19:04;DESKTOP-22AN8KV;8,3;82,3;9,64;90,2;21,0;3,0
2026-08-12 11:19:15;DESKTOP-22AN8KV;10,4;82,8;9,71;90,2;74,0;25,0
2026-08-12 11:19:27;DESKTOP-22AN8KV;9,7;82,8;9,7;90,2;19,0;6,0
2026-08-12 11:19:38;DESKTOP-22AN8KV;7,4;82,7;9,69;90,2;23,0;4,0
2026-08-12 11:19:50;DESKTOP-22AN8KV;9,1;82,7;9,68;90,2;16,0;3,0
2026-08-12 11:20:01;DESKTOP-22AN8KV;11,8;83,5;9,78;90,2;45,0;22,0
2026-08-12 11:20:13;DESKTOP-22AN8KV;8,1;83,2;9,75;90,2;32,0;16,0
2026-08-12 11:20:25;DESKTOP-22AN8KV;13,8;83,4;9,77;90,2;41,0;11,0
2026-08-12 11:20:36;DESKTOP-22AN8KV;8,2;82,6;9,68;90,2;17,0;4,0
2026-08-12 11:20:48;DESKTOP-22AN8KV;5,8;82,5;9,66;90,2;12,0;2,0
2026-08-12 11:20:59;DESKTOP-22AN8KV;9,7;82,3;9,64;90,2;35,0;4,0
2026-08-12 11:21:11;DESKTOP-22AN8KV;10,1;83,0;9,73;90,2;44,0;11,0
2026-08-12 11:21:22;DESKTOP-22AN8KV;10,4;79,6;9,32;90,2;208,0;3,0
2026-08-12 11:21:34;DESKTOP-22AN8KV;9,8;79,7;9,34;90,2;55,0;4,0
2026-08-12 11:21:45;DESKTOP-22AN8KV;6,7;79,7;9,34;90,2;31,0;10,0
2026-08-12 11:21:57;DESKTOP-22AN8KV;9,0;79,6;9,32;90,2;28,0;8,0
2026-08-12 11:22:08;DESKTOP-22AN8KV;10,7;80,0;9,37;90,2;27,0;3,0
2026-08-12 11:22:20;DESKTOP-22AN8KV;8,8;80,4;9,42;90,2;57,0;5,0
2026-08-12 11:22:31;DESKTOP-22AN8KV;11,2;80,4;9,42;90,2;70,0;10,0
2026-08-12 11:22:43;DESKTOP-22AN8KV;11,8;82,8;9,7;90,2;17,0;4,0
2026-08-12 11:22:55;DESKTOP-22AN8KV;31,2;82,8;9,7;90,2;51,0;19,0
2026-08-12 11:23:06;DESKTOP-22AN8KV;30,7;82,3;9,64;90,2;31,0;4,0
2026-08-12 11:23:18;DESKTOP-22AN8KV;28,8;82,6;9,68;90,2;51,0;16,0
2026-08-12 11:23:29;DESKTOP-22AN8KV;16,7;82,5;9,67;90,2;32,0;7,0
2026-08-12 11:23:41;DESKTOP-22AN8KV;9,7;82,5;9,66;90,2;19,0;5,0
2026-08-12 11:23:52;DESKTOP-22AN8KV;22,5;83,5;9,79;90,2;29,0;4,0
2026-08-12 11:24:04;DESKTOP-22AN8KV;16,3;82,6;9,67;90,2;33,0;12,0
2026-08-12 11:24:15;DESKTOP-22AN8KV;11,9;82,5;9,66;90,2;30,0;4,0
2026-08-12 11:24:27;DESKTOP-22AN8KV;10,3;82,5;9,66;90,2;18,0;7,0
2026-08-12 11:24:38;DESKTOP-22AN8KV;7,7;82,4;9,66;90,2;19,0;5,0
2026-08-12 11:24:50;DESKTOP-22AN8KV;9,5;82,5;9,66;90,2;28,0;4,0
2026-08-12 11:25:01;DESKTOP-22AN8KV;11,0;83,4;9,77;90,2;53,0;19,0
2026-08-12 11:25:13;DESKTOP-22AN8KV;26,4;84,3;9,88;90,2;35,0;10,0
2026-08-12 11:25:25;DESKTOP-22AN8KV;27,9;84,3;9,88;90,2;79,0;26,0
2026-08-12 11:25:36;DESKTOP-22AN8KV;33,3;83,1;9,73;90,2;22,0;6,0
2026-08-12 11:25:48;DESKTOP-22AN8KV;27,4;83,1;9,73;90,2;28,0;4,0
2026-08-12 11:25:59;DESKTOP-22AN8KV;32,0;83,1;9,73;90,2;51,0;17,0
2026-08-12 11:26:11;DESKTOP-22AN8KV;28,4;83,7;9,81;90,2;45,0;17,0
2026-08-12 11:26:22;DESKTOP-22AN8KV;26,3;83,6;9,8;90,2;23,0;9,0
2026-08-12 11:26:34;DESKTOP-22AN8KV;30,2;83,7;9,8;90,2;41,0;9,0
2026-08-12 11:26:46;DESKTOP-22AN8KV;23,2;83,7;9,8;90,2;47,0;4,0
2026-08-12 11:26:57;DESKTOP-22AN8KV;28,3;83,7;9,81;90,2;37,0;5,0
2026-08-12 11:27:09;DESKTOP-22AN8KV;28,7;84,3;9,88;90,2;37,0;18,0
2026-08-12 11:27:20;DESKTOP-22AN8KV;29,7;84,4;9,89;90,2;119,0;13,0
2026-08-12 11:27:32;DESKTOP-22AN8KV;30,1;84,4;9,89;90,2;211,0;5,0
2026-08-12 11:27:43;DESKTOP-22AN8KV;12,4;83,2;9,74;90,2;29,0;7,0
2026-08-12 11:27:55;DESKTOP-22AN8KV;10,3;83,4;9,78;90,2;30,0;6,0
2026-08-12 11:28:06;DESKTOP-22AN8KV;21,2;85,7;10,04;90,2;70,0;44,0
2026-08-12 11:28:18;DESKTOP-22AN8KV;18,4;86,8;10,17;90,2;595,0;59,0
2026-08-12 11:28:29;DESKTOP-22AN8KV;19,8;86,8;10,17;90,2;61,0;16,0
2026-08-12 11:28:41;DESKTOP-22AN8KV;27,8;85,5;10,01;90,2;35,0;16,0
2026-08-12 11:28:53;DESKTOP-22AN8KV;23,4;85,2;9,98;90,2;25,0;3,0
2026-08-12 11:29:04;DESKTOP-22AN8KV;28,1;84,7;9,93;90,2;35,0;21,0
2026-08-12 11:29:16;DESKTOP-22AN8KV;30,7;84,5;9,9;90,2;61,0;14,0
2026-08-12 11:29:27;DESKTOP-22AN8KV;27,2;84,0;9,84;90,2;23,0;6,0
2026-08-12 11:29:39;DESKTOP-22AN8KV;23,6;84,7;9,93;90,2;266,0;18,0
2026-08-12 11:29:50;DESKTOP-22AN8KV;17,2;83,6;9,79;90,2;41,0;19,0
2026-08-12 11:30:02;DESKTOP-22AN8KV;17,9;82,6;9,68;90,2;36,0;18,0
2026-08-12 11:30:13;DESKTOP-22AN8KV;27,6;82,3;9,64;90,2;80,0;34,0
2026-08-12 11:30:25;DESKTOP-22AN8KV;24,4;82,2;9,63;90,2;39,0;4,0
2026-08-12 11:30:36;DESKTOP-22AN8KV;25,3;81,8;9,59;90,2;34,0;12,0
2026-08-12 11:30:48;DESKTOP-22AN8KV;26,4;81,6;9,56;90,2;24,0;7,0
2026-08-12 11:31:00;DESKTOP-22AN8KV;25,7;81,8;9,58;90,2;35,0;5,0
2026-08-12 11:31:11;DESKTOP-22AN8KV;26,8;81,6;9,56;90,2;53,0;17,0
2026-08-12 11:31:23;DESKTOP-22AN8KV;30,2;81,5;9,54;90,2;72,0;27,0
2026-08-12 11:31:34;DESKTOP-22AN8KV;24,8;81,5;9,55;90,2;49,0;6,0
2026-08-12 11:31:46;DESKTOP-22AN8KV;24,0;81,5;9,54;90,2;33,0;5,0
2026-08-12 11:31:57;DESKTOP-22AN8KV;19,9;81,5;9,55;90,2;35,0;5,0
2026-08-12 11:32:09;DESKTOP-22AN8KV;18,7;81,5;9,55;90,2;35,0;9,0
2026-08-12 11:32:20;DESKTOP-22AN8KV;27,8;81,7;9,57;90,2;43,0;11,0
2026-08-12 11:32:32;DESKTOP-22AN8KV;29,5;81,5;9,54;90,2;38,0;8,0
2026-08-12 11:32:44;DESKTOP-22AN8KV;26,7;81,6;9,55;90,2;41,0;18,0
2026-08-12 11:32:55;DESKTOP-22AN8KV;27,8;83,2;9,75;90,2;54,0;23,0
2026-08-12 11:33:07;DESKTOP-22AN8KV;27,9;82,2;9,63;90,2;38,0;13,0
2026-08-12 11:33:18;DESKTOP-22AN8KV;29,2;82,4;9,65;90,2;43,0;9,0
2026-08-12 11:33:30;DESKTOP-22AN8KV;30,9;82,2;9,63;90,2;51,0;15,0
2026-08-12 11:33:41;DESKTOP-22AN8KV;17,9;80,8;9,46;90,2;31,0;5,0
2026-08-12 11:33:53;DESKTOP-22AN8KV;12,4;80,7;9,45;90,2;26,0;3,0
2026-08-12 11:34:04;DESKTOP-22AN8KV;25,4;82,0;9,61;90,2;34,0;10,0
2026-08-12 11:34:16;DESKTOP-22AN8KV;34,4;81,0;9,49;90,2;45,0;13,0
2026-08-12 11:34:27;DESKTOP-22AN8KV;28,3;80,8;9,46;90,2;32,0;6,0
2026-08-12 11:34:39;DESKTOP-22AN8KV;25,0;80,9;9,47;90,2;122,0;5,0
2026-08-12 11:34:51;DESKTOP-22AN8KV;25,3;80,7;9,46;90,2;174,0;3,0
2026-08-12 11:35:02;DESKTOP-22AN8KV;26,0;81,7;9,57;90,2;53,0;22,0
2026-08-12 11:35:14;DESKTOP-22AN8KV;27,7;81,5;9,55;90,2;40,0;9,0
2026-08-12 11:35:25;DESKTOP-22AN8KV;31,5;81,8;9,58;90,2;349,0;13,0
2026-08-12 11:35:37;DESKTOP-22AN8KV;32,3;82,6;9,68;90,2;633,0;39,0
2026-08-12 11:35:48;DESKTOP-22AN8KV;27,5;82,1;9,62;90,2;40,0;4,0
2026-08-12 11:36:00;DESKTOP-22AN8KV;23,7;82,2;9,63;90,2;38,0;5,0
2026-08-12 11:36:11;DESKTOP-22AN8KV;24,3;81,3;9,52;90,2;64,0;18,0
2026-08-12 11:36:23;DESKTOP-22AN8KV;26,2;81,4;9,53;90,2;49,0;3,0
2026-08-12 11:36:35;DESKTOP-22AN8KV;22,9;81,4;9,53;90,2;73,0;15,0
2026-08-12 11:36:46;DESKTOP-22AN8KV;23,7;81,3;9,53;90,2;46,0;5,0
2026-08-12 11:36:58;DESKTOP-22AN8KV;27,1;81,4;9,53;90,2;51,0;12,0
2026-08-12 11:37:09;DESKTOP-22AN8KV;26,2;81,3;9,52;90,2;35,0;10,0
2026-08-12 11:37:21;DESKTOP-22AN8KV;27,5;81,6;9,56;90,2;36,0;5,0
2026-08-12 11:37:32;DESKTOP-22AN8KV;22,8;81,4;9,54;90,2;43,0;5,0
2026-08-12 11:37:44;DESKTOP-22AN8KV;25,1;81,5;9,54;90,2;48,0;8,0
2026-08-12 11:37:55;DESKTOP-22AN8KV;27,1;81,6;9,55;90,2;40,0;3,0
2026-08-12 11:38:07;DESKTOP-22AN8KV;22,8;81,5;9,55;90,2;53,0;19,0
2026-08-12 11:38:19;DESKTOP-22AN8KV;11,2;80,6;9,44;90,2;216,0;15,0
2026-08-12 11:38:30;DESKTOP-22AN8KV;14,0;81,4;9,53;90,2;198,0;20,0
2026-08-12 11:38:42;DESKTOP-22AN8KV;17,2;82,1;9,61;90,2;37,0;11,0
2026-08-12 11:38:53;DESKTOP-22AN8KV;21,5;82,5;9,66;90,2;36,0;10,0
2026-08-12 11:39:05;DESKTOP-22AN8KV;30,0;81,5;9,55;90,2;87,0;23,0
2026-08-12 11:39:16;DESKTOP-22AN8KV;29,5;80,6;9,45;90,2;49,0;16,0
2026-08-12 11:39:28;DESKTOP-22AN8KV;16,0;79,8;9,35;90,2;37,0;8,0
2026-08-12 11:39:39;DESKTOP-22AN8KV;8,0;79,8;9,35;90,2;33,0;3,0
2026-08-12 11:39:51;DESKTOP-22AN8KV;9,0;79,9;9,36;90,2;53,0;24,0
2026-08-12 11:40:02;DESKTOP-22AN8KV;11,9;80,8;9,46;90,2;97,0;94,0
2026-08-12 11:40:14;DESKTOP-22AN8KV;10,5;80,7;9,46;90,2;37,0;9,0
2026-08-12 11:40:25;DESKTOP-22AN8KV;8,5;80,7;9,45;90,2;25,0;8,0
2026-08-12 11:40:37;DESKTOP-22AN8KV;8,7;79,9;9,36;90,2;32,0;5,0
2026-08-12 11:40:49;DESKTOP-22AN8KV;7,9;79,9;9,36;90,2;28,0;3,0
2026-08-12 11:41:00;DESKTOP-22AN8KV;7,5;79,5;9,31;90,2;37,0;10,0
2026-08-12 11:41:12;DESKTOP-22AN8KV;10,5;79,8;9,35;90,2;31,0;8,0
2026-08-12 11:41:23;DESKTOP-22AN8KV;29,1;81,1;9,5;90,2;53,0;11,0
2026-08-12 11:41:35;DESKTOP-22AN8KV;17,0;80,0;9,37;90,2;20,0;5,0
2026-08-12 11:41:46;DESKTOP-22AN8KV;12,2;80,1;9,38;90,2;44,0;9,0
2026-08-12 11:41:58;DESKTOP-22AN8KV;14,6;80,0;9,37;90,2;28,0;7,0
2026-08-12 11:42:09;DESKTOP-22AN8KV;9,9;80,0;9,37;90,2;54,0;3,0
2026-08-12 11:42:21;DESKTOP-22AN8KV;9,6;80,1;9,38;90,2;27,0;6,0
2026-08-12 11:42:32;DESKTOP-22AN8KV;10,8;80,1;9,38;90,2;344,0;15,0
2026-08-12 11:42:44;DESKTOP-22AN8KV;7,1;79,9;9,36;90,2;40,0;12,0
2026-08-12 11:42:55;DESKTOP-22AN8KV;8,0;80,1;9,38;90,2;36,0;2,0
2026-08-12 11:43:07;DESKTOP-22AN8KV;15,9;81,0;9,49;90,2;33,0;4,0
2026-08-12 11:43:18;DESKTOP-22AN8KV;7,1;80,9;9,47;90,2;127,0;6,0
2026-08-12 11:43:30;DESKTOP-22AN8KV;9,7;81,0;9,48;90,2;38,0;12,0
2026-08-12 11:43:42;DESKTOP-22AN8KV;9,0;80,5;9,43;90,2;44,0;9,0
2026-08-12 11:43:53;DESKTOP-22AN8KV;8,1;80,5;9,43;90,2;164,0;12,0
2026-08-12 11:44:05;DESKTOP-22AN8KV;34,5;83,7;9,81;90,2;107,0;29,0
2026-08-12 11:44:16;DESKTOP-22AN8KV;34,3;82,4;9,65;90,2;82,0;13,0
2026-08-12 11:44:28;DESKTOP-22AN8KV;28,5;80,8;9,47;90,2;33,0;6,0
2026-08-12 11:44:39;DESKTOP-22AN8KV;27,7;80,6;9,44;90,2;1455,0;232,0
2026-08-12 11:44:51;DESKTOP-22AN8KV;15,9;78,5;9,19;90,2;78,0;24,0
2026-08-12 11:45:02;DESKTOP-22AN8KV;28,4;78,7;9,22;90,2;120,0;48,0
2026-08-12 11:45:14;DESKTOP-22AN8KV;20,5;79,6;9,32;90,2;1419,0;210,0
2026-08-12 11:45:25;DESKTOP-22AN8KV;9,8;79,1;9,26;90,2;42,0;8,0
2026-08-12 11:45:37;DESKTOP-22AN8KV;22,9;78,5;9,2;90,2;80,0;36,0
2026-08-12 11:45:49;DESKTOP-22AN8KV;31,1;78,2;9,16;90,2;40,0;6,0
2026-08-12 11:46:00;DESKTOP-22AN8KV;24,0;79,4;9,3;90,2;55,0;17,0
2026-08-12 11:46:12;DESKTOP-22AN8KV;30,7;78,9;9,24;90,2;104,0;18,0
2026-08-12 11:46:23;DESKTOP-22AN8KV;26,0;78,2;9,16;90,2;49,0;9,0
2026-08-12 11:46:35;DESKTOP-22AN8KV;26,7;78,0;9,13;90,2;23,0;7,0
2026-08-12 11:46:46;DESKTOP-22AN8KV;30,5;79,6;9,33;90,2;34,0;10,0
2026-08-12 11:46:58;DESKTOP-22AN8KV;23,5;81,3;9,52;90,2;95,0;27,0
2026-08-12 11:47:09;DESKTOP-22AN8KV;18,4;80,0;9,37;90,2;55,0;20,0
2026-08-12 11:47:21;DESKTOP-22AN8KV;14,7;80,0;9,37;90,2;40,0;18,0
2026-08-12 11:47:32;DESKTOP-22AN8KV;22,0;81,4;9,53;90,2;17,0;12,0
2026-08-12 11:47:44;DESKTOP-22AN8KV;27,7;81,4;9,54;90,2;43,0;23,0
2026-08-12 11:47:56;DESKTOP-22AN8KV;30,7;80,3;9,4;90,2;195,0;17,0
2026-08-12 11:48:07;DESKTOP-22AN8KV;31,6;80,6;9,44;90,2;47,0;15,0
2026-08-12 11:48:19;DESKTOP-22AN8KV;11,2;78,8;9,23;90,2;24,0;9,0
2026-08-12 11:48:30;DESKTOP-22AN8KV;25,0;79,8;9,35;90,2;18,0;6,0
2026-08-12 11:48:42;DESKTOP-22AN8KV;26,8;80,3;9,4;90,2;35,0;11,0
2026-08-12 11:48:53;DESKTOP-22AN8KV;36,6;83,5;9,78;90,2;53,0;24,0
2026-08-12 11:49:05;DESKTOP-22AN8KV;59,0;82,4;9,66;90,2;3384,0;72,0
2026-08-12 11:49:16;DESKTOP-22AN8KV;39,7;82,1;9,62;90,2;28,0;5,0
2026-08-12 11:49:28;DESKTOP-22AN8KV;34,6;81,9;9,59;90,2;45,0;6,0
2026-08-12 11:49:40;DESKTOP-22AN8KV;26,0;85,3;9,99;90,2;319,0;61,0
2026-08-12 11:49:51;DESKTOP-22AN8KV;13,5;82,2;9,63;90,2;68,0;25,0
2026-08-12 11:50:03;DESKTOP-22AN8KV;15,5;82,1;9,62;90,2;119,0;45,0
2026-08-12 11:50:14;DESKTOP-22AN8KV;20,5;84,0;9,84;90,2;548,0;170,0
2026-08-12 11:50:26;DESKTOP-22AN8KV;12,4;82,9;9,71;90,2;60,0;26,0
2026-08-12 11:50:37;DESKTOP-22AN8KV;22,3;85,4;10,01;90,2;521,0;137,0
2026-08-12 11:50:49;DESKTOP-22AN8KV;15,0;84,0;9,84;90,2;117,0;70,0
2026-08-12 11:51:00;DESKTOP-22AN8KV;21,7;85,6;10,03;90,2;706,0;105,0
2026-08-12 11:51:12;DESKTOP-22AN8KV;10,8;84,5;9,9;90,2;61,0;24,0
2026-08-12 11:51:23;DESKTOP-22AN8KV;8,8;84,0;9,84;90,2;29,0;3,0
2026-08-12 11:51:35;DESKTOP-22AN8KV;7,2;83,6;9,8;90,2;21,0;3,0
2026-08-12 11:51:46;DESKTOP-22AN8KV;5,7;83,4;9,77;90,2;16,0;2,0
2026-08-12 11:51:58;DESKTOP-22AN8KV;24,3;86,5;10,14;90,2;2665,0;85,0
2026-08-12 11:52:10;DESKTOP-22AN8KV;17,0;84,1;9,85;90,2;104,0;39,0
2026-08-12 11:52:21;DESKTOP-22AN8KV;27,8;84,5;9,9;90,2;38,0;6,0
2026-08-12 11:52:33;DESKTOP-22AN8KV;26,4;83,9;9,82;90,2;77,0;25,0
2026-08-12 11:52:44;DESKTOP-22AN8KV;22,8;83,1;9,73;90,2;66,0;16,0
2026-08-12 11:52:56;DESKTOP-22AN8KV;24,9;82,7;9,69;90,2;59,0;17,0
2026-08-12 11:53:07;DESKTOP-22AN8KV;26,3;82,8;9,7;90,2;35,0;6,0
2026-08-12 11:53:19;DESKTOP-22AN8KV;23,1;85,4;10,01;90,2;578,0;141,0
2026-08-12 11:53:30;DESKTOP-22AN8KV;22,6;86,2;10,1;90,2;397,0;104,0
2026-08-12 11:53:42;DESKTOP-22AN8KV;11,6;85,5;10,02;90,2;51,0;20,0
2026-08-12 11:53:53;DESKTOP-22AN8KV;15,9;85,9;10,06;90,2;37,0;9,0
2026-08-12 11:54:05;DESKTOP-22AN8KV;17,9;86,6;10,14;90,2;94,0;63,0
2026-08-12 11:54:16;DESKTOP-22AN8KV;12,6;87,2;10,22;90,2;50,0;15,0
2026-08-12 11:54:28;DESKTOP-22AN8KV;13,1;87,1;10,21;90,2;46,0;5,0
2026-08-12 11:54:40;DESKTOP-22AN8KV;12,1;86,8;10,17;90,2;133,0;32,0
2026-08-12 11:54:51;DESKTOP-22AN8KV;9,1;86,9;10,18;90,2;39,0;6,0
2026-08-12 11:55:03;DESKTOP-22AN8KV;12,0;87,2;10,22;90,2;58,0;29,0
2026-08-12 11:55:14;DESKTOP-22AN8KV;8,1;87,1;10,2;90,2;28,0;4,0
2026-08-12 11:55:26;DESKTOP-22AN8KV;6,6;87,0;10,19;90,2;27,0;2,0
2026-08-12 11:55:37;DESKTOP-22AN8KV;10,7;86,3;10,11;90,2;191,0;34,0
2026-08-12 11:55:49;DESKTOP-22AN8KV;9,0;86,4;10,13;90,2;28,0;2,0
2026-08-12 11:56:00;DESKTOP-22AN8KV;8,0;86,9;10,18;90,2;32,0;9,0
2026-08-12 11:56:12;DESKTOP-22AN8KV;17,6;87,3;10,23;90,2;52,0;17,0
2026-08-12 11:56:23;DESKTOP-22AN8KV;10,2;87,1;10,2;90,2;76,0;25,0
2026-08-12 11:56:35;DESKTOP-22AN8KV;10,9;86,6;10,14;90,2;36,0;6,0
2026-08-12 11:56:46;DESKTOP-22AN8KV;14,0;86,9;10,18;90,2;34,0;10,0
2026-08-12 11:56:58;DESKTOP-22AN8KV;11,4;87,2;10,22;90,2;23,0;8,0
2026-08-12 11:57:09;DESKTOP-22AN8KV;9,2;86,5;10,14;90,2;21,0;3,0
2026-08-12 11:57:21;DESKTOP-22AN8KV;16,4;87,7;10,27;90,2;41,0;5,0
2026-08-12 11:57:33;DESKTOP-22AN8KV;9,7;87,7;10,27;90,2;29,0;4,0
2026-08-12 11:57:44;DESKTOP-22AN8KV;13,6;88,4;10,36;90,2;61,0;13,0
2026-08-12 11:57:56;DESKTOP-22AN8KV;9,3;88,0;10,31;90,2;48,0;13,0
2026-08-12 11:58:07;DESKTOP-22AN8KV;8,5;88,6;10,38;90,2;17,0;5,0
2026-08-12 11:58:19;DESKTOP-22AN8KV;11,6;88,5;10,37;90,2;28,0;3,0
2026-08-12 11:58:30;DESKTOP-22AN8KV;10,4;88,4;10,36;90,2;29,0;8,0
2026-08-12 11:58:42;DESKTOP-22AN8KV;15,7;88,9;10,41;90,2;34,0;6,0
2026-08-12 11:58:53;DESKTOP-22AN8KV;14,4;88,3;10,35;90,2;46,0;15,0
2026-08-12 11:59:05;DESKTOP-22AN8KV;10,4;88,1;10,32;90,2;35,0;5,0
2026-08-12 11:59:16;DESKTOP-22AN8KV;17,5;88,1;10,32;90,2;144,0;13,0
2026-08-12 11:59:28;DESKTOP-22AN8KV;18,2;84,5;9,9;90,2;109,0;24,0
2026-08-12 11:59:40;DESKTOP-22AN8KV;15,2;86,2;10,09;90,2;50,0;28,0
2026-08-12 11:59:51;DESKTOP-22AN8KV;23,0;84,4;9,89;90,2;142,0;38,0
2026-08-12 12:00:03;DESKTOP-22AN8KV;30,9;83,8;9,81;90,2;495,0;179,0
2026-08-12 12:00:14;DESKTOP-22AN8KV;56,8;85,6;10,03;90,2;243,0;41,0
2026-08-12 12:00:26;DESKTOP-22AN8KV;30,1;85,5;10,01;90,2;326,0;26,0
2026-08-12 13:29:14;DESKTOP-22AN8KV;0,0;65,6;7,69;90,5;0,0;0,0
2026-08-12 13:29:26;DESKTOP-22AN8KV;7,3;66,0;7,73;90,5;45,0;15,0
2026-08-12 13:29:37;DESKTOP-22AN8KV;11,4;66,9;7,84;90,5;30,0;16,0
2026-08-12 13:29:49;DESKTOP-22AN8KV;21,1;70,7;8,28;90,5;88,0;222,0
2026-08-12 13:30:01;DESKTOP-22AN8KV;31,7;70,5;8,25;90,5;46,0;15,0
2026-08-12 13:30:12;DESKTOP-22AN8KV;31,5;70,2;8,22;90,5;48,0;29,0
2026-08-12 13:30:24;DESKTOP-22AN8KV;26,0;70,4;8,25;90,5;87,0;53,0
2026-08-12 13:30:35;DESKTOP-22AN8KV;26,3;69,5;8,14;90,5;61,0;22,0
2026-08-12 13:30:47;DESKTOP-22AN8KV;24,6;69,4;8,13;90,5;45,0;19,0
2026-08-12 13:30:58;DESKTOP-22AN8KV;22,0;68,8;8,06;90,5;34,0;15,0
2026-08-12 13:31:10;DESKTOP-22AN8KV;24,0;68,8;8,06;90,5;42,0;16,0
2026-08-12 13:31:21;DESKTOP-22AN8KV;23,3;68,8;8,06;90,5;41,0;7,0
2026-08-12 13:31:33;DESKTOP-22AN8KV;25,8;68,8;8,07;90,5;47,0;18,0
2026-08-12 13:31:45;DESKTOP-22AN8KV;25,8;69,3;8,12;90,5;103,0;53,0
2026-08-12 13:31:56;DESKTOP-22AN8KV;21,7;69,1;8,09;90,5;56,0;30,0
2026-08-12 13:32:08;DESKTOP-22AN8KV;26,7;68,6;8,04;90,5;32,0;15,0
2026-08-12 13:32:19;DESKTOP-22AN8KV;24,2;68,6;8,04;90,5;38,0;19,0
2026-08-12 13:32:31;DESKTOP-22AN8KV;22,2;68,4;8,02;90,5;38,0;12,0
2026-08-12 13:32:42;DESKTOP-22AN8KV;23,9;68,0;7,97;90,5;49,0;10,0
2026-08-12 13:32:54;DESKTOP-22AN8KV;22,4;68,0;7,97;90,5;33,0;7,0
2026-08-12 13:33:05;DESKTOP-22AN8KV;27,7;68,0;7,96;90,5;45,0;9,0
2026-08-12 13:33:17;DESKTOP-22AN8KV;34,8;68,7;8,04;90,5;64,0;11,0
2026-08-12 13:33:29;DESKTOP-22AN8KV;25,3;68,4;8,01;90,5;27,0;6,0
2026-08-12 13:33:40;DESKTOP-22AN8KV;23,0;68,3;8,0;90,5;23,0;2,0
2026-08-12 13:33:52;DESKTOP-22AN8KV;24,6;68,3;8,0;90,5;489,0;9,0
2026-08-12 13:34:03;DESKTOP-22AN8KV;23,3;68,2;7,99;90,5;30,0;2,0
2026-08-12 13:34:15;DESKTOP-22AN8KV;28,9;68,4;8,02;90,5;295,0;12,0
2026-08-12 13:34:26;DESKTOP-22AN8KV;24,0;68,3;8,0;90,5;276,0;7,0
2026-08-12 13:34:38;DESKTOP-22AN8KV;25,3;68,2;8,0;90,5;53,0;13,0
2026-08-12 13:34:49;DESKTOP-22AN8KV;27,2;67,8;7,95;90,5;32,0;6,0
2026-08-12 13:35:01;DESKTOP-22AN8KV;24,1;67,7;7,94;90,5;29,0;5,0
2026-08-12 13:35:13;DESKTOP-22AN8KV;25,5;67,8;7,94;90,5;242,0;4,0
2026-08-12 13:35:24;DESKTOP-22AN8KV;26,8;68,7;8,05;90,5;185,0;33,0
2026-08-12 13:35:36;DESKTOP-22AN8KV;27,4;68,6;8,04;90,5;671,0;8,0
2026-08-12 13:35:47;DESKTOP-22AN8KV;26,4;68,3;8,01;90,5;38,0;6,0
2026-08-12 13:35:59;DESKTOP-22AN8KV;23,5;67,9;7,95;90,5;33,0;6,0
2026-08-12 13:36:10;DESKTOP-22AN8KV;26,1;67,9;7,96;90,5;51,0;3,0
2026-08-12 13:36:22;DESKTOP-22AN8KV;24,6;68,2;7,99;90,5;30,0;5,0
2026-08-12 13:36:33;DESKTOP-22AN8KV;23,4;65,5;7,67;90,5;32,0;10,0
2026-08-12 13:36:45;DESKTOP-22AN8KV;30,9;65,6;7,68;90,5;485,0;4,0
2026-08-12 13:36:57;DESKTOP-22AN8KV;20,6;65,6;7,68;90,5;31,0;7,0
2026-08-12 13:37:08;DESKTOP-22AN8KV;26,4;65,5;7,68;90,5;30,0;2,0
2026-08-12 13:37:20;DESKTOP-22AN8KV;24,1;65,6;7,68;90,5;39,0;6,0
2026-08-12 13:37:31;DESKTOP-22AN8KV;20,9;65,5;7,67;90,5;32,0;4,0
2026-08-12 13:37:43;DESKTOP-22AN8KV;25,0;65,5;7,67;90,5;23,0;3,0
2026-08-12 13:37:54;DESKTOP-22AN8KV;21,5;65,5;7,67;90,5;26,0;8,0
2026-08-12 13:38:06;DESKTOP-22AN8KV;26,2;65,5;7,67;90,5;20,0;2,0
2026-08-12 13:38:17;DESKTOP-22AN8KV;25,1;65,6;7,69;90,5;34,0;4,0
2026-08-12 13:38:29;DESKTOP-22AN8KV;20,1;65,6;7,69;90,5;42,0;11,0
2026-08-12 13:38:41;DESKTOP-22AN8KV;23,3;65,6;7,69;90,5;25,0;2,0
2026-08-12 13:38:52;DESKTOP-22AN8KV;24,9;66,0;7,73;90,5;24,0;8,0
2026-08-12 13:39:04;DESKTOP-22AN8KV;20,1;66,1;7,74;90,5;27,0;2,0
2026-08-12 13:39:15;DESKTOP-22AN8KV;25,4;66,0;7,73;90,5;27,0;3,0
2026-08-12 13:39:27;DESKTOP-22AN8KV;24,0;65,6;7,69;90,5;30,0;8,0
2026-08-12 13:39:38;DESKTOP-22AN8KV;21,5;65,6;7,69;90,5;24,0;3,0
2026-08-12 13:39:50;DESKTOP-22AN8KV;24,8;65,2;7,63;90,5;35,0;5,0
2026-08-12 13:40:01;DESKTOP-22AN8KV;21,0;65,1;7,63;90,5;35,0;5,0
2026-08-12 13:40:13;DESKTOP-22AN8KV;24,1;65,2;7,64;90,5;30,0;3,0
2026-08-12 13:40:25;DESKTOP-22AN8KV;33,5;66,4;7,78;90,5;108,0;34,0
2026-08-12 13:40:36;DESKTOP-22AN8KV;26,0;66,3;7,76;90,5;448,0;7,0
2026-08-12 13:40:48;DESKTOP-22AN8KV;27,7;65,9;7,72;90,5;35,0;6,0
2026-08-12 13:40:59;DESKTOP-22AN8KV;21,4;65,4;7,66;90,5;36,0;6,0
2026-08-12 13:41:11;DESKTOP-22AN8KV;23,9;65,3;7,65;90,5;119,0;3,0
2026-08-12 13:41:22;DESKTOP-22AN8KV;23,4;65,3;7,65;90,5;172,0;18,0
2026-08-12 13:41:34;DESKTOP-22AN8KV;20,7;65,4;7,66;90,5;48,0;4,0
2026-08-12 13:41:45;DESKTOP-22AN8KV;23,5;65,3;7,65;90,5;491,0;4,0
2026-08-12 13:41:57;DESKTOP-22AN8KV;23,3;65,3;7,65;90,5;291,0;7,0
2026-08-12 13:42:09;DESKTOP-22AN8KV;20,4;65,3;7,65;90,5;26,0;2,0
2026-08-12 13:42:20;DESKTOP-22AN8KV;25,3;65,3;7,65;90,5;25,0;4,0
2026-08-12 13:42:32;DESKTOP-22AN8KV;21,8;65,4;7,66;90,5;42,0;3,0
2026-08-12 13:42:43;DESKTOP-22AN8KV;22,3;65,3;7,65;90,5;33,0;2,0
2026-08-12 13:42:55;DESKTOP-22AN8KV;31,0;68,4;8,01;90,9;22184,0;220,0
2026-08-12 13:43:06;DESKTOP-22AN8KV;31,4;74,2;8,69;90,9;29,0;2,0
2026-08-12 13:43:18;DESKTOP-22AN8KV;32,9;66,2;7,76;90,6;46,0;5,0
2026-08-12 13:43:29;DESKTOP-22AN8KV;32,9;66,6;7,8;90,8;53,0;4,0
2026-08-12 13:43:41;DESKTOP-22AN8KV;36,8;65,8;7,71;90,8;30,0;6,0
2026-08-12 13:43:53;DESKTOP-22AN8KV;26,3;65,6;7,69;90,8;33,0;10,0
2026-08-12 13:44:04;DESKTOP-22AN8KV;21,4;65,7;7,69;90,8;59,0;12,0
2026-08-12 13:44:16;DESKTOP-22AN8KV;23,4;65,6;7,69;90,8;27,0;3,0
2026-08-12 13:44:27;DESKTOP-22AN8KV;25,0;65,5;7,68;90,8;23,0;4,0
2026-08-12 13:44:39;DESKTOP-22AN8KV;22,3;65,5;7,68;90,8;36,0;4,0
2026-08-12 13:44:50;DESKTOP-22AN8KV;25,3;65,6;7,68;90,8;64,0;5,0
2026-08-12 13:45:02;DESKTOP-22AN8KV;24,7;65,5;7,67;90,8;41,0;5,0
2026-08-12 13:45:13;DESKTOP-22AN8KV;20,8;65,6;7,68;90,8;35,0;2,0
2026-08-12 13:45:25;DESKTOP-22AN8KV;30,5;66,4;7,78;90,8;82,0;41,0
2026-08-12 13:45:37;DESKTOP-22AN8KV;32,1;67,7;7,93;90,8;396,0;17,0
2026-08-12 13:45:48;DESKTOP-22AN8KV;30,6;67,6;7,92;90,8;388,0;20,0
2026-08-12 13:46:00;DESKTOP-22AN8KV;25,9;66,7;7,82;90,8;47,0;5,0
2026-08-12 13:46:11;DESKTOP-22AN8KV;22,6;66,5;7,79;90,8;25,0;2,0
2026-08-12 13:46:23;DESKTOP-22AN8KV;33,3;70,6;8,27;90,8;3663,0;172,0
2026-08-12 13:46:34;DESKTOP-22AN8KV;33,5;74,6;8,74;90,8;4212,0;139,0
2026-08-12 13:46:46;DESKTOP-22AN8KV;45,7;78,9;9,25;90,8;2319,0;89,0
2026-08-12 13:46:58;DESKTOP-22AN8KV;34,5;75,3;8,82;90,8;40,0;9,0
2026-08-12 13:47:09;DESKTOP-22AN8KV;47,8;80,7;9,45;90,8;335,0;123,0
2026-08-12 13:47:21;DESKTOP-22AN8KV;62,4;84,3;9,88;90,8;1041,0;1810,0
2026-08-12 13:47:32;DESKTOP-22AN8KV;19,1;84,7;9,93;90,8;237,0;575,0
2026-08-12 13:47:44;DESKTOP-22AN8KV;19,3;81,7;9,57;90,8;323,0;33,0
2026-08-12 13:47:56;DESKTOP-22AN8KV;16,5;80,7;9,46;90,8;59,0;18,0
2026-08-12 13:48:07;DESKTOP-22AN8KV;17,4;81,0;9,49;90,8;74,0;1407,0
2026-08-12 13:48:19;DESKTOP-22AN8KV;20,8;82,3;9,64;90,8;405,0;367,0
2026-08-12 13:48:30;DESKTOP-22AN8KV;19,4;82,0;9,61;90,8;55,0;43,0
2026-08-12 13:48:42;DESKTOP-22AN8KV;27,8;82,8;9,69;90,8;72,0;66,0
2026-08-12 13:48:53;DESKTOP-22AN8KV;20,9;81,7;9,57;90,8;77,0;1472,0
2026-08-12 13:49:05;DESKTOP-22AN8KV;18,2;81,0;9,49;90,8;87,0;1499,0
2026-08-12 13:49:16;DESKTOP-22AN8KV;19,4;81,5;9,55;90,8;133,0;69,0
2026-08-12 13:49:28;DESKTOP-22AN8KV;14,0;81,1;9,5;90,8;50,0;65,0
2026-08-12 13:49:39;DESKTOP-22AN8KV;32,0;83,1;9,74;90,8;103,0;53,0
2026-08-12 13:49:51;DESKTOP-22AN8KV;29,3;82,2;9,63;90,8;81,0;46,0
2026-08-12 13:50:03;DESKTOP-22AN8KV;31,3;82,9;9,71;90,8;130,0;42,0
2026-08-12 13:50:14;DESKTOP-22AN8KV;16,4;81,9;9,59;90,8;50,0;19,0
2026-08-12 13:50:26;DESKTOP-22AN8KV;15,4;81,4;9,54;90,8;82,0;129,0
2026-08-12 13:50:37;DESKTOP-22AN8KV;18,4;81,1;9,5;90,8;88,0;15,0
2026-08-12 13:50:49;DESKTOP-22AN8KV;16,7;81,4;9,53;90,8;111,0;1561,0
2026-08-12 13:51:00;DESKTOP-22AN8KV;21,7;81,6;9,56;90,8;82,0;47,0
2026-08-12 13:51:12;DESKTOP-22AN8KV;18,5;82,2;9,63;90,8;197,0;1526,0
2026-08-12 13:51:23;DESKTOP-22AN8KV;22,5;82,3;9,64;90,8;124,0;1685,0
2026-08-12 13:51:35;DESKTOP-22AN8KV;14,5;81,3;9,52;90,8;39,0;31,0
2026-08-12 13:51:46;DESKTOP-22AN8KV;26,8;83,5;9,79;90,8;112,0;89,0
2026-08-12 13:51:58;DESKTOP-22AN8KV;27,1;83,2;9,75;90,8;90,0;40,0
2026-08-12 13:52:09;DESKTOP-22AN8KV;13,1;82,2;9,63;90,8;50,0;28,0
2026-08-12 13:52:21;DESKTOP-22AN8KV;13,4;81,3;9,52;90,8;73,0;24,0
2026-08-12 13:52:33;DESKTOP-22AN8KV;14,2;81,3;9,52;90,8;507,0;17,0
2026-08-12 13:52:44;DESKTOP-22AN8KV;18,3;81,8;9,59;90,9;98,0;17,0
2026-08-12 13:52:56;DESKTOP-22AN8KV;28,2;82,8;9,7;90,8;42,0;12,0
2026-08-12 13:53:07;DESKTOP-22AN8KV;21,6;82,1;9,61;90,8;55,0;38,0
2026-08-12 13:53:19;DESKTOP-22AN8KV;11,7;81,4;9,53;90,8;79,0;1609,0
2026-08-12 13:53:30;DESKTOP-22AN8KV;20,7;82,3;9,64;90,8;40,0;52,0
2026-08-12 13:53:42;DESKTOP-22AN8KV;28,3;82,0;9,6;90,8;69,0;58,0
2026-08-12 13:53:53;DESKTOP-22AN8KV;18,6;82,1;9,62;90,8;56,0;1649,0
2026-08-12 13:54:05;DESKTOP-22AN8KV;17,1;81,8;9,59;90,8;51,0;1663,0
2026-08-12 13:54:16;DESKTOP-22AN8KV;17,0;81,8;9,58;90,8;32,0;84,0
2026-08-12 13:54:28;DESKTOP-22AN8KV;23,7;83,9;9,83;90,8;52,0;92,0
2026-08-12 13:54:39;DESKTOP-22AN8KV;25,9;84,7;9,92;90,8;86,0;27,0
2026-08-12 13:54:51;DESKTOP-22AN8KV;31,2;85,6;10,02;90,8;347,0;138,0
2026-08-12 13:55:03;DESKTOP-22AN8KV;21,2;87,5;10,25;90,8;851,0;145,0
2026-08-12 13:55:14;DESKTOP-22AN8KV;25,3;88,8;10,41;90,8;56,0;10,0
2026-08-12 13:55:26;DESKTOP-22AN8KV;18,6;83,0;9,72;90,8;49,0;18,0
2026-08-12 13:55:37;DESKTOP-22AN8KV;28,7;85,5;10,02;90,8;32,0;7,0
2026-08-12 13:55:49;DESKTOP-22AN8KV;13,8;84,0;9,84;90,8;46,0;20,0
2026-08-12 13:56:00;DESKTOP-22AN8KV;10,4;83,8;9,82;90,8;85,0;66,0
2026-08-12 13:56:12;DESKTOP-22AN8KV;8,3;85,3;9,99;90,8;54,0;6,0
2026-08-12 13:56:23;DESKTOP-22AN8KV;22,5;86,4;10,12;90,8;2153,0;75,0
2026-08-12 13:56:35;DESKTOP-22AN8KV;11,0;86,1;10,09;90,8;82,0;23,0
2026-08-12 13:56:46;DESKTOP-22AN8KV;17,1;85,4;10,01;90,8;371,0;50,0
2026-08-12 13:56:58;DESKTOP-22AN8KV;16,4;85,2;9,98;90,8;68,0;22,0
2026-08-12 13:57:10;DESKTOP-22AN8KV;26,5;87,3;10,22;90,8;44,0;6,0
2026-08-12 13:57:21;DESKTOP-22AN8KV;17,7;84,8;9,94;90,8;65,0;35,0
2026-08-12 13:57:33;DESKTOP-22AN8KV;12,1;83,7;9,81;90,8;37,0;11,0
2026-08-12 13:57:44;DESKTOP-22AN8KV;10,5;83,8;9,81;90,8;40,0;17,0
2026-08-12 13:57:56;DESKTOP-22AN8KV;13,1;84,3;9,88;90,8;58,0;40,0
2026-08-12 13:58:07;DESKTOP-22AN8KV;18,8;83,8;9,82;90,9;80,0;36,0
2026-08-12 13:58:19;DESKTOP-22AN8KV;20,6;85,8;10,05;90,8;81,0;1658,0
2026-08-12 13:58:30;DESKTOP-22AN8KV;11,5;85,1;9,96;90,8;47,0;31,0
2026-08-12 13:58:42;DESKTOP-22AN8KV;8,6;84,6;9,91;90,8;51,0;31,0
2026-08-12 13:58:53;DESKTOP-22AN8KV;9,8;84,0;9,84;90,8;42,0;15,0
2026-08-12 13:59:05;DESKTOP-22AN8KV;13,3;84,0;9,84;90,8;100,0;1639,0
2026-08-12 13:59:16;DESKTOP-22AN8KV;9,2;83,9;9,82;90,8;50,0;58,0
2026-08-12 13:59:28;DESKTOP-22AN8KV;8,6;83,8;9,82;90,8;44,0;22,0
2026-08-12 13:59:40;DESKTOP-22AN8KV;10,4;84,6;9,91;90,8;91,0;18,0
2026-08-12 13:59:51;DESKTOP-22AN8KV;12,3;83,6;9,8;90,9;278,0;56,0
2026-08-12 14:00:03;DESKTOP-22AN8KV;9,5;83,5;9,78;90,9;85,0;26,0
2026-08-12 14:00:14;DESKTOP-22AN8KV;9,6;83,1;9,74;90,9;44,0;2,0
2026-08-12 14:00:26;DESKTOP-22AN8KV;7,7;82,1;9,62;90,9;35,0;5,0
2026-08-12 14:00:37;DESKTOP-22AN8KV;8,6;82,0;9,6;90,9;30,0;16,0
2026-08-12 14:00:49;DESKTOP-22AN8KV;10,3;82,2;9,62;90,9;265,0;15,0
2026-08-12 14:01:00;DESKTOP-22AN8KV;6,9;82,1;9,62;90,9;29,0;6,0
2026-08-12 14:01:12;DESKTOP-22AN8KV;8,4;82,0;9,61;90,9;35,0;2,0
2026-08-12 14:01:23;DESKTOP-22AN8KV;8,8;81,8;9,58;90,9;31,0;5,0
2026-08-12 14:01:35;DESKTOP-22AN8KV;12,5;82,9;9,71;90,9;105,0;1665,0
2026-08-12 14:01:46;DESKTOP-22AN8KV;18,6;83,0;9,72;90,9;61,0;1663,0
2026-08-12 14:01:58;DESKTOP-22AN8KV;19,7;82,7;9,69;90,9;73,0;1758,0
2026-08-12 14:02:09;DESKTOP-22AN8KV;20,1;82,7;9,69;90,9;81,0;1893,0
2026-08-12 14:02:21;DESKTOP-22AN8KV;19,4;82,6;9,68;90,9;39,0;48,0
2026-08-12 14:02:33;DESKTOP-22AN8KV;24,2;84,3;9,88;90,9;44,0;83,0
2026-08-12 14:02:44;DESKTOP-22AN8KV;29,8;86,1;10,09;90,9;98,0;82,0
2026-08-12 14:02:56;DESKTOP-22AN8KV;26,2;85,6;10,03;90,9;65,0;24,0
2026-08-12 14:03:07;DESKTOP-22AN8KV;51,5;85,6;10,02;90,9;51,0;11,0
2026-08-12 14:03:19;DESKTOP-22AN8KV;21,7;85,3;9,99;90,9;74,0;134,0
2026-08-12 14:03:30;DESKTOP-22AN8KV;11,8;84,6;9,91;90,9;31,0;4,0
2026-08-12 14:03:42;DESKTOP-22AN8KV;12,9;85,8;10,05;90,9;45,0;31,0
2026-08-12 14:03:53;DESKTOP-22AN8KV;21,1;86,4;10,12;90,9;524,0;43,0
2026-08-12 14:04:05;DESKTOP-22AN8KV;22,3;87,1;10,2;90,9;35,0;14,0
2026-08-12 14:04:16;DESKTOP-22AN8KV;22,8;86,1;10,09;90,9;54,0;19,0
2026-08-12 14:04:28;DESKTOP-22AN8KV;28,7;85,7;10,04;90,9;62,0;47,0
2026-08-12 14:04:40;DESKTOP-22AN8KV;27,8;84,7;9,92;90,9;44,0;5,0
2026-08-12 14:04:51;DESKTOP-22AN8KV;32,8;83,9;9,83;90,9;354,0;41,0
2026-08-12 14:05:03;DESKTOP-22AN8KV;25,8;83,7;9,8;90,9;47,0;21,0
2026-08-12 14:05:14;DESKTOP-22AN8KV;26,4;83,8;9,82;90,9;33,0;6,0
2026-08-12 14:05:26;DESKTOP-22AN8KV;23,7;83,0;9,73;90,9;42,0;16,0
2026-08-12 14:05:37;DESKTOP-22AN8KV;25,6;84,5;9,89;90,9;64,0;29,0
2026-08-12 14:05:49;DESKTOP-22AN8KV;25,6;83,8;9,82;90,9;494,0;190,0
2026-08-12 14:06:00;DESKTOP-22AN8KV;25,2;83,8;9,81;90,9;77,0;39,0
2026-08-12 14:06:12;DESKTOP-22AN8KV;28,6;83,2;9,75;90,9;46,0;15,0
2026-08-12 14:06:24;DESKTOP-22AN8KV;25,1;83,4;9,77;90,9;34,0;23,0
2026-08-12 14:06:35;DESKTOP-22AN8KV;27,6;84,3;9,88;90,9;85,0;37,0
2026-08-12 14:06:47;DESKTOP-22AN8KV;32,1;83,8;9,81;90,9;75,0;25,0
2026-08-12 14:06:58;DESKTOP-22AN8KV;28,8;83,8;9,82;90,9;65,0;31,0
2026-08-12 14:07:10;DESKTOP-22AN8KV;28,8;83,3;9,76;90,9;30,0;17,0
2026-08-12 14:07:21;DESKTOP-22AN8KV;27,9;83,1;9,73;90,9;141,0;27,0
2026-08-12 14:07:33;DESKTOP-22AN8KV;28,1;83,2;9,75;90,9;51,0;23,0
2026-08-12 14:07:44;DESKTOP-22AN8KV;27,5;83,1;9,73;90,9;27,0;15,0
2026-08-12 14:07:56;DESKTOP-22AN8KV;28,0;83,4;9,78;90,9;78,0;27,0
2026-08-12 14:08:08;DESKTOP-22AN8KV;33,9;84,1;9,85;90,9;50,0;20,0
2026-08-12 14:08:19;DESKTOP-22AN8KV;31,2;84,0;9,83;90,9;50,0;30,0
2026-08-12 14:08:31;DESKTOP-22AN8KV;29,9;83,4;9,77;90,9;61,0;27,0
2026-08-12 14:08:42;DESKTOP-22AN8KV;31,0;83,5;9,78;90,9;40,0;3,0
2026-08-12 14:08:54;DESKTOP-22AN8KV;26,9;83,9;9,83;90,9;36,0;10,0
2026-08-12 14:09:05;DESKTOP-22AN8KV;30,9;83,9;9,83;90,9;31,0;4,0
2026-08-12 14:09:17;DESKTOP-22AN8KV;32,7;84,6;9,91;90,9;33,0;12,0
2026-08-12 14:09:29;DESKTOP-22AN8KV;28,8;84,3;9,88;90,9;79,0;15,0
2026-08-12 14:09:40;DESKTOP-22AN8KV;31,4;84,3;9,88;90,9;51,0;4,0
2026-08-12 14:09:52;DESKTOP-22AN8KV;34,6;85,7;10,04;90,9;993,0;50,0
2026-08-12 14:10:03;DESKTOP-22AN8KV;40,2;86,6;10,15;90,9;90,0;26,0
2026-08-12 14:10:15;DESKTOP-22AN8KV;41,7;87,3;10,23;90,9;56,0;14,0
2026-08-12 14:10:26;DESKTOP-22AN8KV;41,8;87,2;10,21;90,9;177,0;11,0
2026-08-12 14:10:38;DESKTOP-22AN8KV;45,7;86,4;10,12;90,9;133,0;5,0
2026-08-12 14:10:50;DESKTOP-22AN8KV;49,5;86,7;10,16;90,9;36,0;19,0
2026-08-12 14:11:01;DESKTOP-22AN8KV;47,3;87,4;10,24;90,9;62,0;27,0
2026-08-12 14:11:13;DESKTOP-22AN8KV;42,4;87,5;10,25;90,9;45,0;13,0
2026-08-12 14:11:24;DESKTOP-22AN8KV;43,2;88,6;10,37;90,9;46,0;19,0
2026-08-12 14:11:36;DESKTOP-22AN8KV;31,2;87,1;10,21;90,9;160,0;34,0
2026-08-12 14:11:47;DESKTOP-22AN8KV;42,6;87,2;10,21;90,9;40,0;9,0
2026-08-12 14:11:59;DESKTOP-22AN8KV;48,5;87,1;10,2;90,9;32,0;15,0
2026-08-12 14:12:10;DESKTOP-22AN8KV;30,5;86,3;10,11;90,9;49,0;20,0
2026-08-12 14:12:22;DESKTOP-22AN8KV;21,5;86,1;10,08;90,9;60,0;23,0
2026-08-12 14:12:33;DESKTOP-22AN8KV;24,0;89,3;10,47;90,9;41,0;20,0
2026-08-12 14:12:45;DESKTOP-22AN8KV;41,0;92,1;10,79;90,9;59,0;48,0
2026-08-12 14:12:57;DESKTOP-22AN8KV;23,3;93,0;10,89;90,9;50,0;49,0
2026-08-12 14:13:08;DESKTOP-22AN8KV;25,7;92,4;10,82;90,9;75,0;31,0
2026-08-12 14:13:20;DESKTOP-22AN8KV;16,6;92,6;10,85;90,9;19,0;5,0
2026-08-12 14:13:31;DESKTOP-22AN8KV;15,5;92,4;10,82;90,9;21,0;8,0
2026-08-12 14:13:43;DESKTOP-22AN8KV;20,7;92,6;10,85;91,0;19,0;6,0
2026-08-12 14:13:54;DESKTOP-22AN8KV;29,6;94,0;11,02;91,0;32,0;20,0
2026-08-12 14:14:06;DESKTOP-22AN8KV;34,3;95,5;11,19;91,0;39,0;10,0
2026-08-12 14:14:17;DESKTOP-22AN8KV;24,3;95,2;11,16;91,0;27,0;7,0
2026-08-12 14:14:29;DESKTOP-22AN8KV;20,7;94,2;11,03;91,0;30,0;18,0
2026-08-12 14:14:40;DESKTOP-22AN8KV;22,2;94,4;11,05;91,0;45,0;5,0
2026-08-12 14:14:52;DESKTOP-22AN8KV;23,5;95,0;11,13;91,0;44,0;27,0
2026-08-12 14:15:03;DESKTOP-22AN8KV;20,8;94,3;11,04;91,0;43,0;19,0
2026-08-12 14:15:15;DESKTOP-22AN8KV;20,9;94,2;11,04;91,0;25,0;4,0
2026-08-12 14:15:27;DESKTOP-22AN8KV;25,0;92,0;10,78;91,2;34,0;9,0
2026-08-12 14:15:38;DESKTOP-22AN8KV;32,4;93,0;10,89;91,2;243,0;45,0
2026-08-12 14:15:50;DESKTOP-22AN8KV;23,1;92,3;10,81;91,2;77,0;31,0
2026-08-12 14:16:01;DESKTOP-22AN8KV;17,6;92,6;10,84;91,2;33,0;30,0
2026-08-12 14:16:13;DESKTOP-22AN8KV;17,6;92,3;10,82;91,2;131,0;29,0
2026-08-12 14:16:24;DESKTOP-22AN8KV;22,7;96,2;11,27;91,2;86,0;15,0
2026-08-12 14:16:36;DESKTOP-22AN8KV;29,6;95,6;11,2;91,2;1319,0;12763,0
2026-08-12 14:16:47;DESKTOP-22AN8KV;22,8;94,1;11,03;91,2;301,0;32313,0
2026-08-12 14:16:59;DESKTOP-22AN8KV;23,6;94,6;11,09;91,2;395,0;55749,0
2026-08-12 14:17:10;DESKTOP-22AN8KV;22,3;95,6;11,2;91,2;381,0;53834,0
2026-08-12 14:17:22;DESKTOP-22AN8KV;18,9;94,8;11,11;91,2;271,0;37768,0
2026-08-12 14:17:33;DESKTOP-22AN8KV;27,2;92,6;10,84;91,2;30,0;8,0
2026-08-12 14:17:45;DESKTOP-22AN8KV;18,4;90,7;10,63;91,2;54,0;41,0
2026-08-12 14:17:56;DESKTOP-22AN8KV;26,9;91,4;10,7;91,2;30,0;20,0
2026-08-12 14:18:08;DESKTOP-22AN8KV;33,3;94,0;11,01;91,2;508,0;66,0
2026-08-12 14:18:20;DESKTOP-22AN8KV;29,7;93,3;10,93;91,2;155,0;16,0
2026-08-12 14:18:31;DESKTOP-22AN8KV;25,5;92,6;10,85;91,2;26,0;3,0
2026-08-12 14:18:43;DESKTOP-22AN8KV;34,0;91,6;10,73;91,2;41,0;25,0
2026-08-12 14:18:54;DESKTOP-22AN8KV;29,2;91,6;10,73;91,2;37,0;17,0
2026-08-12 14:19:06;DESKTOP-22AN8KV;30,7;91,3;10,69;91,2;413,0;16,0
2026-08-12 14:19:17;DESKTOP-22AN8KV;30,1;91,2;10,69;91,2;128,0;32,0
2026-08-12 14:19:29;DESKTOP-22AN8KV;26,6;91,2;10,68;91,2;49,0;5,0
2026-08-12 14:19:41;DESKTOP-22AN8KV;28,1;91,3;10,7;91,2;56,0;8,0
2026-08-12 14:19:52;DESKTOP-22AN8KV;29,9;91,7;10,75;91,2;73,0;27,0
2026-08-12 14:20:04;DESKTOP-22AN8KV;28,3;88,4;10,36;91,2;151,0;11,0
2026-08-12 14:20:15;DESKTOP-22AN8KV;24,6;88,4;10,36;91,2;364,0;11,0
2026-08-12 14:20:27;DESKTOP-22AN8KV;27,3;87,5;10,25;91,2;50,0;127,0
2026-08-12 14:20:38;DESKTOP-22AN8KV;20,5;87,6;10,26;91,2;31,0;4,0
2026-08-12 14:20:50;DESKTOP-22AN8KV;26,5;88,2;10,33;91,2;32,0;6,0
2026-08-12 14:21:01;DESKTOP-22AN8KV;24,4;88,4;10,35;91,2;60,0;22,0
2026-08-12 14:21:13;DESKTOP-22AN8KV;23,4;88,5;10,36;91,2;51,0;3,0
2026-08-12 14:21:24;DESKTOP-22AN8KV;26,3;85,8;10,05;91,2;33,0;5,0
2026-08-12 14:21:36;DESKTOP-22AN8KV;23,2;88,8;10,4;91,2;87,0;37,0
2026-08-12 14:21:48;DESKTOP-22AN8KV;15,7;88,2;10,34;91,2;72,0;27,0
2026-08-12 14:21:59;DESKTOP-22AN8KV;27,7;87,1;10,21;91,2;46,0;17,0
2026-08-12 14:22:11;DESKTOP-22AN8KV;21,9;87,5;10,24;91,2;48,0;14,0
2026-08-12 14:22:22;DESKTOP-22AN8KV;14,1;87,5;10,26;91,2;45,0;15,0
2026-08-12 14:22:34;DESKTOP-22AN8KV;16,7;87,5;10,25;91,2;46,0;13,0
2026-08-12 14:22:45;DESKTOP-22AN8KV;18,5;89,5;10,48;91,2;79,0;202,0
2026-08-12 14:22:57;DESKTOP-22AN8KV;26,0;87,3;10,22;91,2;62,0;10,0
2026-08-12 14:23:08;DESKTOP-22AN8KV;23,1;87,2;10,21;91,2;39,0;10,0
2026-08-12 14:23:20;DESKTOP-22AN8KV;27,7;86,6;10,14;91,2;43,0;11,0
2026-08-12 14:23:32;DESKTOP-22AN8KV;23,0;86,2;10,1;91,2;39,0;4,0
2026-08-12 14:23:43;DESKTOP-22AN8KV;25,5;86,4;10,13;91,2;66,0;17,0
2026-08-12 14:23:55;DESKTOP-22AN8KV;24,3;86,5;10,13;91,2;25,0;15,0
2026-08-12 14:24:06;DESKTOP-22AN8KV;24,2;87,1;10,2;91,2;23,0;5,0
2026-08-12 14:24:18;DESKTOP-22AN8KV;30,6;86,5;10,13;91,2;33,0;3,0
2026-08-12 14:24:29;DESKTOP-22AN8KV;27,8;87,6;10,27;91,2;38,0;13,0
2026-08-12 14:24:41;DESKTOP-22AN8KV;26,1;86,8;10,16;91,2;48,0;23,0
2026-08-12 14:24:52;DESKTOP-22AN8KV;30,2;88,0;10,31;91,2;92,0;78,0
2026-08-12 14:25:04;DESKTOP-22AN8KV;26,7;86,1;10,09;91,2;133,0;235,0
2026-08-12 14:25:16;DESKTOP-22AN8KV;20,3;85,8;10,06;91,2;241,0;26,0
2026-08-12 14:25:27;DESKTOP-22AN8KV;12,4;84,7;9,92;91,2;39,0;24,0
2026-08-12 14:25:39;DESKTOP-22AN8KV;14,2;85,4;10,01;91,2;39,0;34,0
2026-08-12 14:25:50;DESKTOP-22AN8KV;26,6;85,8;10,05;91,2;29,0;18,0
2026-08-12 14:26:02;DESKTOP-22AN8KV;19,1;85,1;9,97;91,2;86,0;1705,0
2026-08-12 14:26:13;DESKTOP-22AN8KV;17,5;85,1;9,97;91,2;96,0;1689,0
2026-08-12 14:26:25;DESKTOP-22AN8KV;21,2;85,1;9,97;91,2;65,0;1730,0
2026-08-12 14:26:36;DESKTOP-22AN8KV;20,6;85,3;9,99;91,2;36,0;1708,0
2026-08-12 14:26:48;DESKTOP-22AN8KV;17,5;85,3;9,99;91,2;41,0;77,0
2026-08-12 14:26:59;DESKTOP-22AN8KV;22,5;85,0;9,96;91,2;60,0;1794,0
2026-08-12 14:27:11;DESKTOP-22AN8KV;22,7;85,2;9,98;91,2;43,0;1724,0
2026-08-12 14:27:23;DESKTOP-22AN8KV;21,4;85,0;9,96;91,2;52,0;1769,0
2026-08-12 14:27:34;DESKTOP-22AN8KV;19,6;84,9;9,94;91,2;43,0;1870,0
2026-08-12 14:27:46;DESKTOP-22AN8KV;20,8;85,6;10,02;91,2;52,0;91,0
2026-08-12 14:27:57;DESKTOP-22AN8KV;33,1;86,6;10,15;91,2;54,0;80,0
2026-08-12 14:28:09;DESKTOP-22AN8KV;28,1;86,5;10,13;91,2;84,0;78,0
2026-08-12 14:28:20;DESKTOP-22AN8KV;28,3;86,6;10,15;91,2;45,0;7,0
2026-08-12 14:28:32;DESKTOP-22AN8KV;29,4;85,9;10,06;91,2;31,0;3,0
2026-08-12 14:28:44;DESKTOP-22AN8KV;23,1;86,1;10,08;91,2;49,0;33,0
2026-08-12 14:28:55;DESKTOP-22AN8KV;16,8;85,2;9,98;91,2;38,0;21,0
2026-08-12 14:29:07;DESKTOP-22AN8KV;19,6;84,4;9,89;91,2;37,0;23,0
2026-08-12 14:29:18;DESKTOP-22AN8KV;18,5;85,8;10,05;91,2;58,0;1692,0
2026-08-12 14:29:30;DESKTOP-22AN8KV;30,2;85,1;9,97;91,2;40,0;41,0
2026-08-12 14:29:41;DESKTOP-22AN8KV;33,6;84,9;9,94;91,2;59,0;1978,0
2026-08-12 14:29:53;DESKTOP-22AN8KV;39,2;86,3;10,1;91,2;141,0;1958,0
2026-08-12 14:30:04;DESKTOP-22AN8KV;30,2;86,1;10,08;91,2;64,0;1782,0
2026-08-12 14:30:16;DESKTOP-22AN8KV;28,8;86,1;10,09;91,2;59,0;1941,0
2026-08-12 14:30:28;DESKTOP-22AN8KV;31,0;84,9;9,94;91,2;45,0;35,0
2026-08-12 14:30:39;DESKTOP-22AN8KV;26,8;85,4;10,0;91,2;53,0;77,0
2026-08-12 14:30:51;DESKTOP-22AN8KV;33,3;85,9;10,07;91,2;61,0;46,0
2026-08-12 14:31:02;DESKTOP-22AN8KV;28,9;86,2;10,1;91,2;44,0;26,0
2026-08-12 14:31:14;DESKTOP-22AN8KV;25,4;86,3;10,11;91,2;48,0;15,0
2026-08-12 14:31:25;DESKTOP-22AN8KV;27,1;84,7;9,93;91,2;70,0;23,0
2026-08-12 14:31:37;DESKTOP-22AN8KV;29,0;84,4;9,89;91,2;28,0;4,0
2026-08-12 14:31:48;DESKTOP-22AN8KV;27,6;84,4;9,88;91,2;39,0;3,0
2026-08-12 14:32:00;DESKTOP-22AN8KV;29,5;84,2;9,86;91,2;79,0;18,0
2026-08-12 14:32:12;DESKTOP-22AN8KV;30,8;84,6;9,91;91,2;80,0;37,0
2026-08-12 14:32:23;DESKTOP-22AN8KV;21,0;84,2;9,86;91,2;102,0;30,0
2026-08-12 14:32:35;DESKTOP-22AN8KV;17,4;83,8;9,82;91,2;62,0;6,0
2026-08-12 14:32:46;DESKTOP-22AN8KV;23,5;84,4;9,88;91,2;52,0;41,0
2026-08-12 14:32:58;DESKTOP-22AN8KV;16,8;84,1;9,85;91,2;55,0;1685,0
2026-08-12 14:33:09;DESKTOP-22AN8KV;20,2;83,9;9,83;91,2;46,0;1749,0
2026-08-12 14:33:21;DESKTOP-22AN8KV;16,6;83,9;9,83;91,2;47,0;63,0
2026-08-12 14:33:32;DESKTOP-22AN8KV;21,9;83,9;9,82;91,2;45,0;1717,0
2026-08-12 14:33:44;DESKTOP-22AN8KV;24,3;83,9;9,83;91,2;52,0;1689,0
2026-08-12 14:33:56;DESKTOP-22AN8KV;20,7;83,9;9,83;91,2;51,0;1958,0
2026-08-12 14:34:07;DESKTOP-22AN8KV;18,5;83,7;9,81;91,2;46,0;73,0
2026-08-12 14:34:19;DESKTOP-22AN8KV;19,2;83,2;9,75;91,2;59,0;1932,0
2026-08-12 14:34:30;DESKTOP-22AN8KV;18,7;83,2;9,75;91,2;48,0;101,0
2026-08-12 14:34:42;DESKTOP-22AN8KV;30,1;87,6;10,26;91,2;1132,0;2029,0
2026-08-12 14:34:53;DESKTOP-22AN8KV;13,0;86,8;10,16;91,2;199,0;148,0
2026-08-12 14:35:05;DESKTOP-22AN8KV;15,0;85,8;10,05;91,2;97,0;3374,0
2026-08-12 14:35:16;DESKTOP-22AN8KV;13,2;85,6;10,03;91,2;55,0;1784,0
2026-08-12 14:35:28;DESKTOP-22AN8KV;9,0;85,1;9,97;91,2;30,0;67,0
2026-08-12 14:35:39;DESKTOP-22AN8KV;35,6;86,0;10,08;91,2;67,0;106,0
2026-08-12 14:35:51;DESKTOP-22AN8KV;33,0;85,8;10,06;91,2;78,0;55,0
2026-08-12 14:36:02;DESKTOP-22AN8KV;31,3;85,0;9,96;91,2;46,0;12,0
2026-08-12 14:36:14;DESKTOP-22AN8KV;24,1;83,9;9,83;91,2;51,0;213,0
2026-08-12 14:36:26;DESKTOP-22AN8KV;33,8;83,1;9,73;91,2;36,0;22,0
2026-08-12 14:36:37;DESKTOP-22AN8KV;28,3;82,9;9,71;91,2;42,0;29,0
2026-08-12 14:36:49;DESKTOP-22AN8KV;31,5;82,9;9,72;91,2;58,0;36,0
2026-08-12 14:37:00;DESKTOP-22AN8KV;31,2;83,3;9,76;91,2;42,0;19,0
2026-08-12 14:37:12;DESKTOP-22AN8KV;35,1;83,1;9,73;91,2;88,0;34,0
2026-08-12 14:37:23;DESKTOP-22AN8KV;49,1;84,6;9,91;91,2;90,0;55,0
2026-08-12 14:37:35;DESKTOP-22AN8KV;47,1;86,0;10,08;91,2;47,0;18,0
2026-08-12 14:37:47;DESKTOP-22AN8KV;39,0;86,3;10,11;91,2;37,0;17,0
2026-08-12 14:37:58;DESKTOP-22AN8KV;35,4;86,1;10,09;91,2;71,0;11,0
2026-08-12 14:38:10;DESKTOP-22AN8KV;35,5;86,8;10,17;91,2;42,0;4,0
2026-08-12 14:38:21;DESKTOP-22AN8KV;40,0;86,7;10,16;91,2;28,0;5,0
2026-08-12 14:38:33;DESKTOP-22AN8KV;38,6;87,4;10,24;91,2;44,0;11,0
2026-08-12 14:38:45;DESKTOP-22AN8KV;42,2;88,3;10,34;91,2;652,0;23,0
2026-08-12 14:38:56;DESKTOP-22AN8KV;39,7;88,6;10,38;91,2;38,0;18,0
2026-08-12 14:39:08;DESKTOP-22AN8KV;37,5;89,3;10,47;91,2;30,0;6,0
2026-08-12 14:39:19;DESKTOP-22AN8KV;37,7;87,6;10,26;91,2;42,0;4,0
2026-08-12 14:39:31;DESKTOP-22AN8KV;39,3;87,7;10,28;91,1;96,0;7,0
2026-08-12 14:39:42;DESKTOP-22AN8KV;41,4;87,1;10,2;91,1;158,0;57,0
2026-08-12 14:39:54;DESKTOP-22AN8KV;46,3;86,7;10,15;91,1;80,0;40,0
2026-08-12 14:40:06;DESKTOP-22AN8KV;39,9;84,2;9,87;91,1;40,0;39,0
2026-08-12 14:40:17;DESKTOP-22AN8KV;48,4;86,3;10,11;91,1;82,0;39,0
2026-08-12 14:40:29;DESKTOP-22AN8KV;34,3;85,9;10,06;91,1;44,0;6,0
2026-08-12 14:40:40;DESKTOP-22AN8KV;39,5;85,8;10,05;91,1;23,0;12,0
2026-08-12 14:40:52;DESKTOP-22AN8KV;38,0;86,2;10,1;91,1;28,0;11,0
2026-08-12 14:41:03;DESKTOP-22AN8KV;35,1;86,1;10,09;91,1;34,0;9,0
2026-08-12 14:45:21;DESKTOP-22AN8KV;0,0;87,0;10,2;90,8;0,0;0,0
2026-08-12 14:45:33;DESKTOP-22AN8KV;35,7;86,7;10,15;90,8;131,0;140,0
2026-08-12 14:45:44;DESKTOP-22AN8KV;30,9;86,2;10,1;90,8;36,0;82,0
2026-08-12 14:45:56;DESKTOP-22AN8KV;35,5;89,1;10,44;90,8;138,0;106,0
2026-08-12 14:46:07;DESKTOP-22AN8KV;33,4;87,8;10,29;90,8;116,0;343,0
2026-08-12 14:46:19;DESKTOP-22AN8KV;26,4;86,8;10,17;90,8;67,0;239,0
2026-08-12 14:46:30;DESKTOP-22AN8KV;24,6;85,6;10,03;90,8;37,0;56,0
2026-08-12 14:46:42;DESKTOP-22AN8KV;23,1;86,2;10,1;90,8;130,0;385,0
2026-08-12 14:46:53;DESKTOP-22AN8KV;28,2;86,5;10,14;90,8;105,0;295,0
2026-08-12 14:47:05;DESKTOP-22AN8KV;37,9;87,6;10,26;90,8;134,0;44,0
2026-08-12 14:47:16;DESKTOP-22AN8KV;44,0;85,1;9,97;90,9;154,0;91,0
2026-08-12 14:47:28;DESKTOP-22AN8KV;45,9;84,5;9,9;90,9;60,0;52,0
2026-08-12 14:47:40;DESKTOP-22AN8KV;44,0;85,4;10,01;90,8;84,0;55,0
2026-08-12 14:47:51;DESKTOP-22AN8KV;34,4;85,3;9,99;90,8;50,0;45,0
2026-08-12 14:48:03;DESKTOP-22AN8KV;24,2;82,4;9,66;90,8;53,0;27,0
2026-08-12 14:48:14;DESKTOP-22AN8KV;14,0;81,7;9,57;90,8;67,0;27,0
2026-08-12 14:48:26;DESKTOP-22AN8KV;13,4;81,4;9,54;90,8;40,0;16,0
2026-08-12 14:48:37;DESKTOP-22AN8KV;12,3;80,7;9,45;90,8;28,0;14,0
2026-08-12 14:48:49;DESKTOP-22AN8KV;11,5;80,9;9,48;90,8;45,0;15,0
2026-08-12 14:49:00;DESKTOP-22AN8KV;13,1;81,0;9,49;90,8;34,0;8,0
2026-08-12 14:49:12;DESKTOP-22AN8KV;15,6;81,5;9,55;90,8;33,0;8,0
2026-08-12 14:49:23;DESKTOP-22AN8KV;13,7;81,8;9,59;90,8;32,0;19,0
2026-08-12 14:49:35;DESKTOP-22AN8KV;25,4;85,7;10,04;90,8;354,0;54,0
2026-08-12 14:49:46;DESKTOP-22AN8KV;12,0;85,9;10,07;90,8;201,0;50,0
2026-08-12 14:49:58;DESKTOP-22AN8KV;13,1;86,0;10,07;90,8;310,0;19,0
2026-08-12 14:50:10;DESKTOP-22AN8KV;16,5;85,9;10,06;90,8;94,0;46,0
2026-08-12 14:50:21;DESKTOP-22AN8KV;10,4;85,1;9,97;90,8;189,0;18,0
2026-08-12 14:50:33;DESKTOP-22AN8KV;11,0;84,4;9,89;90,8;86,0;7,0
2026-08-12 14:50:44;DESKTOP-22AN8KV;13,3;84,0;9,84;90,8;91,0;5,0
2026-08-12 14:50:56;DESKTOP-22AN8KV;17,5;85,3;10,0;90,8;73,0;13,0
2026-08-12 14:51:07;DESKTOP-22AN8KV;26,8;84,6;9,91;90,8;75,0;20,0
2026-08-12 14:51:19;DESKTOP-22AN8KV;22,3;84,1;9,86;90,8;61,0;24,0
2026-08-12 14:51:30;DESKTOP-22AN8KV;30,7;83,5;9,78;90,8;59,0;11,0
2026-08-12 14:51:42;DESKTOP-22AN8KV;29,2;83,4;9,77;90,8;64,0;7,0
2026-08-12 14:51:53;DESKTOP-22AN8KV;23,4;83,4;9,77;90,8;48,0;14,0
2026-08-12 14:52:05;DESKTOP-22AN8KV;31,8;85,4;10,01;90,8;43,0;16,0
2026-08-12 14:52:17;DESKTOP-22AN8KV;28,9;84,9;9,94;90,8;120,0;41,0
2026-08-12 14:52:28;DESKTOP-22AN8KV;25,4;85,3;9,99;90,8;538,0;530,0
2026-08-12 14:52:40;DESKTOP-22AN8KV;16,8;83,1;9,73;90,8;39,0;30,0
2026-08-12 14:52:51;DESKTOP-22AN8KV;17,9;83,7;9,8;90,8;55,0;56,0
2026-08-12 14:53:03;DESKTOP-22AN8KV;12,3;83,3;9,76;90,8;90,0;64,0
2026-08-12 14:53:14;DESKTOP-22AN8KV;14,4;83,3;9,76;90,8;98,0;48,0
2026-08-12 14:53:26;DESKTOP-22AN8KV;23,7;88,7;10,4;90,8;208,0;448,0
2026-08-12 14:53:37;DESKTOP-22AN8KV;15,1;84,3;9,87;90,8;75,0;436,0
2026-08-12 14:53:49;DESKTOP-22AN8KV;21,9;86,5;10,13;90,8;194,0;250,0
2026-08-12 14:54:00;DESKTOP-22AN8KV;14,2;85,2;9,98;90,8;54,0;49,0
2026-08-12 14:54:12;DESKTOP-22AN8KV;11,9;84,9;9,95;90,8;58,0;4,0
2026-08-12 14:54:24;DESKTOP-22AN8KV;12,5;84,2;9,87;90,8;51,0;67,0
2026-08-12 14:54:35;DESKTOP-22AN8KV;12,0;84,0;9,84;90,8;47,0;12,0
2026-08-12 14:54:47;DESKTOP-22AN8KV;12,6;84,4;9,89;90,8;38,0;5,0
2026-08-12 14:54:58;DESKTOP-22AN8KV;15,5;85,9;10,06;90,8;39,0;8,0
2026-08-12 14:55:10;DESKTOP-22AN8KV;14,5;86,2;10,1;90,8;111,0;41,0
2026-08-12 14:55:21;DESKTOP-22AN8KV;12,1;86,0;10,08;90,8;58,0;9,0
2026-08-12 14:55:33;DESKTOP-22AN8KV;11,4;85,7;10,04;90,8;60,0;1,0
2026-08-12 14:55:44;DESKTOP-22AN8KV;13,2;85,0;9,96;90,8;62,0;5,0
2026-08-12 14:55:56;DESKTOP-22AN8KV;12,9;85,1;9,97;90,8;80,0;9,0
2026-08-12 14:56:07;DESKTOP-22AN8KV;30,6;85,6;10,03;90,8;724,0;20,0
2026-08-12 14:56:19;DESKTOP-22AN8KV;23,2;85,1;9,97;90,8;80,0;23,0
2026-08-12 14:56:30;DESKTOP-22AN8KV;23,8;85,3;9,99;90,8;66,0;18,0
2026-08-12 14:56:42;DESKTOP-22AN8KV;25,1;85,3;10,0;90,8;71,0;13,0
2026-08-12 14:56:54;DESKTOP-22AN8KV;23,5;85,3;10,0;90,8;54,0;8,0
2026-08-12 14:57:05;DESKTOP-22AN8KV;32,4;85,1;9,97;90,8;610,0;26,0
2026-08-12 14:57:17;DESKTOP-22AN8KV;21,6;85,0;9,96;90,8;63,0;10,0
2026-08-12 14:57:28;DESKTOP-22AN8KV;25,3;84,9;9,95;90,8;72,0;10,0
2026-08-12 14:57:40;DESKTOP-22AN8KV;25,6;84,9;9,94;90,8;51,0;5,0
2026-08-12 14:57:51;DESKTOP-22AN8KV;21,6;84,9;9,95;90,8;34,0;12,0
2026-08-12 14:58:03;DESKTOP-22AN8KV;23,8;84,8;9,94;90,8;42,0;11,0
2026-08-12 14:58:14;DESKTOP-22AN8KV;24,7;84,8;9,93;90,8;44,0;7,0
2026-08-12 14:58:26;DESKTOP-22AN8KV;22,6;84,8;9,93;90,8;41,0;11,0
2026-08-12 14:58:37;DESKTOP-22AN8KV;23,8;84,8;9,94;90,8;32,0;3,0
2026-08-12 14:58:49;DESKTOP-22AN8KV;33,2;78,7;9,22;90,8;34,0;5,0
2026-08-12 14:59:01;DESKTOP-22AN8KV;23,3;78,8;9,23;90,8;30,0;6,0
2026-08-12 14:59:12;DESKTOP-22AN8KV;24,6;78,8;9,23;90,8;30,0;5,0
2026-08-12 14:59:24;DESKTOP-22AN8KV;21,6;78,8;9,23;90,8;34,0;11,0
2026-08-12 14:59:35;DESKTOP-22AN8KV;23,4;78,8;9,23;90,8;20,0;3,0
2026-08-12 14:59:47;DESKTOP-22AN8KV;24,5;78,6;9,21;90,8;33,0;11,0
2026-08-12 14:59:58;DESKTOP-22AN8KV;22,5;78,7;9,22;90,8;26,0;6,0
2026-08-12 15:00:10;DESKTOP-22AN8KV;32,0;79,8;9,35;90,8;60,0;28,0
2026-08-12 15:00:21;DESKTOP-22AN8KV;26,3;79,3;9,29;90,8;31,0;4,0
2026-08-12 15:00:33;DESKTOP-22AN8KV;22,9;78,9;9,24;90,8;28,0;4,0
2026-08-12 15:00:45;DESKTOP-22AN8KV;24,7;78,5;9,2;90,8;28,0;4,0
2026-08-12 15:00:56;DESKTOP-22AN8KV;20,8;78,5;9,2;90,8;28,0;6,0
2026-08-12 15:01:08;DESKTOP-22AN8KV;23,1;78,5;9,19;90,8;36,0;8,0
2026-08-12 15:01:19;DESKTOP-22AN8KV;38,2;78,7;9,22;90,8;26,0;4,0
2026-08-12 15:01:31;DESKTOP-22AN8KV;22,8;78,7;9,22;90,8;33,0;4,0
2026-08-12 15:01:42;DESKTOP-22AN8KV;26,5;78,8;9,23;90,8;31,0;2,0
2026-08-12 15:01:54;DESKTOP-22AN8KV;27,4;78,8;9,23;90,8;31,0;11,0
2026-08-12 15:02:05;DESKTOP-22AN8KV;23,2;78,8;9,23;90,8;889,0;23,0
2026-08-12 15:02:17;DESKTOP-22AN8KV;23,8;78,8;9,23;90,8;27,0;5,0
2026-08-12 15:02:28;DESKTOP-22AN8KV;27,3;76,3;8,93;90,8;25,0;4,0
2026-08-12 15:02:40;DESKTOP-22AN8KV;35,8;79,6;9,32;90,8;182,0;48,0
2026-08-12 15:02:52;DESKTOP-22AN8KV;34,4;79,4;9,31;90,8;126,0;38,0
2026-08-12 15:03:03;DESKTOP-22AN8KV;27,5;78,3;9,18;90,8;33,0;12,0
2026-08-12 15:03:15;DESKTOP-22AN8KV;33,8;78,7;9,22;90,8;66,0;8,0
2026-08-12 15:03:26;DESKTOP-22AN8KV;23,8;79,3;9,29;90,8;150,0;88,0
2026-08-12 15:03:38;DESKTOP-22AN8KV;18,5;81,4;9,53;90,8;41,0;22,0
2026-08-12 15:03:49;DESKTOP-22AN8KV;25,8;81,4;9,54;90,8;5351,0;41,0
2026-08-12 15:04:01;DESKTOP-22AN8KV;25,3;81,9;9,59;90,8;44,0;7,0
2026-08-12 15:04:12;DESKTOP-22AN8KV;26,2;81,4;9,53;90,8;274,0;5,0
2026-08-12 15:04:24;DESKTOP-22AN8KV;29,1;78,5;9,2;90,8;50,0;17,0
2026-08-12 15:04:36;DESKTOP-22AN8KV;30,6;77,3;9,06;90,8;69,0;13,0
2026-08-12 15:04:47;DESKTOP-22AN8KV;24,3;77,7;9,1;90,8;136,0;31,0
2026-08-12 15:04:59;DESKTOP-22AN8KV;16,7;77,9;9,12;90,8;66,0;32,0
2026-08-12 15:05:10;DESKTOP-22AN8KV;22,4;78,5;9,19;90,8;607,0;48,0
2026-08-12 15:05:22;DESKTOP-22AN8KV;19,3;79,9;9,36;90,8;70,0;15,0
2026-08-12 15:05:33;DESKTOP-22AN8KV;14,8;79,0;9,26;90,8;49,0;22,0
2026-08-12 15:05:45;DESKTOP-22AN8KV;16,3;77,7;9,11;90,8;31,0;5,0
2026-08-12 15:05:56;DESKTOP-22AN8KV;14,2;79,5;9,32;90,8;47,0;19,0
2026-08-12 15:06:08;DESKTOP-22AN8KV;20,2;78,7;9,22;90,8;28,0;5,0
2026-08-12 15:06:19;DESKTOP-22AN8KV;10,1;78,2;9,17;90,8;32,0;5,0
2026-08-12 15:06:31;DESKTOP-22AN8KV;17,9;79,1;9,26;90,8;75,0;41,0
2026-08-12 15:06:42;DESKTOP-22AN8KV;18,6;78,9;9,24;90,8;32,0;5,0
2026-08-12 15:06:54;DESKTOP-22AN8KV;14,3;78,0;9,13;90,8;60,0;15,0
2026-08-12 15:07:06;DESKTOP-22AN8KV;19,9;78,5;9,19;90,8;48,0;12,0
2026-08-12 15:07:17;DESKTOP-22AN8KV;15,3;79,8;9,34;90,8;51,0;13,0
2026-08-12 15:07:29;DESKTOP-22AN8KV;25,6;78,3;9,17;90,8;70,0;19,0
2026-08-12 15:07:40;DESKTOP-22AN8KV;17,2;79,9;9,36;90,8;64,0;20,0
2026-08-12 15:07:52;DESKTOP-22AN8KV;21,3;80,3;9,41;90,8;50,0;15,0
2026-08-12 15:08:03;DESKTOP-22AN8KV;16,3;80,3;9,4;90,8;43,0;18,0
2026-08-12 15:08:15;DESKTOP-22AN8KV;30,3;81,8;9,59;90,8;80,0;37,0
2026-08-12 15:08:26;DESKTOP-22AN8KV;21,3;84,2;9,86;90,9;5369,0;124,0
2026-08-12 15:08:38;DESKTOP-22AN8KV;18,7;82,5;9,67;90,9;29,0;2,0
2026-08-12 15:08:49;DESKTOP-22AN8KV;17,7;81,2;9,51;90,9;28,0;4,0
2026-08-12 15:09:01;DESKTOP-22AN8KV;14,1;80,4;9,42;90,9;73,0;5,0
2026-08-12 15:09:12;DESKTOP-22AN8KV;15,2;79,7;9,34;90,9;38,0;18,0
2026-08-12 15:09:24;DESKTOP-22AN8KV;20,6;79,1;9,26;90,9;37,0;13,0
2026-08-12 15:09:35;DESKTOP-22AN8KV;22,7;77,5;9,08;90,9;42,0;13,0
2026-08-12 15:09:47;DESKTOP-22AN8KV;25,7;77,0;9,02;90,9;28,0;5,0
2026-08-12 15:09:59;DESKTOP-22AN8KV;24,3;76,8;9,0;90,9;41,0;7,0
2026-08-12 15:10:10;DESKTOP-22AN8KV;22,7;77,0;9,02;90,9;314,0;37,0
2026-08-12 15:10:22;DESKTOP-22AN8KV;25,3;76,9;9,01;90,9;46,0;14,0
2026-08-12 15:10:33;DESKTOP-22AN8KV;25,9;76,9;9,01;90,8;46,0;6,0
2026-08-12 15:10:45;DESKTOP-22AN8KV;23,7;77,9;9,13;90,8;47,0;11,0
2026-08-12 15:10:56;DESKTOP-22AN8KV;29,0;78,0;9,14;90,8;235,0;16,0
2026-08-12 15:11:08;DESKTOP-22AN8KV;19,1;75,7;8,87;90,8;189,0;68,0
2026-08-12 15:11:19;DESKTOP-22AN8KV;18,4;76,3;8,93;90,8;80,0;38,0
2026-08-12 15:11:31;DESKTOP-22AN8KV;13,6;75,9;8,9;90,8;68,0;18,0
2026-08-12 15:11:43;DESKTOP-22AN8KV;25,5;76,1;8,91;90,9;68025,0;602,0
2026-08-12 15:11:54;DESKTOP-22AN8KV;23,8;81,4;9,54;90,9;122757,0;958,0
2026-08-12 15:12:06;DESKTOP-22AN8KV;18,7;76,8;9,0;90,9;76,0;21,0
2026-08-12 15:12:17;DESKTOP-22AN8KV;22,2;77,5;9,08;90,9;800,0;31,0
2026-08-12 15:12:29;DESKTOP-22AN8KV;19,9;79,0;9,25;90,9;98182,0;717,0
2026-08-12 15:12:40;DESKTOP-22AN8KV;26,2;79,8;9,35;90,9;92819,0;916,0
2026-08-12 15:12:52;DESKTOP-22AN8KV;15,0;80,3;9,4;90,9;45,0;26,0
2026-08-12 15:13:03;DESKTOP-22AN8KV;16,5;79,5;9,32;90,9;54,0;17,0
2026-08-12 15:13:15;DESKTOP-22AN8KV;19,4;79,7;9,34;90,9;865,0;24,0
2026-08-12 15:13:26;DESKTOP-22AN8KV;16,3;79,3;9,3;90,9;40,0;7,0
2026-08-12 15:13:38;DESKTOP-22AN8KV;18,2;79,9;9,36;90,9;56,0;30,0
2026-08-12 15:13:49;DESKTOP-22AN8KV;16,7;78,9;9,25;90,9;31,0;7,0
2026-08-12 15:14:01;DESKTOP-22AN8KV;12,9;78,8;9,23;90,9;45,0;14,0
2026-08-12 15:14:12;DESKTOP-22AN8KV;14,6;79,1;9,27;90,9;511,0;10,0
2026-08-12 15:14:24;DESKTOP-22AN8KV;15,4;78,6;9,2;90,9;302,0;17,0
2026-08-12 15:14:36;DESKTOP-22AN8KV;12,0;78,9;9,24;90,9;66,0;25,0
2026-08-12 15:14:47;DESKTOP-22AN8KV;16,9;78,6;9,21;90,9;60,0;18,0
2026-08-12 15:14:59;DESKTOP-22AN8KV;15,6;80,4;9,42;90,9;51,0;13,0
2026-08-12 15:15:10;DESKTOP-22AN8KV;15,1;81,5;9,55;90,9;101,0;69,0
2026-08-12 15:15:22;DESKTOP-22AN8KV;13,0;81,9;9,59;90,9;63,0;18,0
2026-08-12 15:15:33;DESKTOP-22AN8KV;13,4;81,6;9,56;90,9;90,0;120,0
2026-08-12 15:15:45;DESKTOP-22AN8KV;26,3;78,5;9,19;90,9;27,0;15,0
2026-08-12 15:15:56;DESKTOP-22AN8KV;28,1;79,3;9,29;90,9;39,0;12,0
2026-08-12 15:16:08;DESKTOP-22AN8KV;24,0;78,7;9,22;90,9;58,0;16,0
2026-08-12 15:16:19;DESKTOP-22AN8KV;27,1;78,7;9,22;90,9;48,0;11,0
2026-08-12 15:16:31;DESKTOP-22AN8KV;38,2;86,9;10,18;90,9;462,0;547,0
2026-08-12 15:16:43;DESKTOP-22AN8KV;15,6;84,7;9,92;90,9;316,0;1070,0
2026-08-12 15:16:54;DESKTOP-22AN8KV;16,9;85,6;10,02;90,9;39,0;106,0
2026-08-12 15:17:06;DESKTOP-22AN8KV;12,6;84,2;9,87;90,9;38,0;17,0
2026-08-12 15:17:17;DESKTOP-22AN8KV;9,4;84,2;9,87;90,9;39,0;29,0
2026-08-12 15:17:29;DESKTOP-22AN8KV;13,5;84,3;9,87;90,9;69,0;1742,0
2026-08-12 15:17:40;DESKTOP-22AN8KV;20,0;85,1;9,97;90,9;67,0;90,0
2026-08-12 15:17:52;DESKTOP-22AN8KV;20,1;84,8;9,94;90,9;52,0;40,0
2026-08-12 15:18:03;DESKTOP-22AN8KV;28,8;84,5;9,9;90,9;48,0;11,0
2026-08-12 15:18:15;DESKTOP-22AN8KV;33,8;84,9;9,95;90,9;91,0;65,0
2026-08-12 15:18:26;DESKTOP-22AN8KV;28,9;85,9;10,06;90,9;86,0;1803,0
2026-08-12 15:18:38;DESKTOP-22AN8KV;29,5;88,9;10,42;90,9;2220,0;1940,0
2026-08-12 15:18:49;DESKTOP-22AN8KV;21,9;85,6;10,03;90,9;311,0;86,0
2026-08-12 15:19:01;DESKTOP-22AN8KV;26,5;83,3;9,76;90,9;78,0;1743,0
2026-08-12 15:19:13;DESKTOP-22AN8KV;28,1;83,4;9,77;90,9;271,0;304,0
2026-08-12 15:19:24;DESKTOP-22AN8KV;35,1;82,4;9,66;90,9;190,0;1743,0
2026-08-12 15:19:36;DESKTOP-22AN8KV;26,2;82,0;9,61;90,9;62,0;46,0
2026-08-12 15:19:47;DESKTOP-22AN8KV;34,8;82,1;9,62;90,9;83,0;1740,0
2026-08-12 15:19:59;DESKTOP-22AN8KV;32,8;83,8;9,82;90,9;220,0;2035,0
2026-08-12 15:20:10;DESKTOP-22AN8KV;23,9;83,1;9,73;90,9;327,0;2121,0
2026-08-12 15:20:22;DESKTOP-22AN8KV;23,1;82,8;9,7;90,9;49,0;83,0
2026-08-12 15:20:33;DESKTOP-22AN8KV;31,1;83,6;9,8;90,9;430,0;1803,0
2026-08-12 15:20:45;DESKTOP-22AN8KV;32,0;84,2;9,86;90,9;72,0;84,0
2026-08-12 15:20:56;DESKTOP-22AN8KV;26,0;84,3;9,88;90,9;88,0;49,0
2026-08-12 15:21:08;DESKTOP-22AN8KV;26,5;83,7;9,8;90,9;57,0;25,0
2026-08-12 15:21:20;DESKTOP-22AN8KV;24,6;86,2;10,1;90,9;79,0;57,0
2026-08-12 15:21:31;DESKTOP-22AN8KV;16,4;85,1;9,97;90,9;71,0;28,0
2026-08-12 15:21:43;DESKTOP-22AN8KV;17,2;84,7;9,92;90,9;46,0;18,0
2026-08-12 15:21:54;DESKTOP-22AN8KV;14,8;84,6;9,92;90,9;34,0;25,0
2026-08-12 15:22:06;DESKTOP-22AN8KV;16,8;86,8;10,17;90,9;49,0;23,0
2026-08-12 15:22:17;DESKTOP-22AN8KV;27,9;84,7;9,92;90,9;41,0;26,0
2026-08-12 15:22:29;DESKTOP-22AN8KV;27,2;84,2;9,86;90,9;99,0;30,0
2026-08-12 15:22:40;DESKTOP-22AN8KV;25,8;82,2;9,64;90,9;41,0;25,0
2026-08-12 15:22:52;DESKTOP-22AN8KV;25,3;81,9;9,6;90,9;25,0;12,0
2026-08-12 15:23:04;DESKTOP-22AN8KV;21,2;81,7;9,58;90,9;26,0;7,0
2026-08-12 15:23:15;DESKTOP-22AN8KV;23,6;81,4;9,54;90,9;20,0;24,0
2026-08-12 15:23:27;DESKTOP-22AN8KV;23,7;81,4;9,54;90,9;45,0;12,0
2026-08-12 15:23:38;DESKTOP-22AN8KV;24,2;81,4;9,54;90,9;71,0;17,0
2026-08-12 15:23:50;DESKTOP-22AN8KV;23,0;82,5;9,66;90,9;35,0;16,0
2026-08-12 15:24:01;DESKTOP-22AN8KV;11,0;82,6;9,67;90,9;310,0;22,0
2026-08-12 15:24:13;DESKTOP-22AN8KV;6,4;83,1;9,73;90,9;29,0;11,0
2026-08-12 15:24:24;DESKTOP-22AN8KV;20,8;83,9;9,83;90,9;98,0;49,0
2026-08-12 15:24:36;DESKTOP-22AN8KV;30,7;82,9;9,71;90,9;51,0;13,0
2026-08-12 15:24:48;DESKTOP-22AN8KV;34,9;82,8;9,7;90,9;38,0;15,0
2026-08-12 15:24:59;DESKTOP-22AN8KV;32,2;82,8;9,7;90,9;193,0;39,0
2026-08-12 15:25:11;DESKTOP-22AN8KV;28,2;83,6;9,79;90,9;57,0;25,0
2026-08-12 15:25:22;DESKTOP-22AN8KV;24,5;83,4;9,78;90,9;42,0;17,0
2026-08-12 15:25:34;DESKTOP-22AN8KV;25,2;83,1;9,74;90,9;59,0;3,0
2026-08-12 15:25:45;DESKTOP-22AN8KV;28,6;82,7;9,69;90,9;26,0;5,0
2026-08-12 15:25:57;DESKTOP-22AN8KV;26,9;82,7;9,69;90,9;40,0;17,0
2026-08-12 15:26:08;DESKTOP-22AN8KV;26,8;82,8;9,69;90,9;46,0;14,0
2026-08-12 15:26:20;DESKTOP-22AN8KV;26,0;82,8;9,7;90,9;59,0;12,0
2026-08-12 15:26:32;DESKTOP-22AN8KV;23,6;82,7;9,68;90,9;45,0;3,0
2026-08-12 15:26:43;DESKTOP-22AN8KV;26,4;82,7;9,69;90,9;30,0;12,0
2026-08-12 15:26:55;DESKTOP-22AN8KV;31,3;82,8;9,7;90,9;40,0;22,0
2026-08-12 15:27:06;DESKTOP-22AN8KV;26,9;83,0;9,72;90,9;44,0;17,0
2026-08-12 15:27:18;DESKTOP-22AN8KV;25,4;82,9;9,71;90,9;75,0;15,0
2026-08-12 15:27:29;DESKTOP-22AN8KV;27,7;82,7;9,69;90,9;66,0;4,0
2026-08-12 15:27:41;DESKTOP-22AN8KV;30,4;84,4;9,89;90,9;126,0;17,0
2026-08-12 15:27:52;DESKTOP-22AN8KV;27,2;84,4;9,88;90,9;52,0;22,0
2026-08-12 15:28:04;DESKTOP-22AN8KV;27,2;83,5;9,79;90,9;37,0;12,0
2026-08-12 15:28:16;DESKTOP-22AN8KV;25,0;84,1;9,85;90,9;48,0;17,0
2026-08-12 15:28:27;DESKTOP-22AN8KV;26,3;84,0;9,84;90,9;213,0;16,0
2026-08-12 15:28:39;DESKTOP-22AN8KV;25,9;83,4;9,77;90,9;25,0;4,0
2026-08-12 15:28:50;DESKTOP-22AN8KV;29,3;83,3;9,75;90,9;52,0;17,0
2026-08-12 15:29:02;DESKTOP-22AN8KV;27,7;83,1;9,74;90,9;51,0;6,0
2026-08-12 15:29:13;DESKTOP-22AN8KV;26,0;83,2;9,75;90,9;51,0;12,0
2026-08-12 15:29:25;DESKTOP-22AN8KV;28,1;83,0;9,73;90,9;47,0;6,0
2026-08-12 15:29:36;DESKTOP-22AN8KV;31,4;82,9;9,71;90,9;42,0;5,0
2026-08-12 15:29:48;DESKTOP-22AN8KV;24,2;82,9;9,72;90,9;43,0;9,0
2026-08-12 15:30:00;DESKTOP-22AN8KV;27,3;83,4;9,77;90,9;78,0;15,0
2026-08-12 15:30:11;DESKTOP-22AN8KV;32,8;83,7;9,81;90,9;171,0;39,0
2026-08-12 15:30:23;DESKTOP-22AN8KV;41,2;87,1;10,2;90,9;292,0;24,0
2026-08-12 15:30:34;DESKTOP-22AN8KV;37,8;86,3;10,1;90,9;672,0;40,0
2026-08-12 15:30:46;DESKTOP-22AN8KV;38,7;85,6;10,03;90,9;38,0;10,0
2026-08-12 15:30:57;DESKTOP-22AN8KV;36,8;85,4;10,0;90,9;39,0;11,0
2026-08-12 15:31:09;DESKTOP-22AN8KV;38,7;84,8;9,93;90,9;461,0;12,0
2026-08-12 15:31:20;DESKTOP-22AN8KV;38,6;84,6;9,92;90,9;33,0;7,0
2026-08-12 15:31:32;DESKTOP-22AN8KV;39,6;82,9;9,71;90,9;259,0;14,0
2026-08-12 15:31:44;DESKTOP-22AN8KV;34,3;81,6;9,56;90,9;45,0;10,0
2026-08-12 15:31:55;DESKTOP-22AN8KV;32,8;84,4;9,89;90,9;188,0;88,0
2026-08-12 15:32:07;DESKTOP-22AN8KV;32,1;88,1;10,33;90,9;4971,0;277,0
2026-08-12 15:32:18;DESKTOP-22AN8KV;22,6;86,3;10,11;90,9;1215,0;129,0
2026-08-12 15:32:30;DESKTOP-22AN8KV;13,8;84,1;9,86;90,9;326,0;48,0
2026-08-12 15:32:41;DESKTOP-22AN8KV;9,2;83,7;9,8;90,9;54,0;16,0
2026-08-12 15:32:53;DESKTOP-22AN8KV;6,9;83,6;9,79;90,9;61,0;24,0
2026-08-12 15:33:04;DESKTOP-22AN8KV;14,6;83,7;9,8;90,9;2258,0;239,0
2026-08-12 15:33:16;DESKTOP-22AN8KV;18,5;83,8;9,82;90,9;71,0;42,0
2026-08-12 15:33:27;DESKTOP-22AN8KV;15,0;84,1;9,85;90,9;80,0;21,0
2026-08-12 15:33:39;DESKTOP-22AN8KV;15,6;84,6;9,92;90,9;49,0;17,0
2026-08-12 15:33:51;DESKTOP-22AN8KV;14,8;84,2;9,87;90,9;413,0;16,0
2026-08-12 15:34:02;DESKTOP-22AN8KV;7,5;83,0;9,72;90,9;34,0;7,0
2026-08-12 15:34:14;DESKTOP-22AN8KV;8,7;82,2;9,63;90,9;69,0;31,0
2026-08-12 15:34:25;DESKTOP-22AN8KV;10,8;82,0;9,61;90,9;31,0;3,0
2026-08-12 15:34:37;DESKTOP-22AN8KV;12,4;81,8;9,58;90,9;24,0;3,0
2026-08-12 15:34:48;DESKTOP-22AN8KV;16,2;83,9;9,83;90,9;97,0;26,0
2026-08-12 15:35:00;DESKTOP-22AN8KV;10,2;82,1;9,62;90,9;94,0;21,0
2026-08-12 15:35:11;DESKTOP-22AN8KV;15,5;83,1;9,74;90,9;286,0;120,0
2026-08-12 15:35:23;DESKTOP-22AN8KV;8,7;82,5;9,67;90,9;133,0;70,0
2026-08-12 15:35:34;DESKTOP-22AN8KV;10,6;82,4;9,65;90,9;97,0;29,0
2026-08-12 15:35:46;DESKTOP-22AN8KV;14,6;83,3;9,76;90,9;28,0;21,0
2026-08-12 15:35:57;DESKTOP-22AN8KV;6,1;81,8;9,58;90,9;42,0;23,0
2026-08-12 15:36:09;DESKTOP-22AN8KV;8,1;81,6;9,56;90,9;40,0;19,0
2026-08-12 15:36:21;DESKTOP-22AN8KV;7,2;80,8;9,46;90,9;40,0;16,0
2026-08-12 15:36:32;DESKTOP-22AN8KV;6,6;80,5;9,43;90,9;89,0;18,0
2026-08-12 15:36:44;DESKTOP-22AN8KV;8,1;80,9;9,47;90,9;103,0;46,0
2026-08-12 15:36:55;DESKTOP-22AN8KV;9,2;80,9;9,48;90,9;39,0;13,0
2026-08-12 15:37:07;DESKTOP-22AN8KV;5,3;80,8;9,46;90,9;260,0;18,0
2026-08-12 15:37:18;DESKTOP-22AN8KV;6,9;80,6;9,44;90,9;79,0;4,0
2026-08-12 15:37:30;DESKTOP-22AN8KV;5,9;80,3;9,41;90,9;63,0;7,0
2026-08-12 15:37:41;DESKTOP-22AN8KV;6,1;80,7;9,46;90,9;40,0;10,0
2026-08-12 15:37:53;DESKTOP-22AN8KV;7,3;80,7;9,45;90,9;249,0;11,0
2026-08-12 15:38:04;DESKTOP-22AN8KV;9,5;80,9;9,48;90,9;41,0;13,0
2026-08-12 15:38:16;DESKTOP-22AN8KV;10,6;82,3;9,64;90,9;285,0;111,0
2026-08-12 15:38:27;DESKTOP-22AN8KV;11,0;82,1;9,62;90,9;60,0;44,0
2026-08-12 15:38:39;DESKTOP-22AN8KV;10,0;81,7;9,57;90,9;39,0;9,0
2026-08-12 15:38:51;DESKTOP-22AN8KV;6,8;81,5;9,54;90,9;24,0;12,0
2026-08-12 15:39:02;DESKTOP-22AN8KV;15,6;80,6;9,44;90,9;101,0;46,0
2026-08-12 15:39:14;DESKTOP-22AN8KV;8,6;80,3;9,41;90,9;32,0;18,0
2026-08-12 15:39:25;DESKTOP-22AN8KV;7,9;80,0;9,37;90,9;30,0;3,0
2026-08-12 15:39:37;DESKTOP-22AN8KV;8,4;79,8;9,35;90,9;32,0;19,0
2026-08-12 15:39:48;DESKTOP-22AN8KV;10,1;80,4;9,42;90,9;84,0;44,0
2026-08-12 15:40:00;DESKTOP-22AN8KV;10,2;80,3;9,41;90,9;39,0;21,0
2026-08-12 15:40:11;DESKTOP-22AN8KV;16,7;81,3;9,52;90,9;79,0;1738,0
2026-08-12 15:40:23;DESKTOP-22AN8KV;11,6;81,1;9,5;90,9;31,0;37,0
2026-08-12 15:40:34;DESKTOP-22AN8KV;20,3;81,4;9,53;90,9;39,0;40,0
2026-08-12 15:40:46;DESKTOP-22AN8KV;23,2;81,4;9,53;90,9;45,0;1743,0
2026-08-12 15:40:57;DESKTOP-22AN8KV;19,3;81,3;9,52;90,9;92,0;1851,0
2026-08-12 15:41:09;DESKTOP-22AN8KV;20,6;81,2;9,52;90,9;99,0;34,0
2026-08-12 15:41:21;DESKTOP-22AN8KV;18,3;81,2;9,52;90,9;78,0;1906,0
2026-08-12 15:41:32;DESKTOP-22AN8KV;17,5;81,2;9,51;90,9;255,0;66,0
2026-08-12 15:41:44;DESKTOP-22AN8KV;17,9;81,3;9,53;90,9;60,0;1737,0
2026-08-12 15:41:55;DESKTOP-22AN8KV;14,4;80,6;9,44;90,9;62,0;100,0
2026-08-12 15:42:07;DESKTOP-22AN8KV;23,0;81,1;9,5;90,9;41,0;1742,0
2026-08-12 15:42:18;DESKTOP-22AN8KV;23,2;81,5;9,55;90,9;34,0;1794,0
2026-08-12 15:42:30;DESKTOP-22AN8KV;16,1;81,4;9,53;90,9;59,0;1807,0
2026-08-12 15:42:41;DESKTOP-22AN8KV;18,9;81,6;9,56;90,9;98,0;1798,0
2026-08-12 15:42:53;DESKTOP-22AN8KV;23,8;82,0;9,61;90,9;107,0;84,0
2026-08-12 15:43:04;DESKTOP-22AN8KV;15,5;81,8;9,58;90,9;43,0;1817,0
2026-08-12 15:43:16;DESKTOP-22AN8KV;23,4;81,9;9,6;90,9;32,0;47,0
2026-08-12 15:43:27;DESKTOP-22AN8KV;26,2;82,1;9,62;90,9;54,0;3076,0
2026-08-12 15:43:39;DESKTOP-22AN8KV;23,5;81,7;9,57;90,9;47,0;549,0
2026-08-12 15:43:51;DESKTOP-22AN8KV;20,8;81,5;9,55;90,9;119,0;1816,0
2026-08-12 15:44:02;DESKTOP-22AN8KV;23,5;79,0;9,26;90,9;329,0;146,0
2026-08-12 15:44:14;DESKTOP-22AN8KV;12,7;78,8;9,24;90,9;91,0;1806,0
2026-08-12 15:44:25;DESKTOP-22AN8KV;14,5;78,9;9,24;90,9;134,0;79,0
2026-08-12 15:44:37;DESKTOP-22AN8KV;11,1;78,6;9,21;90,9;63,0;22,0
2026-08-12 15:44:48;DESKTOP-22AN8KV;7,0;78,6;9,21;90,9;33,0;16,0
2026-08-12 15:45:00;DESKTOP-22AN8KV;14,1;79,3;9,29;90,9;68,0;25,0
2026-08-12 15:45:11;DESKTOP-22AN8KV;12,6;79,2;9,28;90,9;82,0;51,0
2026-08-12 15:45:23;DESKTOP-22AN8KV;13,0;79,3;9,29;90,9;44,0;4,0
2026-08-12 15:45:34;DESKTOP-22AN8KV;15,1;79,3;9,29;90,9;85,0;166,0
2026-08-12 15:45:46;DESKTOP-22AN8KV;9,3;78,8;9,23;90,9;34,0;3,0
2026-08-12 15:45:58;DESKTOP-22AN8KV;9,7;78,4;9,19;90,9;20,0;9,0
2026-08-12 15:46:09;DESKTOP-22AN8KV;9,5;78,3;9,17;90,9;90,0;25,0
2026-08-12 15:46:21;DESKTOP-22AN8KV;7,7;78,3;9,17;90,9;104,0;11,0
2026-08-12 15:46:32;DESKTOP-22AN8KV;14,2;78,3;9,17;90,9;44,0;41,0
2026-08-12 15:46:44;DESKTOP-22AN8KV;10,3;77,8;9,12;90,9;36,0;10,0
2026-08-12 15:46:55;DESKTOP-22AN8KV;8,3;77,9;9,12;90,9;43,0;12,0
2026-08-12 15:47:07;DESKTOP-22AN8KV;11,7;77,4;9,06;90,9;27,0;11,0
2026-08-12 15:47:18;DESKTOP-22AN8KV;11,3;77,3;9,05;90,9;29,0;5,0
2026-08-12 15:47:30;DESKTOP-22AN8KV;11,5;77,6;9,09;90,9;50,0;1749,0
2026-08-12 15:47:41;DESKTOP-22AN8KV;20,5;80,2;9,39;90,9;120,0;123,0
2026-08-12 15:47:53;DESKTOP-22AN8KV;7,9;79,1;9,26;90,9;52,0;22,0
2026-08-12 15:48:04;DESKTOP-22AN8KV;13,5;80,1;9,39;90,9;50,0;1754,0
2026-08-12 15:48:16;DESKTOP-22AN8KV;28,0;79,5;9,31;90,9;43,0;91,0
2026-08-12 15:48:28;DESKTOP-22AN8KV;25,6;79,7;9,33;90,9;35,0;23,0
2026-08-12 15:48:39;DESKTOP-22AN8KV;27,2;79,5;9,31;90,9;26,0;34,0
2026-08-12 15:48:51;DESKTOP-22AN8KV;27,1;79,4;9,3;90,9;51,0;19,0
2026-08-12 15:49:02;DESKTOP-22AN8KV;27,0;77,5;9,07;90,9;48,0;16,0
2026-08-12 15:49:14;DESKTOP-22AN8KV;25,7;78,2;9,16;90,9;28,0;9,0
2026-08-12 15:49:25;DESKTOP-22AN8KV;26,6;78,1;9,15;90,9;17,0;5,0
2026-08-12 15:49:37;DESKTOP-22AN8KV;26,1;79,0;9,26;90,9;81,0;1790,0
2026-08-12 15:49:48;DESKTOP-22AN8KV;14,5;77,9;9,13;90,9;48,0;50,0
2026-08-12 15:50:00;DESKTOP-22AN8KV;20,2;77,7;9,1;90,9;41,0;56,0
2026-08-12 15:50:12;DESKTOP-22AN8KV;15,9;77,8;9,11;90,9;98,0;1838,0
2026-08-12 15:50:23;DESKTOP-22AN8KV;20,9;77,5;9,08;90,9;29,0;7,0
2026-08-12 15:50:35;DESKTOP-22AN8KV;22,5;78,3;9,18;90,9;503,0;1789,0
2026-08-12 15:50:46;DESKTOP-22AN8KV;21,1;77,3;9,06;90,9;47,0;1850,0
2026-08-12 15:50:58;DESKTOP-22AN8KV;18,1;77,7;9,11;90,9;46,0;1844,0
2026-08-12 15:51:09;DESKTOP-22AN8KV;15,8;77,4;9,07;90,9;33,0;11,0
2026-08-12 15:51:21;DESKTOP-22AN8KV;18,7;78,5;9,2;90,9;35,0;99,0
2026-08-12 15:51:32;DESKTOP-22AN8KV;9,6;77,7;9,1;90,9;500,0;36,0
2026-08-12 15:51:44;DESKTOP-22AN8KV;11,3;77,8;9,12;90,9;35,0;13,0
2026-08-12 15:51:55;DESKTOP-22AN8KV;11,5;77,6;9,09;90,9;24,0;26,0
2026-08-12 15:52:07;DESKTOP-22AN8KV;12,8;77,9;9,12;90,9;51,0;5,0
2026-08-12 15:52:18;DESKTOP-22AN8KV;10,1;77,7;9,1;90,9;33,0;12,0
2026-08-12 15:52:30;DESKTOP-22AN8KV;11,4;77,8;9,12;90,9;40,0;9,0
2026-08-12 15:52:41;DESKTOP-22AN8KV;8,8;77,9;9,12;90,9;24,0;4,0
2026-08-12 15:52:53;DESKTOP-22AN8KV;7,9;77,4;9,07;90,9;17,0;7,0
2026-08-12 15:53:05;DESKTOP-22AN8KV;10,2;77,2;9,04;90,9;32,0;15,0
2026-08-12 15:53:16;DESKTOP-22AN8KV;15,5;77,1;9,03;90,9;88,0;6,0
2026-08-12 15:53:28;DESKTOP-22AN8KV;15,5;77,7;9,1;90,9;84,0;32,0
2026-08-12 15:53:39;DESKTOP-22AN8KV;9,0;77,3;9,06;90,9;32,0;11,0
2026-08-12 15:53:51;DESKTOP-22AN8KV;8,3;77,9;9,13;90,9;16,0;6,0
2026-08-12 15:54:02;DESKTOP-22AN8KV;9,1;76,9;9,01;90,9;29,0;16,0
2026-08-12 15:54:14;DESKTOP-22AN8KV;7,9;76,5;8,96;90,9;26,0;7,0
2026-08-12 15:54:25;DESKTOP-22AN8KV;10,4;75,7;8,86;90,9;27,0;4,0
2026-08-12 15:54:37;DESKTOP-22AN8KV;10,2;75,6;8,86;90,9;27,0;7,0
2026-08-12 15:54:48;DESKTOP-22AN8KV;8,4;75,9;8,89;90,9;35,0;7,0
2026-08-12 15:55:00;DESKTOP-22AN8KV;7,5;76,1;8,91;90,9;28,0;19,0
2026-08-12 15:55:11;DESKTOP-22AN8KV;8,9;76,8;9,0;90,9;66,0;30,0
2026-08-12 15:55:23;DESKTOP-22AN8KV;11,7;76,5;8,96;90,9;37,0;3,0
2026-08-12 15:55:34;DESKTOP-22AN8KV;8,1;76,2;8,93;90,9;51,0;10,0
2026-08-12 15:55:46;DESKTOP-22AN8KV;6,7;75,8;8,88;90,9;45,0;2,0
2026-08-12 15:55:58;DESKTOP-22AN8KV;8,1;75,8;8,88;90,9;24,0;12,0
2026-08-12 15:56:09;DESKTOP-22AN8KV;6,6;75,7;8,87;90,9;34,0;13,0
2026-08-12 15:56:21;DESKTOP-22AN8KV;6,0;75,6;8,86;90,9;26,0;3,0
2026-08-12 15:56:32;DESKTOP-22AN8KV;9,6;75,5;8,84;90,9;134,0;5,0
2026-08-12 15:56:44;DESKTOP-22AN8KV;8,4;75,7;8,87;90,9;410,0;16,0
2026-08-12 15:56:55;DESKTOP-22AN8KV;6,3;75,7;8,87;90,9;20,0;7,0
2026-08-12 15:57:07;DESKTOP-22AN8KV;8,1;75,7;8,87;90,9;37,0;15,0
2026-08-12 15:57:18;DESKTOP-22AN8KV;8,1;75,4;8,83;90,9;31,0;6,0
2026-08-12 15:57:30;DESKTOP-22AN8KV;6,9;75,5;8,85;90,9;53,0;4,0
2026-08-12 15:57:41;DESKTOP-22AN8KV;11,4;76,0;8,91;90,9;41,0;5,0
2026-08-12 15:57:53;DESKTOP-22AN8KV;13,8;72,2;8,46;90,9;37,0;7,0
2026-08-12 15:58:04;DESKTOP-22AN8KV;8,9;72,2;8,45;90,9;60,0;21,0
2026-08-12 15:58:16;DESKTOP-22AN8KV;8,6;72,2;8,46;90,9;38,0;9,0
2026-08-12 15:58:27;DESKTOP-22AN8KV;11,5;72,3;8,47;90,9;92,0;24,0
2026-08-12 15:58:39;DESKTOP-22AN8KV;13,8;72,5;8,5;90,9;360,0;182,0
2026-08-12 15:58:51;DESKTOP-22AN8KV;9,3;72,4;8,49;90,9;163,0;22,0
2026-08-12 15:59:02;DESKTOP-22AN8KV;12,8;71,7;8,4;90,9;48,0;189,0
2026-08-12 15:59:14;DESKTOP-22AN8KV;14,0;73,0;8,55;90,9;110,0;35,0
2026-08-12 15:59:25;DESKTOP-22AN8KV;8,7;72,7;8,52;90,9;67,0;24,0
2026-08-12 15:59:37;DESKTOP-22AN8KV;9,6;72,3;8,47;90,9;115,0;27,0
2026-08-12 15:59:48;DESKTOP-22AN8KV;9,1;72,2;8,46;90,9;472,0;25,0
2026-08-12 16:00:00;DESKTOP-22AN8KV;9,8;72,6;8,5;90,9;44,0;22,0
2026-08-12 16:00:11;DESKTOP-22AN8KV;13,3;73,6;8,62;90,9;92,0;69,0
2026-08-12 16:00:23;DESKTOP-22AN8KV;11,3;73,8;8,64;90,9;56,0;19,0
2026-08-12 16:00:34;DESKTOP-22AN8KV;15,6;75,0;8,79;90,9;410,0;42,0
2026-08-12 16:00:46;DESKTOP-22AN8KV;16,0;75,7;8,87;90,9;265,0;20,0
2026-08-12 16:00:57;DESKTOP-22AN8KV;8,0;75,1;8,8;90,9;35,0;9,0
